user_id,first_name,last_name,age,city,plan,cant_mensajes,cant_caracteres,cant_llamadas,cant_min_llamada,year,reg_date,churn_date,limite_cant_llamadas,limite_cant_min_llamada,limite_cant_mensajes,limite_cant_caracteres
10000,Carlos,Garcia,38.0,Medellín,Basico,7,258.0,3,23.700000000000003,2022.0,2022-01-01 00:00:00+00:00,,3,23.700000000000003,7,258.0
10001,Mateo,Torres,53.0,Desconocido,Basico,5,226.0,10,33.18,2022.0,2022-01-01 06:34:17.914478619+00:00,,10,33.18,5,226.0
10002,Sofia,Ramirez,57.0,CDMX,Basico,5,225.0,2,10.74,2022.0,2022-01-01 13:08:35.828957239+00:00,,2,10.74,5,225.0
10003,Mateo,Ramirez,69.0,Bogotá,Premium,11,530.0,3,8.99,2022.0,2022-01-01 19:42:53.743435858+00:00,,3,8.99,11,530.0
10004,Mateo,Torres,63.0,GDL,Basico,4,229.0,3,8.01,2022.0,2022-01-02 02:17:11.657914478+00:00,,3,8.01,4,229.0
10005,Luis,Garcia,61.0,MTY,Basico,5,231.0,7,44.97,2022.0,2022-01-02 08:51:29.572393098+00:00,,7,44.97,5,231.0
10006,Sofia,Lopez,39.0,Bogotá,Basico,3,185.0,5,28.39,2022.0,2022-01-02 15:25:47.486871717+00:00,,5,28.39,3,185.0
10007,Sofia,Gomez,70.0,Medellín,Premium,3,131.0,5,30.23,2022.0,2022-01-02 22:00:05.401350337+00:00,,5,30.23,3,131.0
10008,Sofia,Garcia,76.0,CDMX,Basico,5,240.0,5,28.85,2022.0,2022-01-03 04:34:23.315828957+00:00,,5,28.85,5,240.0
10009,Mateo,Torres,47.0,Bogotá,Basico,5,227.0,3,5.99,2022.0,2022-01-03 11:08:41.230307576+00:00,,3,5.99,5,227.0
10010,Carlos,Gomez,67.0,Bogotá,Basico,7,373.0,7,24.12,2022.0,2022-01-03 17:42:59.144786196+00:00,,7,24.12,7,373.0
10011,Sofia,Ramirez,60.0,Bogotá,Premium,10,550.0,3,6.51,2022.0,2022-01-04 00:17:17.059264816+00:00,,3,6.51,10,550.0
10012,Mariana,Lopez,48.0,Medellín,Premium,6,271.0,1,3.33,2022.0,2022-01-04 06:51:34.973743435+00:00,,1,3.33,6,271.0
10013,Mateo,Ramirez,78.0,MTY,Premium,9,398.0,5,23.93,2022.0,2022-01-04 13:25:52.888222055+00:00,,5,23.93,9,398.0
10014,Luis,Torres,77.0,Desconocido,Basico,8,437.0,6,14.37,2022.0,2022-01-04 20:00:10.802700675+00:00,,6,14.37,8,437.0
10015,Carlos,Gomez,47.0,Bogotá,Basico,4,275.0,5,27.27,2022.0,2022-01-05 02:34:28.717179294+00:00,,5,27.27,4,275.0
10016,Mariana,Torres,25.0,Bogotá,Basico,3,133.0,2,18.310000000000002,2022.0,2022-01-05 09:08:46.631657914+00:00,,2,18.310000000000002,3,133.0
10017,Mariana,Gomez,51.0,Cali,Basico,4,194.0,4,10.739999999999998,2022.0,2022-01-05 15:43:04.546136534+00:00,,4,10.739999999999998,4,194.0
10018,Luis,Garcia,74.0,GDL,Basico,6,339.0,4,12.97,2022.0,2022-01-05 22:17:22.460615153+00:00,,4,12.97,6,339.0
10019,Carlos,Lopez,64.0,CDMX,Basico,5,297.0,5,28.41,2022.0,2022-01-06 04:51:40.375093773+00:00,,5,28.41,5,297.0
10020,Mateo,Garcia,26.0,Medellín,Premium,6,334.0,4,9.12,2022.0,2022-01-06 11:25:58.289572393+00:00,,4,9.12,6,334.0
10021,Ana,Garcia,68.0,Bogotá,Basico,7,402.0,7,46.46,2022.0,2022-01-06 18:00:16.204051012+00:00,,7,46.46,7,402.0
10022,Carlos,Torres,37.0,Desconocido,Basico,6,304.0,6,24.47,2022.0,2022-01-07 00:34:34.118529632+00:00,,6,24.47,6,304.0
10023,Luis,Lopez,57.0,Desconocido,Basico,6,282.0,2,3.37,2022.0,2022-01-07 07:08:52.033008252+00:00,,2,3.37,6,282.0
10024,Mariana,Gomez,42.0,MTY,Basico,5,220.0,7,30.93,2022.0,2022-01-07 13:43:09.947486871+00:00,,7,30.93,5,220.0
10025,Mateo,Gomez,36.0,Bogotá,Premium,3,128.0,5,25.46,2022.0,2022-01-07 20:17:27.861965491+00:00,,5,25.46,3,128.0
10026,Carlos,Ramirez,22.0,Bogotá,Premium,3,169.0,3,6.47,2022.0,2022-01-08 02:51:45.776444111+00:00,,3,6.47,3,169.0
10027,Ana,Gomez,28.0,MTY,Premium,8,451.0,7,84.77,2022.0,2022-01-08 09:26:03.690922730+00:00,,7,82.19759999999998,8,451.0
10028,Ana,Torres,32.0,Cali,Basico,5,282.0,1,2.94,2022.0,2022-01-08 16:00:21.605401350+00:00,,1,2.94,5,282.0
10029,Sofia,Garcia,25.0,Cali,Basico,8,375.0,2,5.7299999999999995,2022.0,2022-01-08 22:34:39.519879970+00:00,,2,5.7299999999999995,8,375.0
10030,Sofia,Garcia,36.0,Bogotá,Basico,7,253.0,4,16.03,2022.0,2022-01-09 05:08:57.434358589+00:00,,4,16.03,7,253.0
10031,Luis,Garcia,40.0,CDMX,Premium,8,314.0,2,6.45,2022.0,2022-01-09 11:43:15.348837209+00:00,,2,6.45,8,314.0
10032,Carlos,Lopez,44.0,MTY,Premium,8,413.0,2,19.119999999999997,2022.0,2022-01-09 18:17:33.263315829+00:00,2024-06-13 23:06:40+00:00,2,19.119999999999997,8,413.0
10033,Carlos,Gomez,57.0,GDL,Premium,2,110.0,5,42.5,2022.0,2022-01-10 00:51:51.177794448+00:00,,5,42.5,2,110.0
10034,Mariana,Torres,49.0,Cali,Basico,11,516.0,5,17.57,2022.0,2022-01-10 07:26:09.092273068+00:00,,5,17.57,11,516.0
10035,Mariana,Lopez,43.0,CDMX,Basico,2,148.0,2,3.8299999999999996,2022.0,2022-01-10 14:00:27.006751688+00:00,,2,3.8299999999999996,2,148.0
10036,Mariana,Ramirez,44.0,Cali,Basico,10,553.0,2,2.99,2022.0,2022-01-10 20:34:44.921230307+00:00,,2,2.99,10,553.0
10037,Sofia,Torres,79.0,Medellín,Premium,5,215.0,2,4.12,2022.0,2022-01-11 03:09:02.835708927+00:00,,2,4.12,5,215.0
10038,Carlos,Torres,36.0,Medellín,Premium,4,242.0,4,11.75,2022.0,2022-01-11 09:43:20.750187547+00:00,2024-09-12 00:13:20+00:00,4,11.75,4,242.0
10039,Carlos,Torres,67.0,Bogotá,Premium,9,436.0,5,27.21,2022.0,2022-01-11 16:17:38.664666166+00:00,,5,27.21,9,436.0
10040,Ana,Garcia,59.0,Medellín,Basico,3,128.0,4,32.34,,,,4,32.34,3,128.0
10041,Sofia,Torres,46.0,Medellín,Basico,4,217.0,3,14.4,2022.0,2022-01-12 05:26:14.493623405+00:00,,3,14.4,4,217.0
10042,Mateo,Gomez,56.0,Cali,Basico,4,110.0,4,32.25,2022.0,2022-01-12 12:00:32.408102025+00:00,2024-07-22 23:13:20+00:00,4,32.25,4,110.0
10043,Sofia,Torres,77.0,Bogotá,Basico,2,91.0,5,34.93,2022.0,2022-01-12 18:34:50.322580645+00:00,,5,34.93,2,91.0
10044,Mateo,Garcia,58.0,Bogotá,Basico,8,384.0,1,6.3,2022.0,2022-01-13 01:09:08.237059264+00:00,2024-11-10 00:53:20+00:00,1,6.3,8,384.0
10045,Ana,Torres,50.0,Medellín,Basico,7,355.0,5,26.43,2022.0,2022-01-13 07:43:26.151537884+00:00,,5,26.43,7,355.0
10046,Luis,Ramirez,36.0,CDMX,Premium,6,277.0,6,32.39,2022.0,2022-01-13 14:17:44.066016504+00:00,,6,32.39,6,277.0
10047,Carlos,Ramirez,54.0,Bogotá,Premium,4,206.0,2,7.3,2022.0,2022-01-13 20:52:01.980495123+00:00,2024-10-08 23:26:40+00:00,2,7.3,4,206.0
10048,Ana,Garcia,36.0,Desconocido,Basico,3,148.0,1,6.58,2022.0,2022-01-14 03:26:19.894973743+00:00,,1,6.58,3,148.0
10049,Carlos,Gomez,50.0,CDMX,Basico,7,276.0,4,20.18,2022.0,2022-01-14 10:00:37.809452363+00:00,,4,20.18,7,276.0
10050,Mariana,Gomez,64.0,MTY,Basico,4,188.0,1,14.52,2022.0,2022-01-14 16:34:55.723930982+00:00,,1,14.52,4,188.0
10051,Luis,Lopez,33.0,MTY,Premium,6,389.0,2,9.35,2022.0,2022-01-14 23:09:13.638409602+00:00,,2,9.35,6,389.0
10052,Luis,Garcia,40.0,Medellín,Basico,4,268.0,3,27.990000000000002,2022.0,2022-01-15 05:43:31.552888222+00:00,,3,27.990000000000002,4,268.0
10053,Ana,Torres,24.0,CDMX,Basico,4,176.0,7,32.2,2022.0,2022-01-15 12:17:49.467366841+00:00,,7,32.2,4,176.0
10054,Luis,Garcia,43.0,Medellín,Premium,6,278.0,2,1.19,2022.0,2022-01-15 18:52:07.381845461+00:00,2024-08-13 00:46:40+00:00,2,1.19,6,278.0
10055,Mateo,Lopez,49.0,CDMX,Basico,8,416.0,5,30.38,2022.0,2022-01-16 01:26:25.296324081+00:00,,5,30.38,8,416.0
10056,Luis,Garcia,29.0,CDMX,Basico,6,361.0,3,27.34,,,2024-07-25 01:13:20+00:00,3,27.34,6,361.0
10057,Carlos,Garcia,25.0,Medellín,Premium,5,177.0,5,13.73,2022.0,2022-01-16 14:35:01.125281320+00:00,,5,13.73,5,177.0
10058,Carlos,Lopez,22.0,MTY,Premium,2,92.0,9,37.73,2022.0,2022-01-16 21:09:19.039759940+00:00,,9,37.73,2,92.0
10059,Carlos,Gomez,59.0,Desconocido,Premium,6,320.0,3,38.790000000000006,2022.0,2022-01-17 03:43:36.954238559+00:00,,3,38.790000000000006,6,320.0
10060,Carlos,Torres,45.0,CDMX,Basico,6,365.0,7,39.2,,,,7,39.2,6,365.0
10061,Mateo,Lopez,70.0,Bogotá,Basico,9,390.0,7,26.009999999999998,2022.0,2022-01-17 16:52:12.783195799+00:00,,7,26.009999999999998,9,390.0
10062,Sofia,Ramirez,22.0,CDMX,Premium,6,232.0,2,3.62,2022.0,2022-01-17 23:26:30.697674418+00:00,,2,3.62,6,232.0
10063,Mariana,Gomez,66.0,MTY,Basico,8,358.0,4,11.700000000000001,2022.0,2022-01-18 06:00:48.612153038+00:00,,4,11.700000000000001,8,358.0
10064,Ana,Ramirez,43.0,Desconocido,Premium,9,421.0,2,8.559999999999999,2022.0,2022-01-18 12:35:06.526631658+00:00,,2,8.559999999999999,9,421.0
10065,Carlos,Gomez,22.0,Desconocido,Premium,5,309.0,3,34.48,2022.0,2022-01-18 19:09:24.441110277+00:00,,3,34.48,5,309.0
10066,Luis,Torres,39.0,CDMX,Premium,6,259.0,3,14.350000000000001,2022.0,2022-01-19 01:43:42.355588897+00:00,,3,14.350000000000001,6,259.0
10067,Carlos,Torres,32.0,Bogotá,Basico,5,393.0,5,19.48,2022.0,2022-01-19 08:18:00.270067517+00:00,,5,19.48,5,393.0
10068,Luis,Garcia,30.0,Medellín,Basico,4,169.0,3,13.96,2022.0,2022-01-19 14:52:18.184546136+00:00,,3,13.96,4,169.0
10069,Mariana,Ramirez,45.0,GDL,Basico,3,167.0,7,38.12,2022.0,2022-01-19 21:26:36.099024756+00:00,2024-08-02 23:06:40+00:00,7,38.12,3,167.0
10070,Mariana,Gomez,50.0,CDMX,Premium,6,294.0,3,17.41,,,,3,17.41,6,294.0
10071,Mariana,Torres,60.0,Desconocido,Basico,11,2007.0,4,12.68,2022.0,2022-01-20 10:35:11.927981995+00:00,,4,12.68,11,724.02
10072,Luis,Lopez,40.0,Desconocido,Basico,6,261.0,5,29.389999999999997,2022.0,2022-01-20 17:09:29.842460615+00:00,,5,29.389999999999997,6,261.0
10073,Carlos,Torres,50.0,Desconocido,Basico,6,347.0,10,53.199999999999996,2022.0,2022-01-20 23:43:47.756939235+00:00,2024-10-05 23:13:20+00:00,10,53.199999999999996,6,347.0
10074,Mariana,Lopez,60.0,Cali,Basico,3,206.0,6,28.779999999999998,2022.0,2022-01-21 06:18:05.671417854+00:00,,6,28.779999999999998,3,206.0
10075,Mateo,Gomez,35.0,Medellín,Basico,5,193.0,6,17.369999999999997,2022.0,2022-01-21 12:52:23.585896474+00:00,,6,17.369999999999997,5,193.0
10076,Luis,Torres,67.0,MTY,Basico,9,374.0,0,0.0,2022.0,2022-01-21 19:26:41.500375094+00:00,2024-12-13 00:33:20+00:00,0,0.0,9,374.0
10077,Luis,Torres,70.0,CDMX,Premium,5,243.0,4,15.540000000000001,2022.0,2022-01-22 02:00:59.414853713+00:00,,4,15.540000000000001,5,243.0
10078,Carlos,Gomez,47.0,CDMX,Basico,7,358.0,4,8.99,2022.0,2022-01-22 08:35:17.329332333+00:00,,4,8.99,7,358.0
10079,Luis,Torres,43.0,Medellín,Basico,5,294.0,5,36.25,2022.0,2022-01-22 15:09:35.243810952+00:00,,5,36.25,5,294.0
10080,Luis,Lopez,33.0,Cali,Premium,5,271.0,5,50.739999999999995,2022.0,2022-01-22 21:43:53.158289572+00:00,,5,50.739999999999995,5,271.0
10081,Mariana,Torres,30.0,Cali,Premium,5,207.0,5,28.88,2022.0,2022-01-23 04:18:11.072768192+00:00,,5,28.88,5,207.0
10082,Carlos,Ramirez,56.0,Desconocido,Basico,4,137.0,5,38.85,2022.0,2022-01-23 10:52:28.987246811+00:00,2024-08-25 23:53:20+00:00,5,38.85,4,137.0
10083,Mariana,Garcia,50.0,Desconocido,Basico,4,250.0,7,35.77,2022.0,2022-01-23 17:26:46.901725431+00:00,,7,35.77,4,250.0
10084,Mariana,Lopez,43.0,Desconocido,Premium,5,227.0,2,5.05,2022.0,2022-01-24 00:01:04.816204051+00:00,2024-12-27 22:53:20+00:00,2,5.05,5,227.0
10085,Carlos,Ramirez,65.0,GDL,Basico,6,357.0,5,152.35999999999999,2022.0,2022-01-24 06:35:22.730682670+00:00,,5,82.19759999999998,6,357.0
10086,Ana,Gomez,18.0,Cali,Basico,7,320.0,5,17.52,2022.0,2022-01-24 13:09:40.645161290+00:00,,5,17.52,7,320.0
10087,Mariana,Lopez,66.0,Bogotá,Basico,4,186.0,4,18.49,2022.0,2022-01-24 19:43:58.559639910+00:00,,4,18.49,4,186.0
10088,Mateo,Garcia,55.0,GDL,Basico,6,263.0,3,9.7,2022.0,2022-01-25 02:18:16.474118529+00:00,,3,9.7,6,263.0
10089,Mateo,Garcia,19.0,Desconocido,Basico,5,292.0,3,14.260000000000002,2022.0,2022-01-25 08:52:34.388597149+00:00,,3,14.260000000000002,5,292.0
10090,Luis,Gomez,66.0,Desconocido,Premium,7,411.0,8,32.629999999999995,2022.0,2022-01-25 15:26:52.303075769+00:00,,8,32.629999999999995,7,411.0
10091,Mateo,Gomez,23.0,CDMX,Premium,3,129.0,3,17.3,2022.0,2022-01-25 22:01:10.217554388+00:00,,3,17.3,3,129.0
10092,Luis,Lopez,63.0,CDMX,Basico,7,281.0,1,11.26,2022.0,2022-01-26 04:35:28.132033008+00:00,,1,11.26,7,281.0
10093,Ana,Torres,67.0,Medellín,Basico,2,90.0,7,71.57,2022.0,2022-01-26 11:09:46.046511628+00:00,,7,71.57,2,90.0
10094,Carlos,Gomez,55.0,Medellín,Basico,4,169.0,2,15.84,2022.0,2022-01-26 17:44:03.960990247+00:00,,2,15.84,4,169.0
10095,Carlos,Torres,59.0,Desconocido,Basico,9,481.0,9,28.240000000000002,2022.0,2022-01-27 00:18:21.875468867+00:00,,9,28.240000000000002,9,481.0
10096,Carlos,Ramirez,41.0,GDL,Basico,9,410.0,4,29.81,2022.0,2022-01-27 06:52:39.789947487+00:00,,4,29.81,9,410.0
10097,Mateo,Garcia,35.0,CDMX,Premium,5,208.0,5,11.200000000000001,2022.0,2022-01-27 13:26:57.704426106+00:00,,5,11.200000000000001,5,208.0
10098,Ana,Torres,44.0,GDL,Premium,5,260.0,3,17.869999999999997,2022.0,2022-01-27 20:01:15.618904726+00:00,,3,17.869999999999997,5,260.0
10099,Mateo,Garcia,58.0,CDMX,Basico,3,135.0,4,22.78,2022.0,2022-01-28 02:35:33.533383346+00:00,2024-06-05 23:26:40+00:00,4,22.78,3,135.0
10100,Mateo,Torres,25.0,CDMX,Premium,9,362.0,2,12.34,2022.0,2022-01-28 09:09:51.447861965+00:00,,2,12.34,9,362.0
10101,Ana,Ramirez,45.0,Desconocido,Basico,7,372.0,5,17.08,2022.0,2022-01-28 15:44:09.362340585+00:00,,5,17.08,7,372.0
10102,Ana,Gomez,27.0,MTY,Basico,5,268.0,6,36.51,2022.0,2022-01-28 22:18:27.276819205+00:00,,6,36.51,5,268.0
10103,Ana,Ramirez,34.0,Bogotá,Basico,7,370.0,3,15.03,2022.0,2022-01-29 04:52:45.191297824+00:00,,3,15.03,7,370.0
10104,Ana,Gomez,72.0,CDMX,Premium,5,262.0,4,11.09,2022.0,2022-01-29 11:27:03.105776444+00:00,2024-07-16 00:33:20+00:00,4,11.09,5,262.0
10105,Carlos,Gomez,79.0,GDL,Premium,5,214.0,3,9.15,2022.0,2022-01-29 18:01:21.020255064+00:00,,3,9.15,5,214.0
10106,Sofia,Garcia,46.0,Cali,Premium,11,453.0,5,19.07,2022.0,2022-01-30 00:35:38.934733683+00:00,,5,19.07,11,453.0
10107,Sofia,Ramirez,75.0,Medellín,Basico,6,324.0,4,14.08,2022.0,2022-01-30 07:09:56.849212303+00:00,,4,14.08,6,324.0
10108,Ana,Torres,23.0,Cali,Basico,6,248.0,6,30.22,2022.0,2022-01-30 13:44:14.763690923+00:00,,6,30.22,6,248.0
10109,Sofia,Ramirez,31.0,Bogotá,Basico,7,323.0,4,15.440000000000001,2022.0,2022-01-30 20:18:32.678169542+00:00,,4,15.440000000000001,7,323.0
10110,Sofia,Garcia,39.0,MTY,Basico,7,370.0,3,14.81,2022.0,2022-01-31 02:52:50.592648162+00:00,,3,14.81,7,370.0
10111,Ana,Gomez,71.0,Bogotá,Basico,6,243.0,2,11.68,2022.0,2022-01-31 09:27:08.507126782+00:00,,2,11.68,6,243.0
10112,Sofia,Garcia,23.0,MTY,Premium,2,83.0,8,25.580000000000002,2022.0,2022-01-31 16:01:26.421605401+00:00,,8,25.580000000000002,2,83.0
10113,Mateo,Lopez,43.0,Cali,Premium,4,188.0,3,16.240000000000002,2022.0,2022-01-31 22:35:44.336084021+00:00,,3,16.240000000000002,4,188.0
10114,Luis,Lopez,56.0,GDL,Basico,3,159.0,5,27.91,2022.0,2022-02-01 05:10:02.250562641+00:00,,5,27.91,3,159.0
10115,Luis,Torres,29.0,Medellín,Basico,7,377.0,2,12.78,2022.0,2022-02-01 11:44:20.165041260+00:00,,2,12.78,7,377.0
10116,Ana,Garcia,52.0,CDMX,Basico,3,172.0,11,44.32,2022.0,2022-02-01 18:18:38.079519880+00:00,,10,44.32,3,172.0
10117,Carlos,Torres,31.0,Medellín,Premium,5,283.0,3,7.68,2022.0,2022-02-02 00:52:55.993998500+00:00,2024-12-13 00:33:20+00:00,3,7.68,5,283.0
10118,Ana,Torres,39.0,Desconocido,Premium,4,171.0,4,7.44,2022.0,2022-02-02 07:27:13.908477119+00:00,,4,7.44,4,171.0
10119,Carlos,Lopez,68.0,Medellín,Premium,4,220.0,4,18.78,2022.0,2022-02-02 14:01:31.822955739+00:00,,4,18.78,4,220.0
10120,Luis,Torres,40.0,Bogotá,Basico,7,409.0,3,24.380000000000003,2022.0,2022-02-02 20:35:49.737434359+00:00,,3,24.380000000000003,7,409.0
10121,Ana,Lopez,65.0,Desconocido,Basico,2,80.0,6,28.11,2022.0,2022-02-03 03:10:07.651912978+00:00,2024-08-07 00:20:00+00:00,6,28.11,2,80.0
10122,Mariana,Gomez,24.0,Medellín,Premium,2,34.0,9,34.84,2022.0,2022-02-03 09:44:25.566391598+00:00,,9,34.84,2,34.0
10123,Mateo,Garcia,57.0,GDL,Premium,10,493.0,2,9.4,2022.0,2022-02-03 16:18:43.480870217+00:00,,2,9.4,10,493.0
10124,Sofia,Torres,67.0,GDL,Basico,8,413.0,7,27.310000000000002,2022.0,2022-02-03 22:53:01.395348837+00:00,,7,27.310000000000002,8,413.0
10125,Carlos,Lopez,42.0,Medellín,Basico,5,238.0,6,28.41,2022.0,2022-02-04 05:27:19.309827457+00:00,,6,28.41,5,238.0
10126,Mariana,Ramirez,30.0,Medellín,Basico,6,248.0,6,25.02,2022.0,2022-02-04 12:01:37.224306076+00:00,,6,25.02,6,248.0
10127,Sofia,Torres,38.0,MTY,Premium,2,77.0,1,3.97,2022.0,2022-02-04 18:35:55.138784696+00:00,,1,3.97,2,77.0
10128,Sofia,Gomez,58.0,MTY,Premium,3,193.0,3,3.0100000000000002,2022.0,2022-02-05 01:10:13.053263316+00:00,,3,3.0100000000000002,3,193.0
10129,Ana,Gomez,27.0,Desconocido,Premium,8,396.0,4,11.34,2022.0,2022-02-05 07:44:30.967741935+00:00,,4,11.34,8,396.0
10130,Sofia,Ramirez,70.0,CDMX,Basico,6,280.0,5,13.16,2022.0,2022-02-05 14:18:48.882220555+00:00,,5,13.16,6,280.0
10131,Mateo,Lopez,72.0,Bogotá,Basico,1,76.0,4,13.77,2022.0,2022-02-05 20:53:06.796699175+00:00,,4,13.77,1,76.0
10132,Mariana,Torres,76.0,CDMX,Basico,10,449.0,3,17.080000000000002,2022.0,2022-02-06 03:27:24.711177794+00:00,,3,17.080000000000002,10,449.0
10133,Sofia,Lopez,26.0,Cali,Premium,6,316.0,0,0.0,2022.0,2022-02-06 10:01:42.625656414+00:00,2024-12-02 00:40:00+00:00,0,0.0,6,316.0
10134,Ana,Gomez,32.0,CDMX,Basico,7,269.0,1,0.6,2022.0,2022-02-06 16:36:00.540135034+00:00,,1,0.6,7,269.0
10135,Mateo,Lopez,69.0,Medellín,Premium,6,265.0,6,21.91,2022.0,2022-02-06 23:10:18.454613653+00:00,,6,21.91,6,265.0
10136,Luis,Gomez,19.0,CDMX,Basico,3,164.0,1,3.44,2022.0,2022-02-07 05:44:36.369092273+00:00,,1,3.44,3,164.0
10137,Mariana,Lopez,42.0,Medellín,Premium,5,256.0,8,34.52,2022.0,2022-02-07 12:18:54.283570893+00:00,,8,34.52,5,256.0
10138,Sofia,Ramirez,30.0,Cali,Premium,4,283.0,4,19.42,2022.0,2022-02-07 18:53:12.198049512+00:00,,4,19.42,4,283.0
10139,Ana,Garcia,51.0,MTY,Basico,6,317.0,1,7.93,2022.0,2022-02-08 01:27:30.112528132+00:00,,1,7.93,6,317.0
10140,Luis,Ramirez,68.0,Bogotá,Premium,9,398.0,1,4.37,2022.0,2022-02-08 08:01:48.027006752+00:00,,1,4.37,9,398.0
10141,Luis,Ramirez,75.0,Bogotá,Basico,4,246.0,4,3.92,2022.0,2022-02-08 14:36:05.941485371+00:00,,4,3.92,4,246.0
10142,Carlos,Garcia,51.0,MTY,Basico,7,326.0,1,2.08,2022.0,2022-02-08 21:10:23.855963991+00:00,,1,2.08,7,326.0
10143,Mateo,Garcia,52.0,Cali,Basico,3,193.0,2,6.67,2022.0,2022-02-09 03:44:41.770442611+00:00,,2,6.67,3,193.0
10144,Sofia,Torres,55.0,GDL,Premium,10,486.0,4,4.789999999999999,2022.0,2022-02-09 10:18:59.684921230+00:00,,4,4.789999999999999,10,486.0
10145,Ana,Torres,20.0,Medellín,Premium,4,218.0,3,8.3,2022.0,2022-02-09 16:53:17.599399850+00:00,2024-10-25 23:46:40+00:00,3,8.3,4,218.0
10146,Carlos,Ramirez,48.0,GDL,Basico,8,297.0,9,28.21,2022.0,2022-02-09 23:27:35.513878470+00:00,,9,28.21,8,297.0
10147,Mateo,Ramirez,59.0,GDL,Premium,2,101.0,5,26.63,2022.0,2022-02-10 06:01:53.428357089+00:00,2024-06-10 00:40:00+00:00,5,26.63,2,101.0
10148,Carlos,Gomez,73.0,MTY,Premium,3,166.0,4,23.6,2022.0,2022-02-10 12:36:11.342835709+00:00,,4,23.6,3,166.0
10149,Mariana,Gomez,76.0,Bogotá,Premium,3,157.0,4,22.66,2022.0,2022-02-10 19:10:29.257314329+00:00,,4,22.66,3,157.0
10150,Mateo,Torres,23.0,Bogotá,Basico,7,375.0,2,14.57,2022.0,2022-02-11 01:44:47.171792948+00:00,2024-06-26 00:00:00+00:00,2,14.57,7,375.0
10151,Mateo,Torres,72.0,Medellín,Basico,10,444.0,1,4.62,2022.0,2022-02-11 08:19:05.086271568+00:00,,1,4.62,10,444.0
10152,Sofia,Gomez,65.0,GDL,Premium,6,347.0,8,50.010000000000005,2022.0,2022-02-11 14:53:23.000750188+00:00,,8,50.010000000000005,6,347.0
10153,Mateo,Gomez,66.0,CDMX,Basico,3,133.0,7,21.89,2022.0,2022-02-11 21:27:40.915228807+00:00,,7,21.89,3,133.0
10154,Carlos,Lopez,36.0,Cali,Basico,6,356.0,1,0.34,2022.0,2022-02-12 04:01:58.829707427+00:00,,1,0.34,6,356.0
10155,Mateo,Lopez,20.0,Cali,Premium,8,389.0,3,9.67,2022.0,2022-02-12 10:36:16.744186046+00:00,,3,9.67,8,389.0
10156,Sofia,Gomez,35.0,CDMX,Basico,4,182.0,3,3.19,2022.0,2022-02-12 17:10:34.658664666+00:00,,3,3.19,4,182.0
10157,Sofia,Lopez,56.0,Medellín,Premium,6,352.0,4,6.9399999999999995,2022.0,2022-02-12 23:44:52.573143286+00:00,,4,6.9399999999999995,6,352.0
10158,Mariana,Garcia,26.0,MTY,Basico,8,408.0,7,32.81,2022.0,2022-02-13 06:19:10.487621905+00:00,2024-08-30 23:20:00+00:00,7,32.81,8,408.0
10159,Carlos,Torres,69.0,Cali,Premium,11,538.0,3,19.729999999999997,2022.0,2022-02-13 12:53:28.402100525+00:00,,3,19.729999999999997,11,538.0
10160,Luis,Torres,29.0,Desconocido,Basico,8,396.0,2,9.3,2022.0,2022-02-13 19:27:46.316579145+00:00,,2,9.3,8,396.0
10161,Luis,Gomez,22.0,Desconocido,Basico,4,233.0,6,15.86,2022.0,2022-02-14 02:02:04.231057764+00:00,,6,15.86,4,233.0
10162,Mateo,Ramirez,20.0,Cali,Basico,7,304.0,6,19.17,2022.0,2022-02-14 08:36:22.145536384+00:00,,6,19.17,7,304.0
10163,Mariana,Gomez,28.0,GDL,Premium,7,368.0,6,42.56,2022.0,2022-02-14 15:10:40.060015004+00:00,,6,42.56,7,368.0
10164,Ana,Lopez,74.0,Cali,Premium,4,245.0,5,23.59,2022.0,2022-02-14 21:44:57.974493623+00:00,,5,23.59,4,245.0
10165,Mateo,Ramirez,47.0,Bogotá,Basico,6,392.0,4,9.43,2022.0,2022-02-15 04:19:15.888972243+00:00,,4,9.43,6,392.0
10166,Mariana,Lopez,21.0,CDMX,Basico,9,348.0,4,15.12,2022.0,2022-02-15 10:53:33.803450863+00:00,2024-06-26 00:00:00+00:00,4,15.12,9,348.0
10167,Carlos,Garcia,22.0,Bogotá,Basico,5,254.0,4,23.53,2022.0,2022-02-15 17:27:51.717929482+00:00,,4,23.53,5,254.0
10168,Carlos,Lopez,18.0,Desconocido,Basico,7,393.0,4,8.03,2022.0,2022-02-16 00:02:09.632408102+00:00,,4,8.03,7,393.0
10169,Carlos,Garcia,44.0,Desconocido,Premium,4,160.0,4,8.07,2022.0,2022-02-16 06:36:27.546886722+00:00,,4,8.07,4,160.0
10170,Carlos,Garcia,45.0,CDMX,Basico,4,190.0,5,19.17,2022.0,2022-02-16 13:10:45.461365341+00:00,,5,19.17,4,190.0
10171,Carlos,Lopez,48.0,Medellín,Basico,3,135.0,8,38.72,2022.0,2022-02-16 19:45:03.375843961+00:00,2024-08-15 00:00:00+00:00,8,38.72,3,135.0
10172,Mariana,Lopez,46.0,Cali,Premium,8,328.0,7,42.15,2022.0,2022-02-17 02:19:21.290322581+00:00,,7,42.15,8,328.0
10173,Mariana,Garcia,35.0,GDL,Premium,4,178.0,8,41.67,2022.0,2022-02-17 08:53:39.204801200+00:00,,8,41.67,4,178.0
10174,Sofia,Ramirez,29.0,Bogotá,Premium,5,189.0,0,0.0,2022.0,2022-02-17 15:27:57.119279820+00:00,,0,0.0,5,189.0
10175,Luis,Garcia,30.0,Medellín,Basico,2,118.0,5,30.94,2022.0,2022-02-17 22:02:15.033758440+00:00,,5,30.94,2,118.0
10176,Carlos,Torres,58.0,Bogotá,Basico,8,484.0,2,7.75,2022.0,2022-02-18 04:36:32.948237059+00:00,,2,7.75,8,484.0
10177,Ana,Garcia,19.0,CDMX,Basico,6,295.0,2,6.119999999999999,2022.0,2022-02-18 11:10:50.862715679+00:00,,2,6.119999999999999,6,295.0
10178,Mariana,Ramirez,54.0,Medellín,Basico,7,378.0,6,30.57,2022.0,2022-02-18 17:45:08.777194299+00:00,,6,30.57,7,378.0
10179,Ana,Torres,62.0,Desconocido,Premium,4,226.0,6,31.93,2022.0,2022-02-19 00:19:26.691672918+00:00,,6,31.93,4,226.0
10180,Ana,Gomez,33.0,Medellín,Premium,7,434.0,4,12.21,2022.0,2022-02-19 06:53:44.606151538+00:00,2024-10-14 23:53:20+00:00,4,12.21,7,434.0
10181,Ana,Gomez,65.0,Cali,Basico,2,85.0,2,26.08,2022.0,2022-02-19 13:28:02.520630158+00:00,,2,26.08,2,85.0
10182,Sofia,Ramirez,41.0,MTY,Basico,5,259.0,5,20.16,2022.0,2022-02-19 20:02:20.435108777+00:00,2024-07-05 22:53:20+00:00,5,20.16,5,259.0
10183,Mariana,Garcia,52.0,GDL,Basico,5,276.0,5,11.74,2022.0,2022-02-20 02:36:38.349587397+00:00,,5,11.74,5,276.0
10184,Ana,Lopez,39.0,Medellín,Basico,6,345.0,6,57.31,2022.0,2022-02-20 09:10:56.264066017+00:00,,6,57.31,6,345.0
10185,Carlos,Ramirez,53.0,MTY,Basico,5,287.0,7,40.739999999999995,2022.0,2022-02-20 15:45:14.178544636+00:00,,7,40.739999999999995,5,287.0
10186,Mateo,Torres,28.0,Desconocido,Basico,2,80.0,3,22.2,2022.0,2022-02-20 22:19:32.093023256+00:00,,3,22.2,2,80.0
10187,Ana,Torres,72.0,CDMX,Basico,7,415.0,2,10.620000000000001,2022.0,2022-02-21 04:53:50.007501875+00:00,,2,10.620000000000001,7,415.0
10188,Sofia,Gomez,75.0,Bogotá,Basico,2,82.0,9,49.86,2022.0,2022-02-21 11:28:07.921980495+00:00,,9,49.86,2,82.0
10189,Mariana,Torres,63.0,MTY,Basico,9,463.0,4,155.42,2022.0,2022-02-21 18:02:25.836459115+00:00,,4,82.19759999999998,9,463.0
10190,Sofia,Ramirez,46.0,Desconocido,Basico,2,159.0,6,22.810000000000002,2022.0,2022-02-22 00:36:43.750937734+00:00,,6,22.810000000000002,2,159.0
10191,Ana,Torres,52.0,CDMX,Basico,5,294.0,5,34.89,2022.0,2022-02-22 07:11:01.665416354+00:00,,5,34.89,5,294.0
10192,Mariana,Ramirez,65.0,CDMX,Premium,11,559.0,5,40.24,2022.0,2022-02-22 13:45:19.579894974+00:00,,5,40.24,11,559.0
10193,Mateo,Lopez,71.0,GDL,Basico,3,138.0,7,26.88,2022.0,2022-02-22 20:19:37.494373594+00:00,,7,26.88,3,138.0
10194,Ana,Gomez,32.0,Cali,Basico,5,337.0,5,6.66,2022.0,2022-02-23 02:53:55.408852213+00:00,,5,6.66,5,337.0
10195,Sofia,Torres,77.0,GDL,Basico,6,313.0,2,11.35,2022.0,2022-02-23 09:28:13.323330833+00:00,,2,11.35,6,313.0
10196,Luis,Ramirez,48.0,GDL,Premium,8,531.0,7,28.45,2022.0,2022-02-23 16:02:31.237809453+00:00,,7,28.45,8,531.0
10197,Carlos,Garcia,59.0,CDMX,Basico,3,182.0,2,3.56,2022.0,2022-02-23 22:36:49.152288072+00:00,,2,3.56,3,182.0
10198,Sofia,Gomez,58.0,Medellín,Basico,8,381.0,9,78.77,2022.0,2022-02-24 05:11:07.066766692+00:00,2024-10-30 23:13:20+00:00,9,78.77,8,381.0
10199,Mariana,Lopez,60.0,CDMX,Basico,8,459.0,7,37.82,2022.0,2022-02-24 11:45:24.981245312+00:00,,7,37.82,8,459.0
10200,Ana,Ramirez,33.0,MTY,Basico,7,386.0,6,38.39,2022.0,2022-02-24 18:19:42.895723931+00:00,,6,38.39,7,386.0
10201,Carlos,Lopez,27.0,GDL,Premium,5,131.0,5,11.08,2022.0,2022-02-25 00:54:00.810202551+00:00,,5,11.08,5,131.0
10202,Ana,Lopez,66.0,Bogotá,Premium,5,297.0,2,8.02,2022.0,2022-02-25 07:28:18.724681171+00:00,,2,8.02,5,297.0
10203,Mariana,Torres,49.0,Medellín,Premium,6,381.0,1,3.49,2022.0,2022-02-25 14:02:36.639159790+00:00,,1,3.49,6,381.0
10204,Ana,Torres,68.0,Bogotá,Basico,7,294.0,2,2.05,2022.0,2022-02-25 20:36:54.553638410+00:00,,2,2.05,7,294.0
10205,Luis,Ramirez,19.0,Desconocido,Premium,4,134.0,10,52.47,2022.0,2022-02-26 03:11:12.468117030+00:00,,10,52.47,4,134.0
10206,Carlos,Garcia,41.0,Desconocido,Basico,1,65.0,2,8.67,2022.0,2022-02-26 09:45:30.382595649+00:00,,2,8.67,1,65.0
10207,Carlos,Ramirez,40.0,MTY,Basico,4,259.0,4,22.69,2022.0,2022-02-26 16:19:48.297074269+00:00,,4,22.69,4,259.0
10208,Mariana,Garcia,19.0,Cali,Basico,5,257.0,4,19.06,2022.0,2022-02-26 22:54:06.211552888+00:00,,4,19.06,5,257.0
10209,Luis,Lopez,55.0,Medellín,Basico,2,130.0,3,13.19,2022.0,2022-02-27 05:28:24.126031508+00:00,,3,13.19,2,130.0
10210,Sofia,Gomez,48.0,Desconocido,Basico,2,129.0,4,27.880000000000003,2022.0,2022-02-27 12:02:42.040510128+00:00,,4,27.880000000000003,2,129.0
10211,Ana,Ramirez,68.0,Bogotá,Premium,5,345.0,4,21.8,2022.0,2022-02-27 18:36:59.954988747+00:00,,4,21.8,5,345.0
10212,Mateo,Ramirez,57.0,Bogotá,Basico,3,192.0,7,20.03,2022.0,2022-02-28 01:11:17.869467367+00:00,,7,20.03,3,192.0
10213,Ana,Garcia,43.0,Bogotá,Basico,9,475.0,3,16.15,2022.0,2022-02-28 07:45:35.783945987+00:00,,3,16.15,9,475.0
10214,Ana,Lopez,46.0,Desconocido,Basico,9,416.0,4,7.47,2022.0,2022-02-28 14:19:53.698424606+00:00,,4,7.47,9,416.0
10215,Sofia,Lopez,20.0,GDL,Basico,11,618.0,6,20.700000000000003,2022.0,2022-02-28 20:54:11.612903226+00:00,,6,20.700000000000003,11,618.0
10216,Ana,Garcia,75.0,GDL,Premium,4,247.0,6,148.76,2022.0,2022-03-01 03:28:29.527381846+00:00,,6,82.19759999999998,4,247.0
10217,Luis,Lopez,31.0,MTY,Basico,6,313.0,4,16.509999999999998,2022.0,2022-03-01 10:02:47.441860465+00:00,,4,16.509999999999998,6,313.0
10218,Luis,Torres,42.0,GDL,Premium,5,352.0,3,2.29,2022.0,2022-03-01 16:37:05.356339085+00:00,,3,2.29,5,352.0
10219,Carlos,Gomez,65.0,Bogotá,Basico,8,412.0,1,2.44,2022.0,2022-03-01 23:11:23.270817705+00:00,,1,2.44,8,412.0
10220,Mariana,Ramirez,18.0,CDMX,Premium,5,315.0,7,22.75,2022.0,2022-03-02 05:45:41.185296324+00:00,,7,22.75,5,315.0
10221,Mateo,Gomez,70.0,MTY,Premium,6,353.0,3,12.01,2022.0,2022-03-02 12:19:59.099774944+00:00,,3,12.01,6,353.0
10222,Ana,Ramirez,20.0,Desconocido,Basico,7,406.0,8,49.37,2022.0,2022-03-02 18:54:17.014253564+00:00,,8,49.37,7,406.0
10223,Ana,Torres,71.0,Bogotá,Basico,3,130.0,1,3.13,2022.0,2022-03-03 01:28:34.928732183+00:00,,1,3.13,3,130.0
10224,Sofia,Lopez,43.0,Medellín,Premium,5,205.0,6,36.93,2022.0,2022-03-03 08:02:52.843210803+00:00,,6,36.93,5,205.0
10225,Mariana,Garcia,35.0,CDMX,Basico,2,136.0,3,19.650000000000002,2022.0,2022-03-03 14:37:10.757689423+00:00,,3,19.650000000000002,2,136.0
10226,Luis,Torres,26.0,GDL,Basico,1,7.0,1,120.0,2022.0,2022-03-03 21:11:28.672168042+00:00,,1,82.19759999999998,1,34.0
10227,Mateo,Gomez,55.0,Cali,Basico,4,165.0,1,24.7,2022.0,2022-03-04 03:45:46.586646662+00:00,,1,24.7,4,165.0
10228,Carlos,Garcia,40.0,Cali,Basico,5,273.0,5,24.189999999999998,2022.0,2022-03-04 10:20:04.501125282+00:00,2024-11-30 23:40:00+00:00,5,24.189999999999998,5,273.0
10229,Luis,Lopez,38.0,MTY,Basico,6,283.0,3,6.11,2022.0,2022-03-04 16:54:22.415603901+00:00,,3,6.11,6,283.0
10230,Mariana,Torres,74.0,Desconocido,Basico,3,151.0,7,34.92,2022.0,2022-03-04 23:28:40.330082521+00:00,,7,34.92,3,151.0
10231,Carlos,Garcia,18.0,Desconocido,Premium,2,121.0,2,3.77,2022.0,2022-03-05 06:02:58.244561141+00:00,,2,3.77,2,121.0
10232,Sofia,Torres,38.0,Desconocido,Basico,9,412.0,8,35.81,2022.0,2022-03-05 12:37:16.159039760+00:00,,8,35.81,9,412.0
10233,Sofia,Torres,44.0,Bogotá,Premium,5,268.0,2,12.649999999999999,2022.0,2022-03-05 19:11:34.073518380+00:00,,2,12.649999999999999,5,268.0
10234,Ana,Lopez,59.0,GDL,Basico,5,143.0,5,19.34,2022.0,2022-03-06 01:45:51.987997+00:00,,5,19.34,5,143.0
10235,Mariana,Ramirez,76.0,Medellín,Premium,7,391.0,3,12.6,2022.0,2022-03-06 08:20:09.902475619+00:00,,3,12.6,7,391.0
10236,Mateo,Garcia,23.0,Medellín,Premium,6,296.0,5,31.56,2022.0,2022-03-06 14:54:27.816954239+00:00,,5,31.56,6,296.0
10237,Carlos,Lopez,72.0,CDMX,Premium,5,299.0,5,9.34,2022.0,2022-03-06 21:28:45.731432859+00:00,,5,9.34,5,299.0
10238,Luis,Torres,61.0,Cali,Premium,6,339.0,4,3.76,2022.0,2022-03-07 04:03:03.645911478+00:00,2024-08-02 23:06:40+00:00,4,3.76,6,339.0
10239,Mariana,Lopez,53.0,CDMX,Premium,6,310.0,5,15.74,2022.0,2022-03-07 10:37:21.560390098+00:00,,5,15.74,6,310.0
10240,Mariana,Ramirez,45.0,Bogotá,Premium,6,350.0,5,28.49,2022.0,2022-03-07 17:11:39.474868718+00:00,,5,28.49,6,350.0
10241,Sofia,Garcia,62.0,MTY,Basico,6,211.0,5,33.379999999999995,2022.0,2022-03-07 23:45:57.389347337+00:00,,5,33.379999999999995,6,211.0
10242,Ana,Ramirez,34.0,Medellín,Basico,6,380.0,2,4.07,2022.0,2022-03-08 06:20:15.303825957+00:00,,2,4.07,6,380.0
10243,Ana,Gomez,48.0,MTY,Premium,2,72.0,5,20.75,2022.0,2022-03-08 12:54:33.218304576+00:00,,5,20.75,2,72.0
10244,Carlos,Garcia,76.0,Cali,Basico,7,254.0,4,45.38,2022.0,2022-03-08 19:28:51.132783196+00:00,,4,45.38,7,254.0
10245,Sofia,Ramirez,57.0,Bogotá,Premium,10,565.0,1,3.04,2022.0,2022-03-09 02:03:09.047261816+00:00,,1,3.04,10,565.0
10246,Mariana,Torres,75.0,Cali,Premium,2,81.0,5,19.97,2022.0,2022-03-09 08:37:26.961740435+00:00,,5,19.97,2,81.0
10247,Mateo,Garcia,69.0,Desconocido,Basico,7,298.0,7,39.92,2022.0,2022-03-09 15:11:44.876219055+00:00,,7,39.92,7,298.0
10248,Sofia,Garcia,20.0,Medellín,Premium,1,62.0,1,4.74,,,2024-08-30 23:20:00+00:00,1,4.74,1,62.0
10249,Carlos,Lopez,29.0,Desconocido,Basico,6,270.0,3,27.24,2022.0,2022-03-10 04:20:20.705176294+00:00,,3,27.24,6,270.0
10250,Carlos,Torres,56.0,CDMX,Basico,0,0.0,7,28.27,2022.0,2022-03-10 10:54:38.619654914+00:00,,7,28.27,1,34.0
10251,Sofia,Gomez,29.0,MTY,Basico,3,133.0,5,21.28,2022.0,2022-03-10 17:28:56.534133534+00:00,,5,21.28,3,133.0
10252,Carlos,Ramirez,19.0,CDMX,Basico,4,193.0,3,10.34,2022.0,2022-03-11 00:03:14.448612153+00:00,,3,10.34,4,193.0
10253,Sofia,Lopez,73.0,GDL,Basico,6,259.0,4,21.54,2022.0,2022-03-11 06:37:32.363090773+00:00,,4,21.54,6,259.0
10254,Luis,Ramirez,63.0,Cali,Basico,6,393.0,1,0.86,2022.0,2022-03-11 13:11:50.277569393+00:00,,1,0.86,6,393.0
10255,Sofia,Gomez,39.0,CDMX,Basico,9,413.0,5,41.65,2022.0,2022-03-11 19:46:08.192048012+00:00,,5,41.65,9,413.0
10256,Sofia,Gomez,40.0,Bogotá,Premium,10,435.0,4,19.770000000000003,2022.0,2022-03-12 02:20:26.106526632+00:00,,4,19.770000000000003,10,435.0
10257,Carlos,Garcia,47.0,Bogotá,Basico,3,128.0,5,25.38,2022.0,2022-03-12 08:54:44.021005252+00:00,,5,25.38,3,128.0
10258,Carlos,Gomez,22.0,Bogotá,Basico,10,483.0,5,21.85,2022.0,2022-03-12 15:29:01.935483871+00:00,,5,21.85,10,483.0
10259,Ana,Ramirez,26.0,Bogotá,Basico,5,289.0,5,35.79,2022.0,2022-03-12 22:03:19.849962491+00:00,,5,35.79,5,289.0
10260,Ana,Torres,38.0,Cali,Premium,2,84.0,5,24.5,2022.0,2022-03-13 04:37:37.764441111+00:00,,5,24.5,2,84.0
10261,Luis,Torres,28.0,CDMX,Premium,6,278.0,7,33.04,2022.0,2022-03-13 11:11:55.678919730+00:00,2024-09-13 01:13:20+00:00,7,33.04,6,278.0
10262,Ana,Garcia,22.0,MTY,Basico,6,265.0,8,66.81,2022.0,2022-03-13 17:46:13.593398350+00:00,,8,66.81,6,265.0
10263,Sofia,Ramirez,52.0,Medellín,Basico,4,163.0,3,34.99,2022.0,2022-03-14 00:20:31.507876970+00:00,,3,34.99,4,163.0
10264,Carlos,Ramirez,44.0,Medellín,Premium,2,79.0,2,24.46,2022.0,2022-03-14 06:54:49.422355589+00:00,,2,24.46,2,79.0
10265,Ana,Gomez,66.0,Bogotá,Basico,5,231.0,7,30.830000000000002,2022.0,2022-03-14 13:29:07.336834209+00:00,,7,30.830000000000002,5,231.0
10266,Ana,Ramirez,19.0,Desconocido,Basico,5,242.0,4,16.14,2022.0,2022-03-14 20:03:25.251312829+00:00,,4,16.14,5,242.0
10267,Luis,Lopez,41.0,Bogotá,Basico,6,297.0,5,26.86,2022.0,2022-03-15 02:37:43.165791448+00:00,,5,26.86,6,297.0
10268,Mariana,Gomez,48.0,Bogotá,Basico,5,214.0,4,20.509999999999998,2022.0,2022-03-15 09:12:01.080270068+00:00,,4,20.509999999999998,5,214.0
10269,Luis,Lopez,50.0,CDMX,Premium,6,209.0,3,31.85,2022.0,2022-03-15 15:46:18.994748688+00:00,,3,31.85,6,209.0
10270,Sofia,Garcia,56.0,Bogotá,Basico,3,153.0,2,7.01,2022.0,2022-03-15 22:20:36.909227307+00:00,2024-10-19 23:20:00+00:00,2,7.01,3,153.0
10271,Carlos,Torres,47.0,Medellín,Basico,3,171.0,6,26.740000000000002,2022.0,2022-03-16 04:54:54.823705927+00:00,,6,26.740000000000002,3,171.0
10272,Luis,Garcia,63.0,CDMX,Basico,3,206.0,2,4.15,2022.0,2022-03-16 11:29:12.738184546+00:00,,2,4.15,3,206.0
10273,Ana,Torres,54.0,MTY,Premium,4,301.0,8,32.379999999999995,2022.0,2022-03-16 18:03:30.652663166+00:00,,8,32.379999999999995,4,301.0
10274,Carlos,Garcia,68.0,Cali,Premium,2,102.0,7,56.02,2022.0,2022-03-17 00:37:48.567141786+00:00,,7,56.02,2,102.0
10275,Carlos,Ramirez,45.0,MTY,Premium,5,286.0,5,40.1,2022.0,2022-03-17 07:12:06.481620405+00:00,,5,40.1,5,286.0
10276,Ana,Lopez,77.0,GDL,Premium,8,460.0,3,16.439999999999998,2022.0,2022-03-17 13:46:24.396099025+00:00,,3,16.439999999999998,8,460.0
10277,Luis,Torres,48.0,Medellín,Basico,5,247.0,2,21.58,2022.0,2022-03-17 20:20:42.310577645+00:00,,2,21.58,5,247.0
10278,Ana,Gomez,28.0,GDL,Premium,2,122.0,2,4.55,2022.0,2022-03-18 02:55:00.225056264+00:00,,2,4.55,2,122.0
10279,Mariana,Lopez,40.0,Desconocido,Basico,8,444.0,1,4.13,2022.0,2022-03-18 09:29:18.139534884+00:00,,1,4.13,8,444.0
10280,Carlos,Gomez,74.0,CDMX,Premium,10,440.0,5,22.39,2022.0,2022-03-18 16:03:36.054013504+00:00,,5,22.39,10,440.0
10281,Mateo,Lopez,19.0,Medellín,Basico,4,270.0,6,20.24,2022.0,2022-03-18 22:37:53.968492123+00:00,,6,20.24,4,270.0
10282,Mateo,Lopez,57.0,Bogotá,Basico,9,381.0,5,23.61,2022.0,2022-03-19 05:12:11.882970743+00:00,,5,23.61,9,381.0
10283,Sofia,Garcia,58.0,Desconocido,Basico,6,281.0,1,7.35,2022.0,2022-03-19 11:46:29.797449363+00:00,2024-06-21 22:46:40+00:00,1,7.35,6,281.0
10284,Ana,Torres,44.0,CDMX,Premium,4,198.0,8,65.56,2022.0,2022-03-19 18:20:47.711927982+00:00,,8,65.56,4,198.0
10285,Ana,Torres,52.0,Medellín,Premium,6,352.0,4,16.77,2022.0,2022-03-20 00:55:05.626406602+00:00,,4,16.77,6,352.0
10286,Sofia,Lopez,19.0,Bogotá,Basico,6,268.0,4,15.15,2022.0,2022-03-20 07:29:23.540885222+00:00,,4,15.15,6,268.0
10287,Sofia,Ramirez,56.0,Bogotá,Basico,4,233.0,2,8.29,2022.0,2022-03-20 14:03:41.455363841+00:00,,2,8.29,4,233.0
10288,Sofia,Ramirez,54.0,Bogotá,Premium,7,358.0,6,68.16,2022.0,2022-03-20 20:37:59.369842461+00:00,,6,68.16,7,358.0
10289,Carlos,Gomez,38.0,Medellín,Basico,5,201.0,5,20.98,2022.0,2022-03-21 03:12:17.284321081+00:00,,5,20.98,5,201.0
10290,Mariana,Gomez,75.0,Desconocido,Premium,5,277.0,3,9.08,2022.0,2022-03-21 09:46:35.198799700+00:00,2024-06-07 00:26:40+00:00,3,9.08,5,277.0
10291,Ana,Garcia,22.0,CDMX,Basico,6,312.0,2,7.890000000000001,2022.0,2022-03-21 16:20:53.113278320+00:00,,2,7.890000000000001,6,312.0
10292,Carlos,Lopez,69.0,CDMX,Basico,7,267.0,7,31.919999999999998,2022.0,2022-03-21 22:55:11.027756940+00:00,,7,31.919999999999998,7,267.0
10293,Sofia,Gomez,62.0,Cali,Basico,3,183.0,1,4.14,2022.0,2022-03-22 05:29:28.942235559+00:00,,1,4.14,3,183.0
10294,Ana,Gomez,38.0,CDMX,Basico,9,471.0,2,7.3,2022.0,2022-03-22 12:03:46.856714179+00:00,,2,7.3,9,471.0
10295,Carlos,Lopez,46.0,Desconocido,Basico,0,0.0,4,23.43,2022.0,2022-03-22 18:38:04.771192799+00:00,,4,23.43,1,34.0
10296,Mariana,Garcia,37.0,Medellín,Basico,4,228.0,7,43.09,2022.0,2022-03-23 01:12:22.685671418+00:00,,7,43.09,4,228.0
10297,Carlos,Gomez,48.0,Medellín,Basico,4,241.0,4,13.27,2022.0,2022-03-23 07:46:40.600150038+00:00,,4,13.27,4,241.0
10298,Mariana,Garcia,78.0,GDL,Basico,5,204.0,4,24.61,2022.0,2022-03-23 14:20:58.514628658+00:00,,4,24.61,5,204.0
10299,Sofia,Torres,55.0,GDL,Basico,7,343.0,7,32.3,2022.0,2022-03-23 20:55:16.429107277+00:00,,7,32.3,7,343.0
10300,Mariana,Garcia,37.0,Medellín,Premium,6,294.0,7,26.439999999999998,2022.0,2022-03-24 03:29:34.343585897+00:00,,7,26.439999999999998,6,294.0
10301,Ana,Ramirez,67.0,Desconocido,Basico,8,433.0,4,9.59,2022.0,2022-03-24 10:03:52.258064517+00:00,,4,9.59,8,433.0
10302,Sofia,Ramirez,42.0,Desconocido,Basico,5,265.0,4,18.189999999999998,2022.0,2022-03-24 16:38:10.172543136+00:00,,4,18.189999999999998,5,265.0
10303,Ana,Garcia,19.0,GDL,Basico,2,85.0,6,20.740000000000002,2022.0,2022-03-24 23:12:28.087021756+00:00,,6,20.740000000000002,2,85.0
10304,Mateo,Ramirez,74.0,CDMX,Basico,2,66.0,4,12.69,2022.0,2022-03-25 05:46:46.001500376+00:00,,4,12.69,2,66.0
10305,Luis,Torres,49.0,CDMX,Premium,2,91.0,4,23.55,2022.0,2022-03-25 12:21:03.915978995+00:00,,4,23.55,2,91.0
10306,Mariana,Lopez,43.0,Desconocido,Basico,3,120.0,4,15.95,2022.0,2022-03-25 18:55:21.830457615+00:00,,4,15.95,3,120.0
10307,Luis,Ramirez,23.0,GDL,Premium,4,192.0,4,25.73,2022.0,2022-03-26 01:29:39.744936234+00:00,,4,25.73,4,192.0
10308,Luis,Ramirez,58.0,CDMX,Basico,2,81.0,7,42.77,2022.0,2022-03-26 08:03:57.659414854+00:00,2024-06-16 01:06:40+00:00,7,42.77,2,81.0
10309,Mariana,Garcia,74.0,GDL,Basico,6,270.0,7,31.82,2022.0,2022-03-26 14:38:15.573893474+00:00,,7,31.82,6,270.0
10310,Sofia,Torres,20.0,MTY,Basico,8,343.0,3,11.55,2022.0,2022-03-26 21:12:33.488372093+00:00,,3,11.55,8,343.0
10311,Mateo,Lopez,50.0,Desconocido,Premium,0,0.0,8,36.79,2022.0,2022-03-27 03:46:51.402850713+00:00,,8,36.79,1,34.0
10312,Ana,Garcia,18.0,Bogotá,Premium,7,326.0,8,38.36,2022.0,2022-03-27 10:21:09.317329333+00:00,,8,38.36,7,326.0
10313,Carlos,Garcia,68.0,GDL,Basico,3,163.0,6,17.63,2022.0,2022-03-27 16:55:27.231807952+00:00,,6,17.63,3,163.0
10314,Ana,Torres,22.0,MTY,Premium,3,124.0,7,27.11,2022.0,2022-03-27 23:29:45.146286572+00:00,,7,27.11,3,124.0
10315,Carlos,Lopez,30.0,MTY,Basico,13,656.0,3,12.36,2022.0,2022-03-28 06:04:03.060765192+00:00,,3,12.36,12,656.0
10316,Ana,Torres,36.0,CDMX,Premium,9,368.0,4,9.440000000000001,2022.0,2022-03-28 12:38:20.975243811+00:00,,4,9.440000000000001,9,368.0
10317,Mariana,Lopez,29.0,CDMX,Basico,8,503.0,5,18.830000000000002,2022.0,2022-03-28 19:12:38.889722431+00:00,2024-11-30 23:40:00+00:00,5,18.830000000000002,8,503.0
10318,Mateo,Torres,65.0,Medellín,Basico,2,86.0,6,32.15,2022.0,2022-03-29 01:46:56.804201051+00:00,,6,32.15,2,86.0
10319,Carlos,Garcia,42.0,CDMX,Basico,7,331.0,5,11.27,2022.0,2022-03-29 08:21:14.718679670+00:00,,5,11.27,7,331.0
10320,Sofia,Garcia,74.0,GDL,Premium,3,107.0,4,13.6,,,,4,13.6,3,107.0
10321,Ana,Gomez,68.0,MTY,Premium,6,303.0,5,13.129999999999999,2022.0,2022-03-29 21:29:50.547636910+00:00,,5,13.129999999999999,6,303.0
10322,Ana,Ramirez,52.0,Cali,Premium,8,437.0,6,15.919999999999998,2022.0,2022-03-30 04:04:08.462115529+00:00,,6,15.919999999999998,8,437.0
10323,Carlos,Torres,29.0,Bogotá,Premium,7,340.0,3,26.25,2022.0,2022-03-30 10:38:26.376594149+00:00,,3,26.25,7,340.0
10324,Sofia,Gomez,47.0,Medellín,Basico,8,374.0,3,24.16,2022.0,2022-03-30 17:12:44.291072769+00:00,,3,24.16,8,374.0
10325,Sofia,Ramirez,22.0,Bogotá,Premium,3,164.0,2,1.19,2022.0,2022-03-30 23:47:02.205551388+00:00,,2,1.19,3,164.0
10326,Mariana,Torres,51.0,Medellín,Premium,5,218.0,5,38.41,,,,5,38.41,5,218.0
10327,Mariana,Lopez,39.0,CDMX,Basico,4,105.0,6,28.009999999999998,2022.0,2022-03-31 12:55:38.034508628+00:00,,6,28.009999999999998,4,105.0
10328,Mariana,Ramirez,56.0,Desconocido,Basico,4,197.0,3,23.72,2022.0,2022-03-31 19:29:55.948987247+00:00,,3,23.72,4,197.0
10329,Mariana,Garcia,30.0,CDMX,Premium,4,192.0,3,12.21,2022.0,2022-04-01 02:04:13.863465867+00:00,,3,12.21,4,192.0
10330,Mariana,Gomez,74.0,Bogotá,Premium,3,171.0,4,15.93,2022.0,2022-04-01 08:38:31.777944487+00:00,,4,15.93,3,171.0
10331,Mariana,Ramirez,64.0,Cali,Premium,4,192.0,4,29.450000000000003,2022.0,2022-04-01 15:12:49.692423106+00:00,,4,29.450000000000003,4,192.0
10332,Mateo,Ramirez,71.0,Bogotá,Premium,4,213.0,8,31.46,2022.0,2022-04-01 21:47:07.606901726+00:00,,8,31.46,4,213.0
10333,Sofia,Garcia,20.0,Desconocido,Premium,4,210.0,3,15.68,2022.0,2022-04-02 04:21:25.521380346+00:00,,3,15.68,4,210.0
10334,Mariana,Torres,77.0,Bogotá,Premium,5,264.0,4,6.15,2022.0,2022-04-02 10:55:43.435858965+00:00,,4,6.15,5,264.0
10335,Sofia,Lopez,70.0,Desconocido,Premium,7,386.0,3,30.189999999999998,2022.0,2022-04-02 17:30:01.350337585+00:00,,3,30.189999999999998,7,386.0
10336,Sofia,Garcia,37.0,Cali,Premium,4,79.0,9,40.07,2022.0,2022-04-03 00:04:19.264816204+00:00,,9,40.07,4,79.0
10337,Luis,Lopez,48.0,Desconocido,Basico,10,519.0,6,21.05,2022.0,2022-04-03 06:38:37.179294824+00:00,,6,21.05,10,519.0
10338,Mateo,Torres,22.0,Desconocido,Basico,3,138.0,7,36.33,2022.0,2022-04-03 13:12:55.093773444+00:00,,7,36.33,3,138.0
10339,Mariana,Ramirez,41.0,Desconocido,Basico,11,480.0,5,32.42,2022.0,2022-04-03 19:47:13.008252063+00:00,,5,32.42,11,480.0
10340,Ana,Lopez,57.0,Medellín,Premium,5,239.0,7,25.44,2022.0,2022-04-04 02:21:30.922730683+00:00,2024-12-22 01:13:20+00:00,7,25.44,5,239.0
10341,Carlos,Gomez,71.0,MTY,Basico,6,325.0,1,6.29,2022.0,2022-04-04 08:55:48.837209303+00:00,2024-07-28 23:40:00+00:00,1,6.29,6,325.0
10342,Ana,Gomez,50.0,CDMX,Basico,4,231.0,6,47.07,2022.0,2022-04-04 15:30:06.751687922+00:00,,6,47.07,4,231.0
10343,Mateo,Garcia,25.0,Medellín,Basico,4,238.0,4,13.379999999999999,2022.0,2022-04-04 22:04:24.666166542+00:00,,4,13.379999999999999,4,238.0
10344,Carlos,Torres,41.0,Desconocido,Premium,11,686.0,6,24.05,2022.0,2022-04-05 04:38:42.580645162+00:00,,6,24.05,11,686.0
10345,Mateo,Garcia,67.0,Medellín,Basico,8,382.0,7,37.4,2022.0,2022-04-05 11:13:00.495123781+00:00,,7,37.4,8,382.0
10346,Sofia,Garcia,37.0,Desconocido,Basico,6,235.0,8,71.9,2022.0,2022-04-05 17:47:18.409602401+00:00,,8,71.9,6,235.0
10347,Carlos,Garcia,77.0,Cali,Basico,13,724.0,3,21.4,2022.0,2022-04-06 00:21:36.324081021+00:00,,3,21.4,12,724.0
10348,Sofia,Gomez,33.0,CDMX,Basico,4,237.0,2,1.12,2022.0,2022-04-06 06:55:54.238559640+00:00,,2,1.12,4,237.0
10349,Ana,Gomez,67.0,GDL,Basico,6,389.0,7,150.92000000000002,2022.0,2022-04-06 13:30:12.153038260+00:00,,7,82.19759999999998,6,389.0
10350,Ana,Garcia,69.0,MTY,Basico,5,215.0,4,18.89,2022.0,2022-04-06 20:04:30.067516880+00:00,,4,18.89,5,215.0
10351,Carlos,Gomez,29.0,CDMX,Basico,8,446.0,3,15.81,2022.0,2022-04-07 02:38:47.981995499+00:00,,3,15.81,8,446.0
10352,Carlos,Torres,30.0,Bogotá,Basico,6,301.0,7,41.1,2022.0,2022-04-07 09:13:05.896474119+00:00,,7,41.1,6,301.0
10353,Mariana,Garcia,62.0,Desconocido,Basico,4,191.0,4,12.530000000000001,2022.0,2022-04-07 15:47:23.810952739+00:00,,4,12.530000000000001,4,191.0
10354,Mateo,Gomez,59.0,Cali,Basico,6,271.0,5,11.28,2022.0,2022-04-07 22:21:41.725431358+00:00,,5,11.28,6,271.0
10355,Mariana,Lopez,56.0,Bogotá,Premium,7,412.0,4,18.57,2022.0,2022-04-08 04:55:59.639909978+00:00,,4,18.57,7,412.0
10356,Mateo,Garcia,42.0,CDMX,Basico,12,510.0,5,59.480000000000004,2022.0,2022-04-08 11:30:17.554388598+00:00,,5,59.480000000000004,12,510.0
10357,Mariana,Garcia,63.0,MTY,Basico,8,296.0,7,27.52,2022.0,2022-04-08 18:04:35.468867217+00:00,,7,27.52,8,296.0
10358,Sofia,Torres,49.0,Bogotá,Basico,4,146.0,6,84.1,2022.0,2022-04-09 00:38:53.383345837+00:00,,6,82.19759999999998,4,146.0
10359,Carlos,Ramirez,79.0,MTY,Basico,7,320.0,4,18.14,2022.0,2022-04-09 07:13:11.297824457+00:00,,4,18.14,7,320.0
10360,Ana,Ramirez,41.0,CDMX,Basico,6,365.0,2,19.6,2022.0,2022-04-09 13:47:29.212303076+00:00,,2,19.6,6,365.0
10361,Mateo,Torres,65.0,Bogotá,Basico,7,382.0,3,4.66,2022.0,2022-04-09 20:21:47.126781696+00:00,,3,4.66,7,382.0
10362,Mateo,Torres,64.0,GDL,Basico,3,154.0,4,11.52,2022.0,2022-04-10 02:56:05.041260316+00:00,,4,11.52,3,154.0
10363,Ana,Torres,61.0,Desconocido,Basico,8,391.0,8,49.739999999999995,2022.0,2022-04-10 09:30:22.955738935+00:00,,8,49.739999999999995,8,391.0
10364,Mariana,Ramirez,26.0,CDMX,Basico,8,297.0,2,21.92,2022.0,2022-04-10 16:04:40.870217555+00:00,,2,21.92,8,297.0
10365,Mateo,Torres,57.0,CDMX,Premium,8,464.0,5,36.730000000000004,2022.0,2022-04-10 22:38:58.784696175+00:00,,5,36.730000000000004,8,464.0
10366,Sofia,Gomez,67.0,CDMX,Basico,4,176.0,1,11.61,2022.0,2022-04-11 05:13:16.699174794+00:00,,1,11.61,4,176.0
10367,Carlos,Garcia,40.0,MTY,Premium,5,261.0,7,34.58,2022.0,2022-04-11 11:47:34.613653414+00:00,,7,34.58,5,261.0
10368,Ana,Garcia,67.0,Medellín,Basico,4,146.0,2,22.85,2022.0,2022-04-11 18:21:52.528132034+00:00,2024-10-19 23:20:00+00:00,2,22.85,4,146.0
10369,Carlos,Lopez,30.0,Medellín,Premium,6,278.0,3,21.55,2022.0,2022-04-12 00:56:10.442610653+00:00,,3,21.55,6,278.0
10370,Mateo,Lopez,77.0,Bogotá,Basico,6,258.0,7,27.99,2022.0,2022-04-12 07:30:28.357089273+00:00,,7,27.99,6,258.0
10371,Mateo,Garcia,76.0,Medellín,Premium,3,156.0,4,48.260000000000005,2022.0,2022-04-12 14:04:46.271567892+00:00,,4,48.260000000000005,3,156.0
10372,Ana,Gomez,49.0,MTY,Basico,7,379.0,7,143.63,2022.0,2022-04-12 20:39:04.186046512+00:00,,7,82.19759999999998,7,379.0
10373,Sofia,Ramirez,67.0,Medellín,Basico,2,101.0,8,31.4,2022.0,2022-04-13 03:13:22.100525132+00:00,,8,31.4,2,101.0
10374,Luis,Ramirez,32.0,CDMX,Basico,2,76.0,8,44.9,2022.0,2022-04-13 09:47:40.015003751+00:00,,8,44.9,2,76.0
10375,Ana,Gomez,53.0,MTY,Basico,4,190.0,3,35.66,2022.0,2022-04-13 16:21:57.929482371+00:00,,3,35.66,4,190.0
10376,Luis,Ramirez,66.0,Cali,Premium,0,0.0,5,13.85,2022.0,2022-04-13 22:56:15.843960991+00:00,,5,13.85,1,34.0
10377,Mariana,Torres,48.0,Cali,Premium,3,197.0,1,13.5,2022.0,2022-04-14 05:30:33.758439610+00:00,,1,13.5,3,197.0
10378,Luis,Garcia,22.0,Medellín,Basico,8,416.0,4,29.730000000000004,2022.0,2022-04-14 12:04:51.672918230+00:00,,4,29.730000000000004,8,416.0
10379,Sofia,Garcia,39.0,GDL,Basico,5,222.0,7,36.53,2022.0,2022-04-14 18:39:09.587396850+00:00,,7,36.53,5,222.0
10380,Mariana,Gomez,33.0,GDL,Basico,7,327.0,5,19.049999999999997,2022.0,2022-04-15 01:13:27.501875469+00:00,,5,19.049999999999997,7,327.0
10381,Luis,Ramirez,58.0,Desconocido,Premium,9,1957.0,4,15.45,2022.0,2022-04-15 07:47:45.416354090+00:00,,4,15.45,9,724.02
10382,Mariana,Lopez,27.0,CDMX,Basico,7,292.0,3,6.04,2022.0,2022-04-15 14:22:03.330832708+00:00,2024-06-26 00:00:00+00:00,3,6.04,7,292.0
10383,Luis,Lopez,41.0,GDL,Basico,6,345.0,2,12.84,2022.0,2022-04-15 20:56:21.245311328+00:00,,2,12.84,6,345.0
10384,Sofia,Ramirez,35.0,CDMX,Premium,12,615.0,3,13.05,2022.0,2022-04-16 03:30:39.159789948+00:00,,3,13.05,12,615.0
10385,Luis,Lopez,66.0,MTY,Basico,6,217.0,7,14.34,2022.0,2022-04-16 10:04:57.074268568+00:00,,7,14.34,6,217.0
10386,Luis,Gomez,35.0,GDL,Premium,7,443.0,2,4.890000000000001,2022.0,2022-04-16 16:39:14.988747188+00:00,,2,4.890000000000001,7,443.0
10387,Luis,Gomez,24.0,Bogotá,Basico,7,308.0,2,6.12,2022.0,2022-04-16 23:13:32.903225806+00:00,,2,6.12,7,308.0
10388,Ana,Ramirez,21.0,Bogotá,Basico,5,207.0,2,14.809999999999999,2022.0,2022-04-17 05:47:50.817704426+00:00,,2,14.809999999999999,5,207.0
10389,Ana,Lopez,43.0,Desconocido,Basico,5,195.0,4,8.469999999999999,2022.0,2022-04-17 12:22:08.732183046+00:00,,4,8.469999999999999,5,195.0
10390,Ana,Gomez,22.0,CDMX,Premium,5,212.0,4,15.74,2022.0,2022-04-17 18:56:26.646661666+00:00,,4,15.74,5,212.0
10391,Sofia,Gomez,77.0,MTY,Basico,4,217.0,2,1.79,2022.0,2022-04-18 01:30:44.561140286+00:00,,2,1.79,4,217.0
10392,Mariana,Torres,72.0,Bogotá,Basico,5,288.0,6,14.459999999999999,2022.0,2022-04-18 08:05:02.475618906+00:00,,6,14.459999999999999,5,288.0
10393,Mateo,Torres,33.0,Medellín,Basico,3,95.0,3,14.939999999999998,2022.0,2022-04-18 14:39:20.390097524+00:00,,3,14.939999999999998,3,95.0
10394,Luis,Gomez,52.0,Bogotá,Premium,3,204.0,9,38.2,2022.0,2022-04-18 21:13:38.304576144+00:00,2024-10-16 23:06:40+00:00,9,38.2,3,204.0
10395,Luis,Ramirez,43.0,Cali,Basico,8,267.0,7,36.72,2022.0,2022-04-19 03:47:56.219054764+00:00,,7,36.72,8,267.0
10396,Sofia,Garcia,35.0,CDMX,Basico,7,353.0,2,14.57,2022.0,2022-04-19 10:22:14.133533384+00:00,,2,14.57,7,353.0
10397,Luis,Garcia,46.0,Cali,Basico,3,196.0,10,55.269999999999996,2022.0,2022-04-19 16:56:32.048012004+00:00,,10,55.269999999999996,3,196.0
10398,Ana,Gomez,40.0,Bogotá,Premium,5,257.0,8,26.46,2022.0,2022-04-19 23:30:49.962490624+00:00,,8,26.46,5,257.0
10399,Mateo,Gomez,70.0,CDMX,Premium,5,276.0,4,136.24,2022.0,2022-04-20 06:05:07.876969242+00:00,,4,82.19759999999998,5,276.0
10400,Carlos,Gomez,31.0,Desconocido,Basico,5,230.0,4,7.68,2022.0,2022-04-20 12:39:25.791447862+00:00,,4,7.68,5,230.0
10401,Luis,Ramirez,32.0,Medellín,Basico,4,104.0,7,40.65,2022.0,2022-04-20 19:13:43.705926482+00:00,,7,40.65,4,104.0
10402,Ana,Torres,66.0,CDMX,Premium,6,326.0,8,53.02,2022.0,2022-04-21 01:48:01.620405102+00:00,2024-06-15 00:06:40+00:00,8,53.02,6,326.0
10403,Carlos,Gomez,50.0,CDMX,Premium,5,200.0,4,6.55,2022.0,2022-04-21 08:22:19.534883722+00:00,,4,6.55,5,200.0
10404,Mateo,Gomez,42.0,CDMX,Basico,4,246.0,1,19.35,2022.0,2022-04-21 14:56:37.449362342+00:00,,1,19.35,4,246.0
10405,Carlos,Lopez,38.0,Medellín,Premium,7,387.0,6,31.419999999999998,2022.0,2022-04-21 21:30:55.363840960+00:00,,6,31.419999999999998,7,387.0
10406,Ana,Ramirez,34.0,CDMX,Basico,11,400.0,6,41.769999999999996,2022.0,2022-04-22 04:05:13.278319580+00:00,,6,41.769999999999996,11,400.0
10407,Mariana,Gomez,40.0,GDL,Basico,5,245.0,5,17.59,2022.0,2022-04-22 10:39:31.192798200+00:00,,5,17.59,5,245.0
10408,Mariana,Lopez,74.0,CDMX,Premium,3,138.0,7,31.18,2022.0,2022-04-22 17:13:49.107276820+00:00,,7,31.18,3,138.0
10409,Carlos,Garcia,60.0,Medellín,Basico,8,375.0,6,14.02,2022.0,2022-04-22 23:48:07.021755440+00:00,,6,14.02,8,375.0
10410,Sofia,Gomez,34.0,Cali,Premium,7,305.0,5,23.6,2022.0,2022-04-23 06:22:24.936234060+00:00,,5,23.6,7,305.0
10411,Carlos,Gomez,75.0,Cali,Basico,2,83.0,3,5.92,2022.0,2022-04-23 12:56:42.850712678+00:00,,3,5.92,2,83.0
10412,Luis,Lopez,31.0,CDMX,Basico,7,384.0,4,15.01,2022.0,2022-04-23 19:31:00.765191298+00:00,,4,15.01,7,384.0
10413,Luis,Ramirez,46.0,Desconocido,Premium,6,353.0,5,27.67,2022.0,2022-04-24 02:05:18.679669918+00:00,,5,27.67,6,353.0
10414,Mariana,Gomez,37.0,Medellín,Basico,4,238.0,5,27.58,2022.0,2022-04-24 08:39:36.594148538+00:00,,5,27.58,4,238.0
10415,Sofia,Garcia,47.0,Desconocido,Basico,10,457.0,2,3.2199999999999998,2022.0,2022-04-24 15:13:54.508627158+00:00,,2,3.2199999999999998,10,457.0
10416,Ana,Gomez,36.0,Bogotá,Premium,10,483.0,7,23.69,2022.0,2022-04-24 21:48:12.423105776+00:00,,7,23.69,10,483.0
10417,Luis,Garcia,70.0,Bogotá,Basico,4,215.0,12,26.419999999999998,2022.0,2022-04-25 04:22:30.337584396+00:00,,10,26.419999999999998,4,215.0
10418,Mariana,Torres,56.0,Cali,Basico,7,339.0,3,15.49,2022.0,2022-04-25 10:56:48.252063016+00:00,,3,15.49,7,339.0
10419,Mateo,Torres,73.0,CDMX,Premium,6,253.0,8,42.800000000000004,2022.0,2022-04-25 17:31:06.166541636+00:00,,8,42.800000000000004,6,253.0
10420,Mariana,Garcia,30.0,Bogotá,Basico,8,356.0,5,18.94,2022.0,2022-04-26 00:05:24.081020256+00:00,,5,18.94,8,356.0
10421,Luis,Ramirez,35.0,Cali,Premium,6,242.0,9,44.76,2022.0,2022-04-26 06:39:41.995498876+00:00,,9,44.76,6,242.0
10422,Luis,Gomez,40.0,Cali,Premium,6,345.0,3,14.39,2022.0,2022-04-26 13:13:59.909977494+00:00,2024-12-24 00:26:40+00:00,3,14.39,6,345.0
10423,Mariana,Gomez,79.0,Desconocido,Basico,8,337.0,7,30.92,2022.0,2022-04-26 19:48:17.824456114+00:00,,7,30.92,8,337.0
10424,Ana,Torres,63.0,Medellín,Basico,4,186.0,6,25.32,2022.0,2022-04-27 02:22:35.738934734+00:00,,6,25.32,4,186.0
10425,Carlos,Garcia,50.0,GDL,Premium,5,205.0,2,6.02,2022.0,2022-04-27 08:56:53.653413354+00:00,,2,6.02,5,205.0
10426,Luis,Gomez,56.0,CDMX,Basico,5,193.0,7,34.019999999999996,2022.0,2022-04-27 15:31:11.567891974+00:00,,7,34.019999999999996,5,193.0
10427,Mariana,Gomez,57.0,Bogotá,Basico,9,509.0,2,4.2700000000000005,2022.0,2022-04-27 22:05:29.482370594+00:00,,2,4.2700000000000005,9,509.0
10428,Mariana,Ramirez,35.0,Bogotá,Basico,11,504.0,4,24.14,2022.0,2022-04-28 04:39:47.396849212+00:00,,4,24.14,11,504.0
10429,Sofia,Lopez,26.0,GDL,Basico,7,416.0,7,30.51,2022.0,2022-04-28 11:14:05.311327832+00:00,2024-06-19 01:20:00+00:00,7,30.51,7,416.0
10430,Carlos,Torres,50.0,CDMX,Basico,6,352.0,2,3.5500000000000003,2022.0,2022-04-28 17:48:23.225806452+00:00,,2,3.5500000000000003,6,352.0
10431,Mateo,Torres,49.0,Bogotá,Premium,5,242.0,6,35.64,2022.0,2022-04-29 00:22:41.140285072+00:00,,6,35.64,5,242.0
10432,Ana,Lopez,78.0,Cali,Premium,6,342.0,2,9.25,2022.0,2022-04-29 06:56:59.054763692+00:00,,2,9.25,6,342.0
10433,Mateo,Gomez,71.0,Desconocido,Basico,11,589.0,5,9.6,2022.0,2022-04-29 13:31:16.969242312+00:00,2024-10-16 00:53:20+00:00,5,9.6,11,589.0
10434,Carlos,Ramirez,34.0,Cali,Basico,8,400.0,2,16.57,2022.0,2022-04-29 20:05:34.883720930+00:00,,2,16.57,8,400.0
10435,Carlos,Ramirez,36.0,Cali,Premium,5,295.0,4,40.2,2022.0,2022-04-30 02:39:52.798199550+00:00,,4,40.2,5,295.0
10436,Carlos,Torres,44.0,Medellín,Basico,2,124.0,1,1.08,2022.0,2022-04-30 09:14:10.712678170+00:00,,1,1.08,2,124.0
10437,Mateo,Ramirez,23.0,Desconocido,Premium,7,246.0,8,57.49,2022.0,2022-04-30 15:48:28.627156790+00:00,,8,57.49,7,246.0
10438,Carlos,Lopez,52.0,Medellín,Premium,3,119.0,3,6.3100000000000005,2022.0,2022-04-30 22:22:46.541635410+00:00,,3,6.3100000000000005,3,119.0
10439,Mariana,Gomez,73.0,Desconocido,Premium,0,0.0,9,59.42,2022.0,2022-05-01 04:57:04.456114030+00:00,,9,59.42,1,34.0
10440,Mateo,Lopez,54.0,Desconocido,Basico,7,262.0,5,10.95,2022.0,2022-05-01 11:31:22.370592648+00:00,,5,10.95,7,262.0
10441,Carlos,Garcia,51.0,Desconocido,Basico,9,317.0,3,6.9,2022.0,2022-05-01 18:05:40.285071268+00:00,,3,6.9,9,317.0
10442,Mariana,Torres,37.0,MTY,Basico,4,213.0,2,11.65,2022.0,2022-05-02 00:39:58.199549888+00:00,,2,11.65,4,213.0
10443,Sofia,Ramirez,42.0,CDMX,Basico,5,245.0,6,21.59,2022.0,2022-05-02 07:14:16.114028508+00:00,2024-08-10 22:46:40+00:00,6,21.59,5,245.0
10444,Carlos,Garcia,21.0,CDMX,Basico,6,299.0,2,14.69,2022.0,2022-05-02 13:48:34.028507128+00:00,,2,14.69,6,299.0
10445,Mateo,Ramirez,27.0,CDMX,Premium,7,374.0,6,37.78,2022.0,2022-05-02 20:22:51.942985748+00:00,2024-10-07 00:13:20+00:00,6,37.78,7,374.0
10446,Luis,Gomez,27.0,CDMX,Premium,4,203.0,5,21.25,2022.0,2022-05-03 02:57:09.857464366+00:00,,5,21.25,4,203.0
10447,Carlos,Gomez,41.0,GDL,Premium,6,251.0,6,47.08,2022.0,2022-05-03 09:31:27.771942986+00:00,,6,47.08,6,251.0
10448,Luis,Gomez,38.0,MTY,Premium,4,167.0,3,7.15,2022.0,2022-05-03 16:05:45.686421606+00:00,,3,7.15,4,167.0
10449,Mariana,Ramirez,28.0,Bogotá,Basico,4,168.0,7,41.99,2022.0,2022-05-03 22:40:03.600900226+00:00,,7,41.99,4,168.0
10450,Sofia,Garcia,44.0,Medellín,Basico,3,100.0,3,9.15,2022.0,2022-05-04 05:14:21.515378846+00:00,,3,9.15,3,100.0
10451,Ana,Gomez,33.0,GDL,Basico,7,328.0,3,13.92,2022.0,2022-05-04 11:48:39.429857464+00:00,,3,13.92,7,328.0
10452,Sofia,Garcia,43.0,Medellín,Basico,1,77.0,6,19.98,2022.0,2022-05-04 18:22:57.344336084+00:00,,6,19.98,1,77.0
10453,Carlos,Ramirez,78.0,Medellín,Basico,7,386.0,4,18.2,2022.0,2022-05-05 00:57:15.258814704+00:00,,4,18.2,7,386.0
10454,Luis,Garcia,78.0,Bogotá,Premium,5,275.0,6,26.130000000000003,2022.0,2022-05-05 07:31:33.173293324+00:00,,6,26.130000000000003,5,275.0
10455,Luis,Ramirez,47.0,Desconocido,Premium,8,409.0,1,0.6,2022.0,2022-05-05 14:05:51.087771944+00:00,,1,0.6,8,409.0
10456,Mateo,Ramirez,48.0,CDMX,Basico,12,629.0,1,2.24,2022.0,2022-05-05 20:40:09.002250564+00:00,2024-09-16 23:40:00+00:00,1,2.24,12,629.0
10457,Luis,Torres,66.0,CDMX,Basico,4,210.0,8,49.07,2022.0,2022-05-06 03:14:26.916729182+00:00,,8,49.07,4,210.0
10458,Mateo,Ramirez,33.0,Bogotá,Basico,4,171.0,7,77.75999999999999,2022.0,2022-05-06 09:48:44.831207802+00:00,,7,77.75999999999999,4,171.0
10459,Mariana,Ramirez,24.0,CDMX,Basico,6,412.0,3,2.5500000000000003,2022.0,2022-05-06 16:23:02.745686422+00:00,,3,2.5500000000000003,6,412.0
10460,Ana,Lopez,33.0,Bogotá,Basico,1,3.0,5,26.79,2022.0,2022-05-06 22:57:20.660165042+00:00,2024-07-05 00:40:00+00:00,5,26.79,1,34.0
10461,Carlos,Gomez,52.0,MTY,Premium,5,274.0,8,51.38,2022.0,2022-05-07 05:31:38.574643662+00:00,,8,51.38,5,274.0
10462,Mateo,Torres,75.0,GDL,Premium,10,440.0,4,8.39,2022.0,2022-05-07 12:05:56.489122282+00:00,,4,8.39,10,440.0
10463,Ana,Torres,33.0,CDMX,Basico,4,133.0,2,6.300000000000001,2022.0,2022-05-07 18:40:14.403600900+00:00,,2,6.300000000000001,4,133.0
10464,Luis,Torres,57.0,MTY,Premium,4,112.0,4,26.64,2022.0,2022-05-08 01:14:32.318079520+00:00,,4,26.64,4,112.0
10465,Luis,Lopez,79.0,Medellín,Basico,5,273.0,6,19.07,2022.0,2022-05-08 07:48:50.232558140+00:00,,6,19.07,5,273.0
10466,Ana,Ramirez,29.0,Bogotá,Premium,5,270.0,3,14.899999999999999,2022.0,2022-05-08 14:23:08.147036760+00:00,,3,14.899999999999999,5,270.0
10467,Luis,Gomez,52.0,CDMX,Basico,4,137.0,3,18.77,2022.0,2022-05-08 20:57:26.061515380+00:00,2024-10-16 23:06:40+00:00,3,18.77,4,137.0
10468,Mariana,Garcia,66.0,CDMX,Premium,3,153.0,5,26.64,2022.0,2022-05-09 03:31:43.975994+00:00,,5,26.64,3,153.0
10469,Mariana,Ramirez,38.0,CDMX,Premium,6,249.0,5,9.31,2022.0,2022-05-09 10:06:01.890472618+00:00,,5,9.31,6,249.0
10470,Ana,Lopez,67.0,CDMX,Premium,8,291.0,3,20.21,2022.0,2022-05-09 16:40:19.804951238+00:00,,3,20.21,8,291.0
10471,Mateo,Ramirez,60.0,Desconocido,Basico,3,141.0,8,27.75,2022.0,2022-05-09 23:14:37.719429858+00:00,,8,27.75,3,141.0
10472,Mateo,Ramirez,53.0,CDMX,Premium,3,99.0,0,0.0,2022.0,2022-05-10 05:48:55.633908478+00:00,,0,0.0,3,99.0
10473,Ana,Lopez,65.0,Medellín,Basico,9,427.0,5,12.36,2022.0,2022-05-10 12:23:13.548387098+00:00,,5,12.36,9,427.0
10474,Mateo,Torres,34.0,Desconocido,Basico,5,260.0,8,36.55,2022.0,2022-05-10 18:57:31.462865718+00:00,,8,36.55,5,260.0
10475,Mateo,Torres,49.0,CDMX,Basico,4,231.0,1,8.84,2022.0,2022-05-11 01:31:49.377344336+00:00,2024-08-02 00:53:20+00:00,1,8.84,4,231.0
10476,Mariana,Gomez,58.0,Bogotá,Premium,8,392.0,2,2.4699999999999998,2022.0,2022-05-11 08:06:07.291822956+00:00,,2,2.4699999999999998,8,392.0
10477,Mateo,Gomez,23.0,Desconocido,Premium,4,181.0,3,6.48,2022.0,2022-05-11 14:40:25.206301576+00:00,,3,6.48,4,181.0
10478,Sofia,Torres,41.0,Cali,Basico,6,312.0,3,21.72,2022.0,2022-05-11 21:14:43.120780196+00:00,,3,21.72,6,312.0
10479,Carlos,Garcia,44.0,Bogotá,Basico,7,405.0,2,12.47,2022.0,2022-05-12 03:49:01.035258816+00:00,,2,12.47,7,405.0
10480,Luis,Ramirez,37.0,Cali,Premium,5,182.0,4,11.77,2022.0,2022-05-12 10:23:18.949737436+00:00,,4,11.77,5,182.0
10481,Sofia,Garcia,42.0,Cali,Basico,3,188.0,3,7.68,2022.0,2022-05-12 16:57:36.864216054+00:00,,3,7.68,3,188.0
10482,Mateo,Ramirez,19.0,MTY,Basico,11,578.0,7,55.1,2022.0,2022-05-12 23:31:54.778694674+00:00,,7,55.1,11,578.0
10483,Mariana,Torres,26.0,Desconocido,Basico,5,317.0,2,4.640000000000001,2022.0,2022-05-13 06:06:12.693173294+00:00,,2,4.640000000000001,5,317.0
10484,Ana,Gomez,45.0,Bogotá,Premium,7,419.0,6,137.07,2022.0,2022-05-13 12:40:30.607651914+00:00,,6,82.19759999999998,7,419.0
10485,Mateo,Gomez,70.0,Bogotá,Basico,7,385.0,5,29.58,2022.0,2022-05-13 19:14:48.522130534+00:00,2024-07-27 00:26:40+00:00,5,29.58,7,385.0
10486,Mariana,Garcia,78.0,Desconocido,Premium,6,267.0,4,24.5,2022.0,2022-05-14 01:49:06.436609152+00:00,,4,24.5,6,267.0
10487,Carlos,Gomez,55.0,Cali,Basico,5,257.0,9,74.14,2022.0,2022-05-14 08:23:24.351087772+00:00,,9,74.14,5,257.0
10488,Mateo,Torres,20.0,MTY,Basico,6,304.0,4,31.82,2022.0,2022-05-14 14:57:42.265566392+00:00,2024-06-30 23:26:40+00:00,4,31.82,6,304.0
10489,Ana,Garcia,37.0,CDMX,Basico,8,475.0,4,23.740000000000002,2022.0,2022-05-14 21:32:00.180045012+00:00,,4,23.740000000000002,8,475.0
10490,Mariana,Ramirez,23.0,Medellín,Basico,5,191.0,5,24.64,2022.0,2022-05-15 04:06:18.094523632+00:00,,5,24.64,5,191.0
10491,Mariana,Gomez,56.0,Medellín,Basico,3,172.0,7,33.42,2022.0,2022-05-15 10:40:36.009002252+00:00,,7,33.42,3,172.0
10492,Mariana,Lopez,50.0,Medellín,Basico,6,332.0,3,21.49,2022.0,2022-05-15 17:14:53.923480870+00:00,,3,21.49,6,332.0
10493,Carlos,Gomez,72.0,Desconocido,Premium,6,234.0,3,6.24,2022.0,2022-05-15 23:49:11.837959490+00:00,,3,6.24,6,234.0
10494,Mateo,Ramirez,18.0,Desconocido,Basico,4,164.0,7,34.29,2022.0,2022-05-16 06:23:29.752438110+00:00,,7,34.29,4,164.0
10495,Carlos,Garcia,54.0,Bogotá,Premium,6,151.0,5,35.34,2022.0,2022-05-16 12:57:47.666916730+00:00,,5,35.34,6,151.0
10496,Luis,Ramirez,23.0,CDMX,Premium,6,213.0,6,24.049999999999997,2022.0,2022-05-16 19:32:05.581395350+00:00,2024-06-18 00:20:00+00:00,6,24.049999999999997,6,213.0
10497,Luis,Lopez,62.0,Bogotá,Premium,5,321.0,3,19.18,2022.0,2022-05-17 02:06:23.495873970+00:00,,3,19.18,5,321.0
10498,Mateo,Torres,51.0,Medellín,Premium,2,114.0,8,57.410000000000004,2022.0,2022-05-17 08:40:41.410352588+00:00,,8,57.410000000000004,2,114.0
10499,Carlos,Gomez,64.0,Medellín,Basico,9,476.0,8,27.759999999999998,2022.0,2022-05-17 15:14:59.324831208+00:00,,8,27.759999999999998,9,476.0
10500,Ana,Garcia,32.0,Bogotá,Basico,6,351.0,2,5.47,2022.0,2022-05-17 21:49:17.239309828+00:00,,2,5.47,6,351.0
10501,Mariana,Torres,62.0,Bogotá,Premium,6,326.0,2,4.35,2022.0,2022-05-18 04:23:35.153788448+00:00,,2,4.35,6,326.0
10502,Mariana,Ramirez,43.0,GDL,Premium,4,246.0,4,38.89,2022.0,2022-05-18 10:57:53.068267068+00:00,2024-11-29 00:26:40+00:00,4,38.89,4,246.0
10503,Mateo,Garcia,74.0,GDL,Premium,9,439.0,2,13.35,2022.0,2022-05-18 17:32:10.982745688+00:00,,2,13.35,9,439.0
10504,Luis,Torres,31.0,Bogotá,Premium,5,271.0,5,30.209999999999997,2022.0,2022-05-19 00:06:28.897224306+00:00,,5,30.209999999999997,5,271.0
10505,Luis,Garcia,75.0,CDMX,Basico,5,298.0,2,9.92,,,,2,9.92,5,298.0
10506,Mariana,Lopez,71.0,MTY,Basico,4,186.0,3,31.85,2022.0,2022-05-19 13:15:04.726181546+00:00,,3,31.85,4,186.0
10507,Mateo,Lopez,24.0,MTY,Premium,6,356.0,2,16.39,2022.0,2022-05-19 19:49:22.640660166+00:00,,2,16.39,6,356.0
10508,Carlos,Gomez,63.0,Bogotá,Basico,4,274.0,4,7.3999999999999995,2022.0,2022-05-20 02:23:40.555138786+00:00,,4,7.3999999999999995,4,274.0
10509,Luis,Gomez,48.0,CDMX,Basico,8,299.0,2,32.02,2022.0,2022-05-20 08:57:58.469617406+00:00,,2,32.02,8,299.0
10510,Carlos,Lopez,75.0,Cali,Basico,4,223.0,3,2.9,2022.0,2022-05-20 15:32:16.384096024+00:00,,3,2.9,4,223.0
10511,Luis,Garcia,48.0,Bogotá,Basico,6,176.0,2,10.54,2022.0,2022-05-20 22:06:34.298574644+00:00,,2,10.54,6,176.0
10512,Luis,Lopez,41.0,Medellín,Basico,6,257.0,3,14.399999999999999,2022.0,2022-05-21 04:40:52.213053264+00:00,,3,14.399999999999999,6,257.0
10513,Sofia,Gomez,76.0,Medellín,Premium,6,347.0,7,16.94,2022.0,2022-05-21 11:15:10.127531884+00:00,,7,16.94,6,347.0
10514,Luis,Lopez,48.0,GDL,Premium,5,294.0,6,30.7,2022.0,2022-05-21 17:49:28.042010504+00:00,,6,30.7,5,294.0
10515,Ana,Lopez,46.0,Bogotá,Premium,3,221.0,3,19.36,2022.0,2022-05-22 00:23:45.956489122+00:00,,3,19.36,3,221.0
10516,Mateo,Garcia,59.0,Desconocido,Basico,10,554.0,0,0.0,2022.0,2022-05-22 06:58:03.870967742+00:00,,0,0.0,10,554.0
10517,Mateo,Torres,49.0,Cali,Premium,7,350.0,2,13.0,2022.0,2022-05-22 13:32:21.785446362+00:00,,2,13.0,7,350.0
10518,Carlos,Gomez,34.0,Desconocido,Basico,5,318.0,6,36.13,2022.0,2022-05-22 20:06:39.699924982+00:00,,6,36.13,5,318.0
10519,Luis,Garcia,31.0,Medellín,Premium,6,324.0,5,35.5,2022.0,2022-05-23 02:40:57.614403602+00:00,,5,35.5,6,324.0
10520,Ana,Lopez,57.0,CDMX,Basico,5,230.0,2,9.82,2022.0,2022-05-23 09:15:15.528882222+00:00,,2,9.82,5,230.0
10521,Carlos,Lopez,53.0,CDMX,Basico,8,394.0,6,18.18,2022.0,2022-05-23 15:49:33.443360840+00:00,,6,18.18,8,394.0
10522,Sofia,Torres,75.0,Bogotá,Basico,7,254.0,9,23.2,2022.0,2022-05-23 22:23:51.357839460+00:00,,9,23.2,7,254.0
10523,Carlos,Gomez,65.0,MTY,Premium,11,480.0,5,41.14,2022.0,2022-05-24 04:58:09.272318080+00:00,,5,41.14,11,480.0
10524,Carlos,Gomez,41.0,GDL,Basico,6,330.0,3,7.38,2022.0,2022-05-24 11:32:27.186796700+00:00,,3,7.38,6,330.0
10525,Luis,Ramirez,62.0,Cali,Basico,4,261.0,3,8.36,2022.0,2022-05-24 18:06:45.101275320+00:00,,3,8.36,4,261.0
10526,Sofia,Gomez,48.0,MTY,Basico,4,165.0,3,19.900000000000002,2022.0,2022-05-25 00:41:03.015753940+00:00,,3,19.900000000000002,4,165.0
10527,Carlos,Torres,71.0,MTY,Basico,9,402.0,4,10.45,,,,4,10.45,9,402.0
10528,Ana,Ramirez,44.0,Cali,Basico,7,323.0,3,25.75,2022.0,2022-05-25 13:49:38.844711178+00:00,2024-07-16 22:46:40+00:00,3,25.75,7,323.0
10529,Ana,Ramirez,42.0,Cali,Basico,7,338.0,8,16.84,2022.0,2022-05-25 20:23:56.759189798+00:00,,8,16.84,7,338.0
10530,Mateo,Lopez,76.0,MTY,Basico,5,260.0,1,2.53,2022.0,2022-05-26 02:58:14.673668418+00:00,,1,2.53,5,260.0
10531,Sofia,Lopez,49.0,Cali,Basico,3,124.0,5,16.67,2022.0,2022-05-26 09:32:32.588147038+00:00,,5,16.67,3,124.0
10532,Sofia,Gomez,69.0,Desconocido,Basico,6,254.0,5,27.68,2022.0,2022-05-26 16:06:50.502625658+00:00,,5,27.68,6,254.0
10533,Mateo,Ramirez,35.0,Bogotá,Basico,5,302.0,7,32.2,2022.0,2022-05-26 22:41:08.417104276+00:00,,7,32.2,5,302.0
10534,Carlos,Lopez,63.0,CDMX,Premium,3,145.0,4,153.06,2022.0,2022-05-27 05:15:26.331582896+00:00,,4,82.19759999999998,3,145.0
10535,Sofia,Torres,35.0,CDMX,Basico,8,356.0,7,54.08,2022.0,2022-05-27 11:49:44.246061516+00:00,,7,54.08,8,356.0
10536,Ana,Lopez,54.0,Bogotá,Basico,3,103.0,5,6.92,2022.0,2022-05-27 18:24:02.160540136+00:00,,5,6.92,3,103.0
10537,Ana,Lopez,43.0,MTY,Basico,5,232.0,5,26.810000000000002,2022.0,2022-05-28 00:58:20.075018756+00:00,,5,26.810000000000002,5,232.0
10538,Luis,Ramirez,26.0,Desconocido,Basico,6,314.0,4,8.95,2022.0,2022-05-28 07:32:37.989497376+00:00,,4,8.95,6,314.0
10539,Sofia,Ramirez,77.0,Cali,Basico,14,777.0,5,8.66,2022.0,2022-05-28 14:06:55.903975994+00:00,,5,8.66,12,724.02
10540,Carlos,Garcia,52.0,Cali,Basico,7,383.0,5,36.36,2022.0,2022-05-28 20:41:13.818454614+00:00,,5,36.36,7,383.0
10541,Mateo,Torres,25.0,Desconocido,Basico,4,211.0,3,39.64,2022.0,2022-05-29 03:15:31.732933234+00:00,,3,39.64,4,211.0
10542,Mateo,Ramirez,37.0,Desconocido,Basico,3,78.0,0,0.0,2022.0,2022-05-29 09:49:49.647411854+00:00,,0,0.0,3,78.0
10543,Carlos,Gomez,71.0,MTY,Premium,5,372.0,5,48.47,2022.0,2022-05-29 16:24:07.561890474+00:00,,5,48.47,5,372.0
10544,Mariana,Torres,59.0,CDMX,Premium,5,163.0,4,16.93,2022.0,2022-05-29 22:58:25.476369092+00:00,,4,16.93,5,163.0
10545,Luis,Torres,39.0,Medellín,Premium,5,263.0,4,20.299999999999997,2022.0,2022-05-30 05:32:43.390847712+00:00,,4,20.299999999999997,5,263.0
10546,Mateo,Ramirez,36.0,MTY,Basico,7,387.0,6,30.22,2022.0,2022-05-30 12:07:01.305326332+00:00,,6,30.22,7,387.0
10547,Sofia,Torres,47.0,Bogotá,Premium,3,148.0,3,9.43,2022.0,2022-05-30 18:41:19.219804952+00:00,,3,9.43,3,148.0
10548,Luis,Ramirez,70.0,Medellín,Premium,9,445.0,4,14.57,2022.0,2022-05-31 01:15:37.134283572+00:00,,4,14.57,9,445.0
10549,Sofia,Lopez,45.0,Desconocido,Premium,2,122.0,7,42.63,2022.0,2022-05-31 07:49:55.048762192+00:00,,7,42.63,2,122.0
10550,Ana,Garcia,52.0,Bogotá,Basico,3,139.0,6,23.83,2022.0,2022-05-31 14:24:12.963240810+00:00,2024-06-15 00:06:40+00:00,6,23.83,3,139.0
10551,Luis,Lopez,60.0,Cali,Basico,6,240.0,4,26.35,2022.0,2022-05-31 20:58:30.877719430+00:00,,4,26.35,6,240.0
10552,Mateo,Ramirez,48.0,GDL,Basico,5,214.0,3,12.69,2022.0,2022-06-01 03:32:48.792198050+00:00,,3,12.69,5,214.0
10553,Luis,Ramirez,28.0,Medellín,Basico,5,382.0,4,18.0,2022.0,2022-06-01 10:07:06.706676670+00:00,2024-08-21 22:40:00+00:00,4,18.0,5,382.0
10554,Luis,Lopez,48.0,CDMX,Basico,6,275.0,7,39.24,2022.0,2022-06-01 16:41:24.621155290+00:00,,7,39.24,6,275.0
10555,Luis,Gomez,66.0,Desconocido,Premium,5,295.0,7,43.55,2022.0,2022-06-01 23:15:42.535633910+00:00,,7,43.55,5,295.0
10556,Mariana,Gomez,65.0,CDMX,Premium,5,246.0,6,14.89,2022.0,2022-06-02 05:50:00.450112528+00:00,,6,14.89,5,246.0
10557,Luis,Gomez,56.0,Medellín,Basico,4,223.0,5,23.61,2022.0,2022-06-02 12:24:18.364591148+00:00,,5,23.61,4,223.0
10558,Sofia,Ramirez,53.0,CDMX,Basico,4,173.0,7,27.1,2022.0,2022-06-02 18:58:36.279069768+00:00,,7,27.1,4,173.0
10559,Ana,Torres,47.0,GDL,Basico,7,358.0,4,17.64,2022.0,2022-06-03 01:32:54.193548388+00:00,,4,17.64,7,358.0
10560,Carlos,Ramirez,40.0,Bogotá,Basico,5,152.0,5,17.75,2022.0,2022-06-03 08:07:12.108027008+00:00,,5,17.75,5,152.0
10561,Luis,Torres,36.0,Bogotá,Basico,5,254.0,6,31.41,2022.0,2022-06-03 14:41:30.022505628+00:00,,6,31.41,5,254.0
10562,Mateo,Lopez,29.0,GDL,Basico,3,208.0,4,17.68,2022.0,2022-06-03 21:15:47.936984246+00:00,,4,17.68,3,208.0
10563,Luis,Garcia,32.0,MTY,Basico,6,366.0,5,13.65,2022.0,2022-06-04 03:50:05.851462866+00:00,,5,13.65,6,366.0
10564,Mateo,Torres,48.0,Medellín,Premium,2,79.0,3,27.15,2022.0,2022-06-04 10:24:23.765941486+00:00,,3,27.15,2,79.0
10565,Sofia,Gomez,60.0,Medellín,Basico,4,202.0,4,17.94,2022.0,2022-06-04 16:58:41.680420106+00:00,,4,17.94,4,202.0
10566,Mateo,Ramirez,54.0,CDMX,Basico,5,221.0,3,9.57,2022.0,2022-06-04 23:32:59.594898726+00:00,,3,9.57,5,221.0
10567,Carlos,Lopez,54.0,Medellín,Basico,1,45.0,5,17.79,2022.0,2022-06-05 06:07:17.509377346+00:00,2024-09-10 01:00:00+00:00,5,17.79,1,45.0
10568,Ana,Gomez,32.0,CDMX,Basico,8,393.0,4,2.35,2022.0,2022-06-05 12:41:35.423855964+00:00,,4,2.35,8,393.0
10569,Mateo,Lopez,46.0,Bogotá,Basico,6,247.0,5,9.21,2022.0,2022-06-05 19:15:53.338334584+00:00,,5,9.21,6,247.0
10570,Mateo,Garcia,67.0,GDL,Basico,6,452.0,4,10.95,2022.0,2022-06-06 01:50:11.252813204+00:00,,4,10.95,6,452.0
10571,Ana,Ramirez,60.0,Bogotá,Basico,4,211.0,1,2.17,2022.0,2022-06-06 08:24:29.167291824+00:00,,1,2.17,4,211.0
10572,Carlos,Ramirez,43.0,GDL,Basico,8,437.0,2,10.14,2022.0,2022-06-06 14:58:47.081770444+00:00,2024-12-05 00:53:20+00:00,2,10.14,8,437.0
10573,Luis,Garcia,61.0,Desconocido,Premium,6,370.0,3,6.68,2022.0,2022-06-06 21:33:04.996249064+00:00,,3,6.68,6,370.0
10574,Mateo,Ramirez,19.0,MTY,Basico,9,499.0,8,31.02,2022.0,2022-06-07 04:07:22.910727682+00:00,,8,31.02,9,499.0
10575,Ana,Torres,37.0,GDL,Basico,2,82.0,4,10.05,2022.0,2022-06-07 10:41:40.825206302+00:00,,4,10.05,2,82.0
10576,Sofia,Lopez,32.0,GDL,Basico,7,394.0,5,60.2,2022.0,2022-06-07 17:15:58.739684922+00:00,,5,60.2,7,394.0
10577,Ana,Gomez,69.0,Desconocido,Premium,6,177.0,6,22.18,2022.0,2022-06-07 23:50:16.654163542+00:00,,6,22.18,6,177.0
10578,Sofia,Garcia,21.0,Medellín,Basico,4,238.0,5,21.290000000000003,2022.0,2022-06-08 06:24:34.568642162+00:00,,5,21.290000000000003,4,238.0
10579,Carlos,Torres,39.0,Medellín,Basico,3,98.0,3,18.830000000000002,2022.0,2022-06-08 12:58:52.483120780+00:00,,3,18.830000000000002,3,98.0
10580,Luis,Gomez,67.0,Desconocido,Premium,7,398.0,4,19.77,2022.0,2022-06-08 19:33:10.397599400+00:00,,4,19.77,7,398.0
10581,Ana,Gomez,55.0,Desconocido,Basico,6,301.0,5,16.91,2022.0,2022-06-09 02:07:28.312078020+00:00,,5,16.91,6,301.0
10582,Mariana,Garcia,40.0,Medellín,Basico,6,270.0,5,12.51,2022.0,2022-06-09 08:41:46.226556640+00:00,,5,12.51,6,270.0
10583,Mateo,Torres,76.0,GDL,Basico,5,290.0,5,16.95,2022.0,2022-06-09 15:16:04.141035260+00:00,,5,16.95,5,290.0
10584,Carlos,Gomez,43.0,Cali,Premium,7,249.0,7,29.599999999999998,2022.0,2022-06-09 21:50:22.055513880+00:00,,7,29.599999999999998,7,249.0
10585,Ana,Gomez,68.0,GDL,Premium,5,268.0,5,153.01999999999998,2022.0,2022-06-10 04:24:39.969992498+00:00,,5,82.19759999999998,5,268.0
10586,Mateo,Torres,28.0,Medellín,Premium,5,191.0,4,19.77,2022.0,2022-06-10 10:58:57.884471118+00:00,,4,19.77,5,191.0
10587,Ana,Ramirez,45.0,Medellín,Premium,8,431.0,2,28.060000000000002,2022.0,2022-06-10 17:33:15.798949738+00:00,,2,28.060000000000002,8,431.0
10588,Sofia,Gomez,73.0,Cali,Premium,9,471.0,5,19.09,2022.0,2022-06-11 00:07:33.713428358+00:00,,5,19.09,9,471.0
10589,Ana,Lopez,19.0,Bogotá,Basico,11,642.0,1,2.9,2022.0,2022-06-11 06:41:51.627906978+00:00,,1,2.9,11,642.0
10590,Mariana,Torres,76.0,Medellín,Premium,7,382.0,4,26.73,2022.0,2022-06-11 13:16:09.542385598+00:00,,4,26.73,7,382.0
10591,Ana,Gomez,25.0,Desconocido,Basico,12,541.0,2,16.52,2022.0,2022-06-11 19:50:27.456864216+00:00,,2,16.52,12,541.0
10592,Ana,Garcia,46.0,CDMX,Basico,7,296.0,2,6.34,2022.0,2022-06-12 02:24:45.371342836+00:00,,2,6.34,7,296.0
10593,Mariana,Lopez,28.0,MTY,Basico,2,118.0,5,20.55,2022.0,2022-06-12 08:59:03.285821456+00:00,,5,20.55,2,118.0
10594,Carlos,Gomez,54.0,Medellín,Basico,8,367.0,3,24.669999999999998,2022.0,2022-06-12 15:33:21.200300076+00:00,,3,24.669999999999998,8,367.0
10595,Ana,Lopez,35.0,Desconocido,Premium,3,121.0,8,30.6,2022.0,2022-06-12 22:07:39.114778696+00:00,,8,30.6,3,121.0
10596,Mariana,Lopez,72.0,CDMX,Basico,7,390.0,6,42.43,2022.0,2022-06-13 04:41:57.029257316+00:00,,6,42.43,7,390.0
10597,Mateo,Ramirez,79.0,CDMX,Basico,5,261.0,6,29.3,2022.0,2022-06-13 11:16:14.943735934+00:00,,6,29.3,5,261.0
10598,Sofia,Lopez,67.0,CDMX,Basico,7,427.0,3,4.62,2022.0,2022-06-13 17:50:32.858214554+00:00,2024-10-05 23:13:20+00:00,3,4.62,7,427.0
10599,Sofia,Ramirez,31.0,CDMX,Premium,4,1698.0,8,37.95,2022.0,2022-06-14 00:24:50.772693174+00:00,,8,37.95,4,724.02
10600,Ana,Torres,71.0,Desconocido,Premium,2,105.0,6,46.71,2022.0,2022-06-14 06:59:08.687171794+00:00,,6,46.71,2,105.0
10601,Carlos,Ramirez,27.0,Medellín,Basico,8,262.0,3,21.48,2022.0,2022-06-14 13:33:26.601650414+00:00,2024-09-26 00:20:00+00:00,3,21.48,8,262.0
10602,Carlos,Garcia,52.0,Medellín,Basico,4,187.0,5,22.91,2022.0,2022-06-14 20:07:44.516129034+00:00,,5,22.91,4,187.0
10603,Mateo,Gomez,26.0,Bogotá,Basico,9,467.0,4,18.189999999999998,2022.0,2022-06-15 02:42:02.430607652+00:00,,4,18.189999999999998,9,467.0
10604,Ana,Torres,52.0,Cali,Basico,5,250.0,7,38.29,2022.0,2022-06-15 09:16:20.345086272+00:00,,7,38.29,5,250.0
10605,Sofia,Torres,28.0,CDMX,Basico,7,342.0,5,23.99,2022.0,2022-06-15 15:50:38.259564892+00:00,,5,23.99,7,342.0
10606,Carlos,Garcia,48.0,MTY,Premium,9,372.0,4,7.36,2022.0,2022-06-15 22:24:56.174043512+00:00,,4,7.36,9,372.0
10607,Ana,Ramirez,61.0,Bogotá,Basico,8,407.0,7,57.629999999999995,2022.0,2022-06-16 04:59:14.088522132+00:00,,7,57.629999999999995,8,407.0
10608,Carlos,Gomez,29.0,CDMX,Basico,4,327.0,4,11.809999999999999,2022.0,2022-06-16 11:33:32.003000752+00:00,,4,11.809999999999999,4,327.0
10609,Mariana,Ramirez,20.0,Bogotá,Basico,6,213.0,4,7.7,2022.0,2022-06-16 18:07:49.917479370+00:00,,4,7.7,6,213.0
10610,Carlos,Lopez,70.0,MTY,Basico,6,345.0,7,49.019999999999996,2022.0,2022-06-17 00:42:07.831957990+00:00,2024-06-21 22:46:40+00:00,7,49.019999999999996,6,345.0
10611,Sofia,Ramirez,56.0,CDMX,Basico,10,564.0,7,52.120000000000005,2022.0,2022-06-17 07:16:25.746436610+00:00,,7,52.120000000000005,10,564.0
10612,Luis,Torres,31.0,CDMX,Basico,4,242.0,7,38.19,2022.0,2022-06-17 13:50:43.660915230+00:00,,7,38.19,4,242.0
10613,Mateo,Gomez,73.0,Cali,Basico,7,281.0,4,8.2,2022.0,2022-06-17 20:25:01.575393850+00:00,,4,8.2,7,281.0
10614,Mateo,Ramirez,45.0,CDMX,Premium,6,208.0,4,27.83,2022.0,2022-06-18 02:59:19.489872468+00:00,,4,27.83,6,208.0
10615,Sofia,Gomez,28.0,Desconocido,Basico,5,283.0,1,4.3,2022.0,2022-06-18 09:33:37.404351088+00:00,,1,4.3,5,283.0
10616,Carlos,Gomez,56.0,CDMX,Basico,6,344.0,4,16.21,2022.0,2022-06-18 16:07:55.318829708+00:00,2024-12-05 23:06:40+00:00,4,16.21,6,344.0
10617,Ana,Lopez,42.0,Cali,Basico,5,220.0,4,12.809999999999999,2022.0,2022-06-18 22:42:13.233308328+00:00,,4,12.809999999999999,5,220.0
10618,Carlos,Lopez,38.0,Desconocido,Premium,2,85.0,4,12.040000000000001,2022.0,2022-06-19 05:16:31.147786948+00:00,,4,12.040000000000001,2,85.0
10619,Sofia,Torres,27.0,Desconocido,Basico,10,488.0,7,24.8,2022.0,2022-06-19 11:50:49.062265568+00:00,,7,24.8,10,488.0
10620,Mateo,Garcia,60.0,Desconocido,Basico,7,339.0,3,18.05,2022.0,2022-06-19 18:25:06.976744186+00:00,,3,18.05,7,339.0
10621,Carlos,Gomez,32.0,GDL,Premium,4,262.0,6,17.78,2022.0,2022-06-20 00:59:24.891222806+00:00,,6,17.78,4,262.0
10622,Mateo,Garcia,36.0,MTY,Basico,7,345.0,1,3.44,2022.0,2022-06-20 07:33:42.805701426+00:00,,1,3.44,7,345.0
10623,Ana,Torres,65.0,Bogotá,Basico,8,438.0,8,33.69,2022.0,2022-06-20 14:08:00.720180046+00:00,,8,33.69,8,438.0
10624,Mateo,Gomez,39.0,CDMX,Premium,5,250.0,6,23.04,2022.0,2022-06-20 20:42:18.634658666+00:00,,6,23.04,5,250.0
10625,Mateo,Gomez,38.0,CDMX,Basico,8,517.0,2,2.02,2022.0,2022-06-21 03:16:36.549137286+00:00,,2,2.02,8,517.0
10626,Luis,Garcia,77.0,Desconocido,Premium,6,245.0,6,19.89,2022.0,2022-06-21 09:50:54.463615904+00:00,,6,19.89,6,245.0
10627,Luis,Ramirez,69.0,Bogotá,Basico,8,342.0,7,13.66,2022.0,2022-06-21 16:25:12.378094524+00:00,,7,13.66,8,342.0
10628,Mariana,Lopez,61.0,Medellín,Basico,7,300.0,3,8.58,2022.0,2022-06-21 22:59:30.292573144+00:00,,3,8.58,7,300.0
10629,Luis,Ramirez,49.0,Desconocido,Premium,7,235.0,2,7.5,2022.0,2022-06-22 05:33:48.207051764+00:00,,2,7.5,7,235.0
10630,Mateo,Garcia,67.0,Medellín,Premium,4,247.0,4,34.06,2022.0,2022-06-22 12:08:06.121530384+00:00,2024-09-24 01:06:40+00:00,4,34.06,4,247.0
10631,Sofia,Lopez,40.0,Medellín,Premium,8,331.0,6,19.73,2022.0,2022-06-22 18:42:24.036009004+00:00,,6,19.73,8,331.0
10632,Mateo,Ramirez,30.0,Cali,Basico,4,183.0,4,11.95,2022.0,2022-06-23 01:16:41.950487622+00:00,,4,11.95,4,183.0
10633,Sofia,Lopez,22.0,CDMX,Basico,3,162.0,8,85.8,2022.0,2022-06-23 07:50:59.864966242+00:00,,8,82.19759999999998,3,162.0
10634,Sofia,Gomez,21.0,MTY,Basico,2,139.0,5,39.379999999999995,2022.0,2022-06-23 14:25:17.779444862+00:00,,5,39.379999999999995,2,139.0
10635,Luis,Ramirez,45.0,Desconocido,Basico,6,261.0,2,3.1799999999999997,2022.0,2022-06-23 20:59:35.693923482+00:00,2024-11-13 01:06:40+00:00,2,3.1799999999999997,6,261.0
10636,Carlos,Lopez,31.0,Desconocido,Basico,7,352.0,3,16.79,2022.0,2022-06-24 03:33:53.608402102+00:00,,3,16.79,7,352.0
10637,Ana,Lopez,25.0,Desconocido,Basico,1,50.0,5,24.98,2022.0,2022-06-24 10:08:11.522880722+00:00,,5,24.98,1,50.0
10638,Luis,Lopez,26.0,Bogotá,Basico,7,402.0,3,8.71,2022.0,2022-06-24 16:42:29.437359340+00:00,,3,8.71,7,402.0
10639,Luis,Ramirez,74.0,Desconocido,Basico,5,257.0,8,40.79,2022.0,2022-06-24 23:16:47.351837960+00:00,,8,40.79,5,257.0
10640,Carlos,Torres,68.0,CDMX,Basico,6,266.0,5,44.6,2022.0,2022-06-25 05:51:05.266316580+00:00,,5,44.6,6,266.0
10641,Ana,Ramirez,52.0,CDMX,Premium,7,377.0,3,21.47,2022.0,2022-06-25 12:25:23.180795200+00:00,,3,21.47,7,377.0
10642,Mateo,Garcia,54.0,Bogotá,Premium,5,220.0,4,25.77,2022.0,2022-06-25 18:59:41.095273820+00:00,,4,25.77,5,220.0
10643,Mariana,Ramirez,38.0,Bogotá,Basico,4,180.0,6,27.21,2022.0,2022-06-26 01:33:59.009752438+00:00,,6,27.21,4,180.0
10644,Mariana,Lopez,75.0,GDL,Premium,4,201.0,2,2.59,2022.0,2022-06-26 08:08:16.924231058+00:00,,2,2.59,4,201.0
10645,Mateo,Gomez,35.0,MTY,Basico,6,251.0,1,12.8,2022.0,2022-06-26 14:42:34.838709678+00:00,,1,12.8,6,251.0
10646,Luis,Ramirez,50.0,CDMX,Premium,6,252.0,4,41.53,,,,4,41.53,6,252.0
10647,Ana,Ramirez,25.0,Bogotá,Basico,3,161.0,4,22.87,2022.0,2022-06-27 03:51:10.667666918+00:00,2024-09-02 23:33:20+00:00,4,22.87,3,161.0
10648,Luis,Lopez,68.0,Cali,Basico,4,288.0,2,13.19,2022.0,2022-06-27 10:25:28.582145538+00:00,,2,13.19,4,288.0
10649,Sofia,Gomez,66.0,Medellín,Premium,3,139.0,5,36.72,2022.0,2022-06-27 16:59:46.496624156+00:00,,5,36.72,3,139.0
10650,Luis,Gomez,34.0,CDMX,Basico,5,237.0,5,13.39,2022.0,2022-06-27 23:34:04.411102776+00:00,,5,13.39,5,237.0
10651,Luis,Garcia,60.0,Bogotá,Premium,3,199.0,4,23.58,2022.0,2022-06-28 06:08:22.325581396+00:00,,4,23.58,3,199.0
10652,Mateo,Ramirez,48.0,Medellín,Premium,8,370.0,7,22.5,2022.0,2022-06-28 12:42:40.240060016+00:00,,7,22.5,8,370.0
10653,Mateo,Gomez,51.0,Bogotá,Premium,9,450.0,4,21.27,2022.0,2022-06-28 19:16:58.154538636+00:00,,4,21.27,9,450.0
10654,Mateo,Gomez,23.0,MTY,Basico,7,373.0,5,12.809999999999999,2022.0,2022-06-29 01:51:16.069017256+00:00,,5,12.809999999999999,7,373.0
10655,Mariana,Torres,39.0,Medellín,Basico,7,402.0,4,18.98,2022.0,2022-06-29 08:25:33.983495874+00:00,,4,18.98,7,402.0
10656,Sofia,Torres,31.0,Desconocido,Basico,8,304.0,5,23.58,2022.0,2022-06-29 14:59:51.897974494+00:00,,5,23.58,8,304.0
10657,Mateo,Gomez,20.0,CDMX,Premium,7,398.0,3,20.759999999999998,2022.0,2022-06-29 21:34:09.812453114+00:00,2024-08-08 01:20:00+00:00,3,20.759999999999998,7,398.0
10658,Ana,Garcia,29.0,MTY,Basico,4,136.0,3,7.2,2022.0,2022-06-30 04:08:27.726931734+00:00,,3,7.2,4,136.0
10659,Mariana,Gomez,53.0,Bogotá,Basico,4,244.0,4,19.56,2022.0,2022-06-30 10:42:45.641410354+00:00,,4,19.56,4,244.0
10660,Carlos,Lopez,29.0,Bogotá,Basico,1,53.0,1,8.88,2022.0,2022-06-30 17:17:03.555888974+00:00,,1,8.88,1,53.0
10661,Ana,Ramirez,62.0,CDMX,Basico,6,325.0,4,10.72,2022.0,2022-06-30 23:51:21.470367592+00:00,,4,10.72,6,325.0
10662,Ana,Garcia,19.0,CDMX,Basico,3,134.0,4,30.07,2022.0,2022-07-01 06:25:39.384846212+00:00,2024-10-05 01:00:00+00:00,4,30.07,3,134.0
10663,Mateo,Lopez,19.0,GDL,Basico,2,77.0,4,12.66,2022.0,2022-07-01 12:59:57.299324832+00:00,,4,12.66,2,77.0
10664,Carlos,Garcia,32.0,Desconocido,Premium,9,423.0,4,13.05,2022.0,2022-07-01 19:34:15.213803452+00:00,,4,13.05,9,423.0
10665,Carlos,Lopez,40.0,Medellín,Basico,5,206.0,8,43.82,2022.0,2022-07-02 02:08:33.128282072+00:00,,8,43.82,5,206.0
10666,Mariana,Ramirez,46.0,Medellín,Premium,3,141.0,8,50.02,2022.0,2022-07-02 08:42:51.042760692+00:00,,8,50.02,3,141.0
10667,Carlos,Ramirez,34.0,Cali,Premium,5,233.0,4,30.04,2022.0,2022-07-02 15:17:08.957239310+00:00,,4,30.04,5,233.0
10668,Sofia,Torres,49.0,CDMX,Basico,5,232.0,5,9.08,2022.0,2022-07-02 21:51:26.871717930+00:00,,5,9.08,5,232.0
10669,Mateo,Lopez,24.0,Desconocido,Basico,5,233.0,2,12.7,2022.0,2022-07-03 04:25:44.786196550+00:00,,2,12.7,5,233.0
10670,Carlos,Torres,47.0,Bogotá,Basico,12,514.0,3,19.13,2022.0,2022-07-03 11:00:02.700675170+00:00,,3,19.13,12,514.0
10671,Mariana,Lopez,45.0,MTY,Basico,6,306.0,7,27.19,2022.0,2022-07-03 17:34:20.615153790+00:00,,7,27.19,6,306.0
10672,Sofia,Torres,31.0,Cali,Premium,6,322.0,5,18.71,2022.0,2022-07-04 00:08:38.529632408+00:00,,5,18.71,6,322.0
10673,Luis,Ramirez,61.0,Cali,Basico,7,339.0,5,11.14,2022.0,2022-07-04 06:42:56.444111028+00:00,,5,11.14,7,339.0
10674,Luis,Garcia,47.0,Cali,Basico,6,308.0,3,10.36,2022.0,2022-07-04 13:17:14.358589648+00:00,,3,10.36,6,308.0
10675,Sofia,Torres,34.0,CDMX,Basico,6,275.0,8,70.58,2022.0,2022-07-04 19:51:32.273068268+00:00,,8,70.58,6,275.0
10676,Mariana,Lopez,49.0,Desconocido,Premium,5,215.0,4,10.58,2022.0,2022-07-05 02:25:50.187546888+00:00,,4,10.58,5,215.0
10677,Sofia,Lopez,63.0,Desconocido,Basico,5,230.0,6,26.59,2022.0,2022-07-05 09:00:08.102025508+00:00,2024-12-13 22:46:40+00:00,6,26.59,5,230.0
10678,Mateo,Ramirez,23.0,MTY,Basico,3,134.0,9,28.91,2022.0,2022-07-05 15:34:26.016504126+00:00,,9,28.91,3,134.0
10679,Mateo,Lopez,68.0,CDMX,Basico,3,144.0,4,10.469999999999999,2022.0,2022-07-05 22:08:43.930982746+00:00,,4,10.469999999999999,3,144.0
10680,Luis,Gomez,41.0,CDMX,Premium,11,609.0,7,33.39,2022.0,2022-07-06 04:43:01.845461366+00:00,,7,33.39,11,609.0
10681,Carlos,Garcia,23.0,Desconocido,Basico,9,489.0,4,33.81,2022.0,2022-07-06 11:17:19.759939986+00:00,,4,33.81,9,489.0
10682,Mariana,Torres,44.0,Bogotá,Basico,4,166.0,4,14.12,2022.0,2022-07-06 17:51:37.674418606+00:00,2024-10-07 00:13:20+00:00,4,14.12,4,166.0
10683,Luis,Garcia,35.0,MTY,Basico,4,193.0,2,4.95,2022.0,2022-07-07 00:25:55.588897226+00:00,,2,4.95,4,193.0
10684,Carlos,Ramirez,41.0,GDL,Premium,7,431.0,3,13.35,2022.0,2022-07-07 07:00:13.503375844+00:00,2024-06-27 01:00:00+00:00,3,13.35,7,431.0
10685,Carlos,Torres,54.0,GDL,Basico,4,152.0,6,63.260000000000005,2022.0,2022-07-07 13:34:31.417854464+00:00,,6,63.260000000000005,4,152.0
10686,Mateo,Torres,73.0,Medellín,Premium,6,329.0,4,41.29,2022.0,2022-07-07 20:08:49.332333084+00:00,,4,41.29,6,329.0
10687,Ana,Gomez,41.0,Bogotá,Basico,7,287.0,4,13.0,2022.0,2022-07-08 02:43:07.246811704+00:00,,4,13.0,7,287.0
10688,Ana,Ramirez,55.0,Desconocido,Basico,8,443.0,6,19.53,2022.0,2022-07-08 09:17:25.161290324+00:00,2024-10-27 00:46:40+00:00,6,19.53,8,443.0
10689,Sofia,Lopez,51.0,Medellín,Premium,6,223.0,3,6.27,2022.0,2022-07-08 15:51:43.075768944+00:00,2024-06-13 23:06:40+00:00,3,6.27,6,223.0
10690,Mateo,Gomez,57.0,Cali,Premium,4,211.0,6,28.130000000000003,2022.0,2022-07-08 22:26:00.990247562+00:00,,6,28.130000000000003,4,211.0
10691,Carlos,Gomez,64.0,GDL,Premium,4,203.0,4,14.9,2022.0,2022-07-09 05:00:18.904726182+00:00,,4,14.9,4,203.0
10692,Mariana,Garcia,32.0,CDMX,Premium,5,269.0,7,25.97,2022.0,2022-07-09 11:34:36.819204802+00:00,,7,25.97,5,269.0
10693,Ana,Garcia,28.0,Bogotá,Basico,3,125.0,3,14.91,2022.0,2022-07-09 18:08:54.733683422+00:00,,3,14.91,3,125.0
10694,Carlos,Garcia,39.0,MTY,Premium,1,52.0,3,21.99,2022.0,2022-07-10 00:43:12.648162042+00:00,2024-08-25 23:53:20+00:00,3,21.99,1,52.0
10695,Ana,Gomez,71.0,GDL,Basico,6,359.0,6,45.19,2022.0,2022-07-10 07:17:30.562640662+00:00,,6,45.19,6,359.0
10696,Ana,Lopez,41.0,Desconocido,Premium,6,222.0,3,12.81,2022.0,2022-07-10 13:51:48.477119280+00:00,,3,12.81,6,222.0
10697,Ana,Torres,18.0,Bogotá,Basico,4,178.0,8,48.33,2022.0,2022-07-10 20:26:06.391597900+00:00,,8,48.33,4,178.0
10698,Mariana,Garcia,35.0,CDMX,Basico,2,38.0,6,34.53,2022.0,2022-07-11 03:00:24.306076520+00:00,,6,34.53,2,38.0
10699,Mateo,Lopez,61.0,GDL,Basico,3,100.0,1,9.7,2022.0,2022-07-11 09:34:42.220555140+00:00,,1,9.7,3,100.0
10700,Mariana,Ramirez,29.0,GDL,Basico,6,370.0,4,36.42,2022.0,2022-07-11 16:09:00.135033760+00:00,,4,36.42,6,370.0
10701,Luis,Garcia,74.0,Desconocido,Basico,8,389.0,1,7.79,2022.0,2022-07-11 22:43:18.049512380+00:00,,1,7.79,8,389.0
10702,Carlos,Torres,60.0,GDL,Basico,4,194.0,8,40.89,2022.0,2022-07-12 05:17:35.963990998+00:00,,8,40.89,4,194.0
10703,Mateo,Ramirez,45.0,MTY,Basico,6,256.0,4,18.81,2022.0,2022-07-12 11:51:53.878469618+00:00,,4,18.81,6,256.0
10704,Mateo,Ramirez,57.0,Medellín,Basico,5,286.0,3,24.09,2022.0,2022-07-12 18:26:11.792948238+00:00,,3,24.09,5,286.0
10705,Mateo,Torres,77.0,GDL,Basico,2,34.0,4,24.380000000000003,2022.0,2022-07-13 01:00:29.707426858+00:00,,4,24.380000000000003,2,34.0
10706,Mateo,Garcia,24.0,GDL,Basico,7,402.0,2,8.870000000000001,2022.0,2022-07-13 07:34:47.621905478+00:00,,2,8.870000000000001,7,402.0
10707,Mariana,Gomez,40.0,CDMX,Basico,3,103.0,3,8.97,2022.0,2022-07-13 14:09:05.536384096+00:00,,3,8.97,3,103.0
10708,Mateo,Torres,38.0,MTY,Basico,6,388.0,6,19.95,2022.0,2022-07-13 20:43:23.450862716+00:00,2024-09-02 23:33:20+00:00,6,19.95,6,388.0
10709,Sofia,Torres,51.0,CDMX,Premium,9,500.0,5,10.57,2022.0,2022-07-14 03:17:41.365341336+00:00,,5,10.57,9,500.0
10710,Carlos,Torres,28.0,CDMX,Premium,6,263.0,6,14.1,2022.0,2022-07-14 09:51:59.279819956+00:00,,6,14.1,6,263.0
10711,Mateo,Ramirez,39.0,Cali,Basico,8,357.0,3,14.63,2022.0,2022-07-14 16:26:17.194298576+00:00,2024-11-27 23:26:40+00:00,3,14.63,8,357.0
10712,Carlos,Lopez,59.0,CDMX,Basico,6,325.0,6,37.589999999999996,2022.0,2022-07-14 23:00:35.108777196+00:00,,6,37.589999999999996,6,325.0
10713,Sofia,Gomez,52.0,Cali,Premium,9,448.0,2,7.199999999999999,2022.0,2022-07-15 05:34:53.023255814+00:00,,2,7.199999999999999,9,448.0
10714,Sofia,Garcia,69.0,Cali,Basico,8,434.0,4,13.100000000000001,2022.0,2022-07-15 12:09:10.937734434+00:00,,4,13.100000000000001,8,434.0
10715,Carlos,Garcia,46.0,Bogotá,Premium,8,408.0,6,41.76,2022.0,2022-07-15 18:43:28.852213054+00:00,,6,41.76,8,408.0
10716,Ana,Lopez,59.0,MTY,Basico,8,363.0,4,21.27,2022.0,2022-07-16 01:17:46.766691674+00:00,,4,21.27,8,363.0
10717,Luis,Torres,45.0,CDMX,Basico,3,158.0,3,30.450000000000003,2022.0,2022-07-16 07:52:04.681170294+00:00,,3,30.450000000000003,3,158.0
10718,Ana,Gomez,76.0,Medellín,Basico,2,86.0,8,60.64999999999999,2022.0,2022-07-16 14:26:22.595648914+00:00,,8,60.64999999999999,2,86.0
10719,Ana,Garcia,35.0,Medellín,Basico,7,410.0,4,39.21,2022.0,2022-07-16 21:00:40.510127532+00:00,,4,39.21,7,410.0
10720,Mariana,Garcia,31.0,Medellín,Basico,10,515.0,9,62.78,2022.0,2022-07-17 03:34:58.424606152+00:00,,9,62.78,10,515.0
10721,Ana,Torres,35.0,CDMX,Basico,6,391.0,5,40.879999999999995,2022.0,2022-07-17 10:09:16.339084772+00:00,,5,40.879999999999995,6,391.0
10722,Mateo,Lopez,45.0,Desconocido,Basico,4,173.0,8,37.65,2022.0,2022-07-17 16:43:34.253563392+00:00,,8,37.65,4,173.0
10723,Mariana,Gomez,41.0,CDMX,Basico,3,167.0,5,35.01,2022.0,2022-07-17 23:17:52.168042012+00:00,,5,35.01,3,167.0
10724,Mariana,Lopez,25.0,MTY,Premium,4,141.0,8,25.7,2022.0,2022-07-18 05:52:10.082520632+00:00,,8,25.7,4,141.0
10725,Sofia,Lopez,59.0,Bogotá,Premium,0,0.0,5,31.860000000000003,2022.0,2022-07-18 12:26:27.996999250+00:00,,5,31.860000000000003,1,34.0
10726,Ana,Gomez,71.0,CDMX,Basico,9,361.0,5,21.49,2022.0,2022-07-18 19:00:45.911477870+00:00,2024-07-30 00:40:00+00:00,5,21.49,9,361.0
10727,Sofia,Gomez,62.0,Bogotá,Basico,6,258.0,3,7.52,2022.0,2022-07-19 01:35:03.825956490+00:00,2024-08-05 23:20:00+00:00,3,7.52,6,258.0
10728,Carlos,Garcia,70.0,Cali,Basico,1,38.0,3,14.120000000000001,2022.0,2022-07-19 08:09:21.740435110+00:00,,3,14.120000000000001,1,38.0
10729,Luis,Garcia,25.0,Cali,Basico,4,178.0,1,10.78,2022.0,2022-07-19 14:43:39.654913730+00:00,,1,10.78,4,178.0
10730,Mariana,Gomez,21.0,Desconocido,Basico,4,203.0,7,12.32,2022.0,2022-07-19 21:17:57.569392350+00:00,,7,12.32,4,203.0
10731,Carlos,Ramirez,44.0,Bogotá,Basico,5,317.0,10,44.26,2022.0,2022-07-20 03:52:15.483870968+00:00,,10,44.26,5,317.0
10732,Carlos,Garcia,53.0,Medellín,Basico,8,247.0,5,41.74,2022.0,2022-07-20 10:26:33.398349588+00:00,,5,41.74,8,247.0
10733,Mateo,Ramirez,22.0,CDMX,Basico,6,381.0,4,18.82,2022.0,2022-07-20 17:00:51.312828208+00:00,,4,18.82,6,381.0
10734,Luis,Gomez,50.0,Bogotá,Premium,7,326.0,2,14.120000000000001,2022.0,2022-07-20 23:35:09.227306828+00:00,,2,14.120000000000001,7,326.0
10735,Carlos,Garcia,66.0,CDMX,Premium,4,190.0,6,24.02,2022.0,2022-07-21 06:09:27.141785448+00:00,,6,24.02,4,190.0
10736,Carlos,Lopez,51.0,MTY,Basico,7,310.0,2,12.24,2022.0,2022-07-21 12:43:45.056264068+00:00,,2,12.24,7,310.0
10737,Luis,Gomez,47.0,MTY,Basico,8,330.0,3,22.41,2022.0,2022-07-21 19:18:02.970742686+00:00,,3,22.41,8,330.0
10738,Luis,Torres,25.0,Bogotá,Basico,5,180.0,3,21.330000000000002,2022.0,2022-07-22 01:52:20.885221306+00:00,,3,21.330000000000002,5,180.0
10739,Carlos,Ramirez,56.0,Bogotá,Premium,1,17.0,5,28.83,2022.0,2022-07-22 08:26:38.799699926+00:00,,5,28.83,1,34.0
10740,Luis,Gomez,48.0,Desconocido,Premium,3,161.0,4,20.990000000000002,2022.0,2022-07-22 15:00:56.714178546+00:00,,4,20.990000000000002,3,161.0
10741,Carlos,Gomez,64.0,MTY,Premium,5,194.0,5,16.08,2022.0,2022-07-22 21:35:14.628657166+00:00,,5,16.08,5,194.0
10742,Carlos,Garcia,43.0,Desconocido,Basico,9,435.0,2,9.64,2022.0,2022-07-23 04:09:32.543135784+00:00,,2,9.64,9,435.0
10743,Mateo,Garcia,74.0,Cali,Premium,5,279.0,9,76.76,2022.0,2022-07-23 10:43:50.457614404+00:00,,9,76.76,5,279.0
10744,Ana,Garcia,54.0,Bogotá,Basico,9,523.0,2,8.3,2022.0,2022-07-23 17:18:08.372093024+00:00,,2,8.3,9,523.0
10745,Carlos,Torres,51.0,Medellín,Premium,5,198.0,9,12.89,2022.0,2022-07-23 23:52:26.286571644+00:00,,9,12.89,5,198.0
10746,Sofia,Garcia,24.0,CDMX,Premium,7,357.0,9,18.53,2022.0,2022-07-24 06:26:44.201050264+00:00,,9,18.53,7,357.0
10747,Mariana,Gomez,48.0,Cali,Basico,6,237.0,2,1.3,2022.0,2022-07-24 13:01:02.115528884+00:00,,2,1.3,6,237.0
10748,Ana,Garcia,57.0,Bogotá,Basico,4,258.0,8,58.19,2022.0,2022-07-24 19:35:20.030007502+00:00,,8,58.19,4,258.0
10749,Ana,Lopez,45.0,Desconocido,Premium,3,192.0,10,43.55,2022.0,2022-07-25 02:09:37.944486122+00:00,,10,43.55,3,192.0
10750,Ana,Garcia,56.0,Medellín,Basico,4,191.0,7,29.880000000000003,2022.0,2022-07-25 08:43:55.858964742+00:00,,7,29.880000000000003,4,191.0
10751,Mateo,Torres,79.0,Cali,Basico,4,183.0,7,57.93,2022.0,2022-07-25 15:18:13.773443362+00:00,,7,57.93,4,183.0
10752,Carlos,Lopez,56.0,Cali,Basico,6,316.0,4,20.96,2022.0,2022-07-25 21:52:31.687921982+00:00,,4,20.96,6,316.0
10753,Mateo,Gomez,45.0,MTY,Basico,2,104.0,6,48.04,2022.0,2022-07-26 04:26:49.602400602+00:00,,6,48.04,2,104.0
10754,Carlos,Gomez,48.0,GDL,Basico,5,150.0,6,36.529999999999994,2022.0,2022-07-26 11:01:07.516879220+00:00,,6,36.529999999999994,5,150.0
10755,Mateo,Ramirez,31.0,Bogotá,Basico,7,274.0,5,8.17,2022.0,2022-07-26 17:35:25.431357840+00:00,,5,8.17,7,274.0
10756,Mateo,Lopez,70.0,Bogotá,Basico,5,233.0,3,15.86,2022.0,2022-07-27 00:09:43.345836460+00:00,,3,15.86,5,233.0
10757,Mariana,Ramirez,67.0,GDL,Basico,8,481.0,3,6.21,2022.0,2022-07-27 06:44:01.260315080+00:00,,3,6.21,8,481.0
10758,Sofia,Lopez,55.0,Desconocido,Basico,4,180.0,3,10.73,2022.0,2022-07-27 13:18:19.174793700+00:00,,3,10.73,4,180.0
10759,Mateo,Lopez,21.0,Bogotá,Basico,4,176.0,4,4.67,2022.0,2022-07-27 19:52:37.089272320+00:00,2024-11-29 22:40:00+00:00,4,4.67,4,176.0
10760,Mariana,Torres,59.0,Desconocido,Basico,3,187.0,4,17.509999999999998,2022.0,2022-07-28 02:26:55.003750938+00:00,,4,17.509999999999998,3,187.0
10761,Luis,Ramirez,35.0,Cali,Basico,3,179.0,2,21.72,2022.0,2022-07-28 09:01:12.918229558+00:00,,2,21.72,3,179.0
10762,Sofia,Torres,61.0,Bogotá,Basico,6,307.0,4,24.37,2022.0,2022-07-28 15:35:30.832708180+00:00,,4,24.37,6,307.0
10763,Mateo,Lopez,65.0,Desconocido,Premium,5,215.0,3,16.41,2022.0,2022-07-28 22:09:48.747186796+00:00,,3,16.41,5,215.0
10764,Ana,Gomez,42.0,Bogotá,Basico,5,345.0,7,28.19,2022.0,2022-07-29 04:44:06.661665416+00:00,,7,28.19,5,345.0
10765,Luis,Lopez,24.0,Desconocido,Premium,7,372.0,3,14.870000000000001,2022.0,2022-07-29 11:18:24.576144036+00:00,,3,14.870000000000001,7,372.0
10766,Luis,Torres,55.0,MTY,Basico,7,339.0,6,16.26,2022.0,2022-07-29 17:52:42.490622656+00:00,,6,16.26,7,339.0
10767,Mariana,Ramirez,45.0,MTY,Premium,10,504.0,3,12.65,2022.0,2022-07-30 00:27:00.405101276+00:00,,3,12.65,10,504.0
10768,Luis,Ramirez,22.0,Bogotá,Basico,2,83.0,2,2.2199999999999998,2022.0,2022-07-30 07:01:18.319579896+00:00,,2,2.2199999999999998,2,83.0
10769,Sofia,Torres,20.0,Bogotá,Basico,6,233.0,4,12.95,2022.0,2022-07-30 13:35:36.234058516+00:00,,4,12.95,6,233.0
10770,Mateo,Ramirez,61.0,Bogotá,Basico,4,315.0,3,31.15,2022.0,2022-07-30 20:09:54.148537136+00:00,,3,31.15,4,315.0
10771,Mateo,Garcia,48.0,Bogotá,Basico,7,311.0,2,17.02,2022.0,2022-07-31 02:44:12.063015756+00:00,,2,17.02,7,311.0
10772,Ana,Gomez,64.0,MTY,Premium,8,359.0,4,7.59,2022.0,2022-07-31 09:18:29.977494376+00:00,,4,7.59,8,359.0
10773,Mariana,Gomez,59.0,Desconocido,Basico,10,454.0,2,4.37,2022.0,2022-07-31 15:52:47.891972996+00:00,,2,4.37,10,454.0
10774,Ana,Gomez,75.0,Bogotá,Basico,7,402.0,3,8.67,2022.0,2022-07-31 22:27:05.806451612+00:00,,3,8.67,7,402.0
10775,Luis,Ramirez,37.0,Bogotá,Premium,4,198.0,8,41.3,2022.0,2022-08-01 05:01:23.720930232+00:00,,8,41.3,4,198.0
10776,Ana,Ramirez,36.0,Medellín,Basico,2,93.0,5,15.35,2022.0,2022-08-01 11:35:41.635408852+00:00,,5,15.35,2,93.0
10777,Sofia,Lopez,65.0,Cali,Basico,4,132.0,12,55.28,2022.0,2022-08-01 18:09:59.549887472+00:00,,10,55.28,4,132.0
10778,Mateo,Lopez,77.0,Desconocido,Basico,8,422.0,11,32.13,2022.0,2022-08-02 00:44:17.464366092+00:00,,10,32.13,8,422.0
10779,Luis,Gomez,28.0,Bogotá,Basico,10,432.0,5,42.64,2022.0,2022-08-02 07:18:35.378844712+00:00,,5,42.64,10,432.0
10780,Ana,Garcia,57.0,CDMX,Premium,10,455.0,6,15.0,2022.0,2022-08-02 13:52:53.293323332+00:00,,6,15.0,10,455.0
10781,Mariana,Lopez,20.0,Bogotá,Premium,1,1528.0,5,27.02,2022.0,2022-08-02 20:27:11.207801952+00:00,,5,27.02,1,724.02
10782,Sofia,Lopez,40.0,Bogotá,Premium,6,205.0,4,22.62,2022.0,2022-08-03 03:01:29.122280572+00:00,,4,22.62,6,205.0
10783,Sofia,Ramirez,24.0,Desconocido,Premium,7,352.0,4,18.6,2022.0,2022-08-03 09:35:47.036759192+00:00,,4,18.6,7,352.0
10784,Ana,Garcia,40.0,MTY,Basico,3,121.0,6,44.32,2022.0,2022-08-03 16:10:04.951237812+00:00,,6,44.32,3,121.0
10785,Mateo,Gomez,78.0,Desconocido,Basico,4,285.0,3,12.540000000000001,2022.0,2022-08-03 22:44:22.865716432+00:00,,3,12.540000000000001,4,285.0
10786,Ana,Lopez,24.0,Bogotá,Basico,4,143.0,6,20.81,2022.0,2022-08-04 05:18:40.780195048+00:00,2024-06-01 00:00:00+00:00,6,20.81,4,143.0
10787,Luis,Garcia,63.0,Desconocido,Premium,4,123.0,4,17.93,2022.0,2022-08-04 11:52:58.694673668+00:00,,4,17.93,4,123.0
10788,Ana,Garcia,51.0,CDMX,Premium,5,185.0,4,19.740000000000002,2022.0,2022-08-04 18:27:16.609152288+00:00,,4,19.740000000000002,5,185.0
10789,Sofia,Gomez,59.0,Desconocido,Basico,6,218.0,6,15.73,2022.0,2022-08-05 01:01:34.523630908+00:00,,6,15.73,6,218.0
10790,Ana,Garcia,36.0,Desconocido,Basico,9,366.0,6,19.18,2022.0,2022-08-05 07:35:52.438109528+00:00,,6,19.18,9,366.0
10791,Mateo,Garcia,75.0,Desconocido,Premium,4,178.0,6,22.59,2022.0,2022-08-05 14:10:10.352588148+00:00,,6,22.59,4,178.0
10792,Mariana,Garcia,26.0,CDMX,Basico,9,420.0,6,30.46,2022.0,2022-08-05 20:44:28.267066768+00:00,,6,30.46,9,420.0
10793,Carlos,Lopez,65.0,CDMX,Premium,5,287.0,5,24.58,2022.0,2022-08-06 03:18:46.181545388+00:00,,5,24.58,5,287.0
10794,Ana,Gomez,68.0,Medellín,Basico,8,392.0,7,27.48,2022.0,2022-08-06 09:53:04.096024008+00:00,,7,27.48,8,392.0
10795,Mateo,Garcia,35.0,CDMX,Basico,5,257.0,7,43.88,2022.0,2022-08-06 16:27:22.010502628+00:00,,7,43.88,5,257.0
10796,Mateo,Garcia,58.0,CDMX,Basico,7,376.0,4,12.71,2022.0,2022-08-06 23:01:39.924981248+00:00,,4,12.71,7,376.0
10797,Mariana,Lopez,65.0,GDL,Basico,3,141.0,2,13.05,2022.0,2022-08-07 05:35:57.839459868+00:00,,2,13.05,3,141.0
10798,Sofia,Gomez,62.0,Bogotá,Basico,1,50.0,4,7.2299999999999995,2022.0,2022-08-07 12:10:15.753938484+00:00,,4,7.2299999999999995,1,50.0
10799,Mateo,Ramirez,59.0,Bogotá,Basico,3,142.0,5,22.43,2022.0,2022-08-07 18:44:33.668417104+00:00,,5,22.43,3,142.0
10800,Mateo,Lopez,42.0,CDMX,Premium,4,274.0,3,27.509999999999998,2022.0,2022-08-08 01:18:51.582895724+00:00,,3,27.509999999999998,4,274.0
10801,Mateo,Gomez,69.0,CDMX,Premium,2,109.0,2,0.74,2022.0,2022-08-08 07:53:09.497374344+00:00,,2,0.74,2,109.0
10802,Mateo,Garcia,31.0,Bogotá,Premium,4,265.0,6,24.83,2022.0,2022-08-08 14:27:27.411852964+00:00,,6,24.83,4,265.0
10803,Luis,Gomez,61.0,Bogotá,Basico,5,247.0,6,22.88,2022.0,2022-08-08 21:01:45.326331584+00:00,,6,22.88,5,247.0
10804,Luis,Gomez,42.0,CDMX,Premium,2,118.0,0,0.0,2022.0,2022-08-09 03:36:03.240810204+00:00,,0,0.0,2,118.0
10805,Sofia,Gomez,36.0,MTY,Basico,5,254.0,1,0.33,2022.0,2022-08-09 10:10:21.155288824+00:00,,1,0.33,5,254.0
10806,Ana,Ramirez,56.0,Desconocido,Basico,11,469.0,3,10.620000000000001,2022.0,2022-08-09 16:44:39.069767444+00:00,,3,10.620000000000001,11,469.0
10807,Mateo,Gomez,72.0,Desconocido,Basico,6,308.0,2,11.57,2022.0,2022-08-09 23:18:56.984246064+00:00,,2,11.57,6,308.0
10808,Mariana,Ramirez,32.0,Desconocido,Basico,10,527.0,3,11.280000000000001,2022.0,2022-08-10 05:53:14.898724684+00:00,,3,11.280000000000001,10,527.0
10809,Ana,Garcia,33.0,Desconocido,Premium,7,408.0,2,22.29,2022.0,2022-08-10 12:27:32.813203300+00:00,,2,22.29,7,408.0
10810,Mariana,Ramirez,44.0,MTY,Basico,4,171.0,4,27.93,2022.0,2022-08-10 19:01:50.727681920+00:00,2024-08-05 01:06:40+00:00,4,27.93,4,171.0
10811,Ana,Garcia,57.0,Medellín,Basico,3,151.0,6,13.08,2022.0,2022-08-11 01:36:08.642160540+00:00,,6,13.08,3,151.0
10812,Sofia,Garcia,27.0,Bogotá,Premium,6,285.0,6,40.58,2022.0,2022-08-11 08:10:26.556639160+00:00,,6,40.58,6,285.0
10813,Mateo,Ramirez,48.0,Medellín,Basico,6,423.0,4,19.9,2022.0,2022-08-11 14:44:44.471117780+00:00,,4,19.9,6,423.0
10814,Mateo,Lopez,21.0,MTY,Premium,2,143.0,3,46.78,2022.0,2022-08-11 21:19:02.385596400+00:00,,3,46.78,2,143.0
10815,Carlos,Torres,68.0,Medellín,Basico,4,143.0,4,10.32,2022.0,2022-08-12 03:53:20.300075020+00:00,,4,10.32,4,143.0
10816,Mariana,Gomez,36.0,Bogotá,Premium,6,259.0,3,15.35,2022.0,2022-08-12 10:27:38.214553640+00:00,,3,15.35,6,259.0
10817,Ana,Torres,48.0,CDMX,Basico,8,483.0,6,42.57,2022.0,2022-08-12 17:01:56.129032260+00:00,,6,42.57,8,483.0
10818,Ana,Gomez,45.0,Cali,Premium,11,517.0,3,2.83,2022.0,2022-08-12 23:36:14.043510880+00:00,,3,2.83,11,517.0
10819,Luis,Gomez,38.0,CDMX,Basico,9,388.0,3,4.34,2022.0,2022-08-13 06:10:31.957989500+00:00,,3,4.34,9,388.0
10820,Carlos,Garcia,76.0,GDL,Premium,5,176.0,8,19.33,2022.0,2022-08-13 12:44:49.872468120+00:00,,8,19.33,5,176.0
10821,Luis,Gomez,64.0,CDMX,Basico,4,251.0,2,8.98,2022.0,2022-08-13 19:19:07.786946736+00:00,,2,8.98,4,251.0
10822,Luis,Gomez,31.0,MTY,Basico,9,444.0,5,8.02,2022.0,2022-08-14 01:53:25.701425356+00:00,,5,8.02,9,444.0
10823,Luis,Ramirez,50.0,CDMX,Basico,6,326.0,4,32.519999999999996,2022.0,2022-08-14 08:27:43.615903976+00:00,2024-06-05 23:26:40+00:00,4,32.519999999999996,6,326.0
10824,Mariana,Torres,65.0,Desconocido,Basico,5,245.0,3,9.36,2022.0,2022-08-14 15:02:01.530382596+00:00,,3,9.36,5,245.0
10825,Mariana,Ramirez,27.0,Bogotá,Basico,9,461.0,3,24.869999999999997,2022.0,2022-08-14 21:36:19.444861216+00:00,,3,24.869999999999997,9,461.0
10826,Sofia,Gomez,36.0,Bogotá,Premium,5,232.0,5,25.93,2022.0,2022-08-15 04:10:37.359339836+00:00,,5,25.93,5,232.0
10827,Sofia,Garcia,47.0,MTY,Basico,11,642.0,5,32.22,2022.0,2022-08-15 10:44:55.273818456+00:00,,5,32.22,11,642.0
10828,Luis,Ramirez,39.0,Medellín,Premium,10,462.0,3,9.06,2022.0,2022-08-15 17:19:13.188297076+00:00,,3,9.06,10,462.0
10829,Carlos,Ramirez,20.0,Cali,Basico,6,280.0,4,10.190000000000001,2022.0,2022-08-15 23:53:31.102775696+00:00,,4,10.190000000000001,6,280.0
10830,Ana,Lopez,54.0,Medellín,Basico,7,407.0,6,19.97,2022.0,2022-08-16 06:27:49.017254316+00:00,,6,19.97,7,407.0
10831,Mariana,Gomez,58.0,Medellín,Premium,3,102.0,5,21.33,2022.0,2022-08-16 13:02:06.931732936+00:00,,5,21.33,3,102.0
10832,Carlos,Garcia,35.0,Desconocido,Premium,6,177.0,4,41.300000000000004,2022.0,2022-08-16 19:36:24.846211552+00:00,,4,41.300000000000004,6,177.0
10833,Mateo,Ramirez,28.0,Desconocido,Basico,7,283.0,3,35.35,2022.0,2022-08-17 02:10:42.760690172+00:00,,3,35.35,7,283.0
10834,Mariana,Ramirez,65.0,Medellín,Basico,6,170.0,4,19.66,2022.0,2022-08-17 08:45:00.675168792+00:00,,4,19.66,6,170.0
10835,Mariana,Garcia,19.0,GDL,Basico,4,206.0,8,45.129999999999995,2022.0,2022-08-17 15:19:18.589647412+00:00,,8,45.129999999999995,4,206.0
10836,Sofia,Gomez,29.0,Medellín,Basico,3,172.0,4,18.7,2022.0,2022-08-17 21:53:36.504126032+00:00,,4,18.7,3,172.0
10837,Ana,Lopez,71.0,Bogotá,Basico,4,1668.0,8,24.21,2022.0,2022-08-18 04:27:54.418604652+00:00,,8,24.21,4,724.02
10838,Ana,Ramirez,23.0,Medellín,Basico,4,176.0,6,30.0,2022.0,2022-08-18 11:02:12.333083272+00:00,,6,30.0,4,176.0
10839,Mateo,Lopez,60.0,Cali,Basico,4,139.0,6,25.75,2022.0,2022-08-18 17:36:30.247561892+00:00,,6,25.75,4,139.0
10840,Mateo,Torres,76.0,Medellín,Basico,11,638.0,0,0.0,2022.0,2022-08-19 00:10:48.162040512+00:00,,0,0.0,11,638.0
10841,Mariana,Gomez,57.0,Cali,Premium,4,192.0,2,4.66,2022.0,2022-08-19 06:45:06.076519132+00:00,,2,4.66,4,192.0
10842,Luis,Torres,61.0,CDMX,Premium,4,250.0,7,38.28,2022.0,2022-08-19 13:19:23.990997752+00:00,,7,38.28,4,250.0
10843,Sofia,Torres,46.0,CDMX,Basico,10,486.0,3,26.45,2022.0,2022-08-19 19:53:41.905476372+00:00,,3,26.45,10,486.0
10844,Sofia,Torres,76.0,GDL,Basico,3,103.0,6,18.68,2022.0,2022-08-20 02:27:59.819954988+00:00,,6,18.68,3,103.0
10845,Mariana,Gomez,47.0,Desconocido,Basico,9,494.0,8,25.2,2022.0,2022-08-20 09:02:17.734433608+00:00,,8,25.2,9,494.0
10846,Carlos,Gomez,19.0,Cali,Premium,0,0.0,5,17.060000000000002,2022.0,2022-08-20 15:36:35.648912228+00:00,,5,17.060000000000002,1,34.0
10847,Luis,Garcia,26.0,Medellín,Basico,5,194.0,4,4.51,2022.0,2022-08-20 22:10:53.563390848+00:00,,4,4.51,5,194.0
10848,Mariana,Lopez,64.0,Medellín,Basico,5,246.0,3,13.309999999999999,2022.0,2022-08-21 04:45:11.477869468+00:00,,3,13.309999999999999,5,246.0
10849,Luis,Lopez,19.0,Medellín,Basico,6,236.0,2,26.86,2022.0,2022-08-21 11:19:29.392348088+00:00,,2,26.86,6,236.0
10850,Luis,Garcia,46.0,Desconocido,Basico,4,160.0,5,30.98,2022.0,2022-08-21 17:53:47.306826708+00:00,,5,30.98,4,160.0
10851,Luis,Garcia,50.0,Cali,Basico,2,126.0,2,7.91,2022.0,2022-08-22 00:28:05.221305328+00:00,,2,7.91,2,126.0
10852,Mariana,Torres,27.0,Medellín,Premium,6,275.0,3,37.56,2022.0,2022-08-22 07:02:23.135783948+00:00,,3,37.56,6,275.0
10853,Sofia,Garcia,51.0,Medellín,Basico,10,577.0,5,8.86,2022.0,2022-08-22 13:36:41.050262568+00:00,,5,8.86,10,577.0
10854,Sofia,Ramirez,61.0,GDL,Basico,5,261.0,4,10.86,2022.0,2022-08-22 20:10:58.964741188+00:00,,4,10.86,5,261.0
10855,Luis,Lopez,72.0,Medellín,Basico,4,147.0,6,40.27,2022.0,2022-08-23 02:45:16.879219808+00:00,,6,40.27,4,147.0
10856,Carlos,Garcia,25.0,Bogotá,Basico,1,47.0,4,22.63,2022.0,2022-08-23 09:19:34.793698424+00:00,,4,22.63,1,47.0
10857,Ana,Ramirez,54.0,CDMX,Basico,5,212.0,5,36.959999999999994,2022.0,2022-08-23 15:53:52.708177044+00:00,,5,36.959999999999994,5,212.0
10858,Mariana,Ramirez,71.0,Cali,Basico,6,261.0,4,13.370000000000001,2022.0,2022-08-23 22:28:10.622655664+00:00,,4,13.370000000000001,6,261.0
10859,Ana,Ramirez,77.0,Bogotá,Premium,6,289.0,4,27.58,2022.0,2022-08-24 05:02:28.537134284+00:00,,4,27.58,6,289.0
10860,Carlos,Ramirez,50.0,Desconocido,Premium,4,273.0,4,36.629999999999995,2022.0,2022-08-24 11:36:46.451612904+00:00,,4,36.629999999999995,4,273.0
10861,Mariana,Torres,64.0,GDL,Premium,3,165.0,3,9.53,2022.0,2022-08-24 18:11:04.366091524+00:00,,3,9.53,3,165.0
10862,Luis,Ramirez,23.0,Bogotá,Basico,4,193.0,15,78.11,2022.0,2022-08-25 00:45:22.280570144+00:00,,10,78.11,4,193.0
10863,Sofia,Torres,61.0,Bogotá,Premium,7,264.0,4,29.61,2022.0,2022-08-25 07:19:40.195048764+00:00,,4,29.61,7,264.0
10864,Ana,Torres,48.0,CDMX,Premium,4,244.0,1,7.52,2022.0,2022-08-25 13:53:58.109527384+00:00,,1,7.52,4,244.0
10865,Mateo,Ramirez,57.0,Bogotá,Basico,4,105.0,5,17.95,2022.0,2022-08-25 20:28:16.024006004+00:00,,5,17.95,4,105.0
10866,Mateo,Lopez,62.0,GDL,Basico,7,386.0,5,42.8,2022.0,2022-08-26 03:02:33.938484624+00:00,,5,42.8,7,386.0
10867,Carlos,Ramirez,36.0,CDMX,Basico,4,167.0,5,30.509999999999998,2022.0,2022-08-26 09:36:51.852963240+00:00,,5,30.509999999999998,4,167.0
10868,Luis,Ramirez,49.0,GDL,Basico,5,281.0,6,48.74,2022.0,2022-08-26 16:11:09.767441860+00:00,,6,48.74,5,281.0
10869,Ana,Ramirez,44.0,GDL,Premium,8,1864.0,1,1.18,2022.0,2022-08-26 22:45:27.681920480+00:00,2024-06-16 01:06:40+00:00,1,1.18,8,724.02
10870,Luis,Lopez,18.0,Medellín,Basico,9,519.0,5,13.25,2022.0,2022-08-27 05:19:45.596399100+00:00,2024-07-22 01:00:00+00:00,5,13.25,9,519.0
10871,Ana,Gomez,60.0,CDMX,Basico,6,283.0,6,32.42,2022.0,2022-08-27 11:54:03.510877720+00:00,,6,32.42,6,283.0
10872,Carlos,Gomez,69.0,Medellín,Basico,3,175.0,5,7.75,2022.0,2022-08-27 18:28:21.425356340+00:00,,5,7.75,3,175.0
10873,Carlos,Torres,50.0,Cali,Basico,6,364.0,7,50.41,2022.0,2022-08-28 01:02:39.339834960+00:00,2024-10-18 00:06:40+00:00,7,50.41,6,364.0
10874,Mateo,Torres,79.0,Bogotá,Basico,7,307.0,1,2.5,2022.0,2022-08-28 07:36:57.254313580+00:00,,1,2.5,7,307.0
10875,Luis,Lopez,57.0,Desconocido,Basico,2,96.0,2,14.27,2022.0,2022-08-28 14:11:15.168792200+00:00,,2,14.27,2,96.0
10876,Mariana,Garcia,49.0,Medellín,Basico,8,400.0,4,17.71,2022.0,2022-08-28 20:45:33.083270820+00:00,,4,17.71,8,400.0
10877,Mateo,Gomez,22.0,Medellín,Premium,7,331.0,2,2.96,2022.0,2022-08-29 03:19:50.997749440+00:00,,2,2.96,7,331.0
10878,Luis,Torres,34.0,GDL,Premium,5,317.0,2,8.03,2022.0,2022-08-29 09:54:08.912228060+00:00,,2,8.03,5,317.0
10879,Mateo,Gomez,79.0,Cali,Premium,4,162.0,6,19.47,2022.0,2022-08-29 16:28:26.826706676+00:00,,6,19.47,4,162.0
10880,Mariana,Lopez,25.0,Cali,Premium,9,449.0,5,13.510000000000002,2022.0,2022-08-29 23:02:44.741185296+00:00,,5,13.510000000000002,9,449.0
10881,Sofia,Lopez,74.0,MTY,Premium,5,248.0,7,37.54,2022.0,2022-08-30 05:37:02.655663916+00:00,,7,37.54,5,248.0
10882,Sofia,Garcia,59.0,GDL,Premium,4,168.0,6,44.519999999999996,2022.0,2022-08-30 12:11:20.570142536+00:00,,6,44.519999999999996,4,168.0
10883,Sofia,Garcia,51.0,MTY,Premium,2,126.0,3,14.479999999999999,2022.0,2022-08-30 18:45:38.484621156+00:00,,3,14.479999999999999,2,126.0
10884,Sofia,Lopez,26.0,Medellín,Premium,3,148.0,9,46.74,2022.0,2022-08-31 01:19:56.399099776+00:00,,9,46.74,3,148.0
10885,Ana,Torres,73.0,Bogotá,Basico,5,259.0,3,11.34,,,,3,11.34,5,259.0
10886,Sofia,Gomez,40.0,Medellín,Basico,8,361.0,2,6.57,2022.0,2022-08-31 14:28:32.228057016+00:00,,2,6.57,8,361.0
10887,Mariana,Ramirez,52.0,CDMX,Premium,3,178.0,3,26.509999999999998,2022.0,2022-08-31 21:02:50.142535636+00:00,,3,26.509999999999998,3,178.0
10888,Carlos,Garcia,67.0,Cali,Basico,3,197.0,4,20.410000000000004,2022.0,2022-09-01 03:37:08.057014256+00:00,,4,20.410000000000004,3,197.0
10889,Carlos,Ramirez,24.0,GDL,Basico,3,157.0,2,7.88,2022.0,2022-09-01 10:11:25.971492876+00:00,,2,7.88,3,157.0
10890,Ana,Torres,32.0,GDL,Basico,2,110.0,4,29.41,2022.0,2022-09-01 16:45:43.885971496+00:00,,4,29.41,2,110.0
10891,Sofia,Garcia,70.0,Bogotá,Basico,2,119.0,8,42.5,2022.0,2022-09-01 23:20:01.800450112+00:00,,8,42.5,2,119.0
10892,Sofia,Ramirez,71.0,CDMX,Premium,4,189.0,2,12.08,2022.0,2022-09-02 05:54:19.714928732+00:00,,2,12.08,4,189.0
10893,Sofia,Torres,37.0,CDMX,Basico,7,418.0,3,14.51,2022.0,2022-09-02 12:28:37.629407352+00:00,,3,14.51,7,418.0
10894,Mateo,Gomez,67.0,GDL,Basico,3,155.0,3,16.71,2022.0,2022-09-02 19:02:55.543885972+00:00,,3,16.71,3,155.0
10895,Luis,Torres,42.0,Bogotá,Basico,9,318.0,7,28.79,2022.0,2022-09-03 01:37:13.458364592+00:00,,7,28.79,9,318.0
10896,Mateo,Garcia,20.0,Desconocido,Premium,5,231.0,6,30.55,2022.0,2022-09-03 08:11:31.372843212+00:00,,6,30.55,5,231.0
10897,Luis,Lopez,77.0,Cali,Basico,6,303.0,7,19.86,2022.0,2022-09-03 14:45:49.287321832+00:00,,7,19.86,6,303.0
10898,Sofia,Gomez,79.0,Bogotá,Basico,3,91.0,9,55.55,2022.0,2022-09-03 21:20:07.201800452+00:00,,9,55.55,3,91.0
10899,Sofia,Ramirez,72.0,CDMX,Premium,6,306.0,5,18.13,2022.0,2022-09-04 03:54:25.116279072+00:00,2024-07-10 00:06:40+00:00,5,18.13,6,306.0
10900,Mateo,Garcia,63.0,Bogotá,Basico,4,176.0,5,29.91,2022.0,2022-09-04 10:28:43.030757692+00:00,,5,29.91,4,176.0
10901,Mateo,Lopez,41.0,Medellín,Basico,4,207.0,2,14.280000000000001,2022.0,2022-09-04 17:03:00.945236312+00:00,,2,14.280000000000001,4,207.0
10902,Luis,Torres,51.0,MTY,Basico,8,422.0,4,25.5,2022.0,2022-09-04 23:37:18.859714928+00:00,,4,25.5,8,422.0
10903,Carlos,Lopez,63.0,CDMX,Premium,12,561.0,3,8.89,2022.0,2022-09-05 06:11:36.774193548+00:00,2024-10-19 23:20:00+00:00,3,8.89,12,561.0
10904,Luis,Garcia,39.0,GDL,Basico,8,425.0,4,17.7,2022.0,2022-09-05 12:45:54.688672168+00:00,,4,17.7,8,425.0
10905,Mateo,Garcia,28.0,Cali,Basico,7,394.0,7,19.35,2022.0,2022-09-05 19:20:12.603150788+00:00,,7,19.35,7,394.0
10906,Mariana,Lopez,65.0,MTY,Basico,6,327.0,6,36.12,2022.0,2022-09-06 01:54:30.517629408+00:00,,6,36.12,6,327.0
10907,Mateo,Torres,25.0,Cali,Basico,4,213.0,6,37.379999999999995,2022.0,2022-09-06 08:28:48.432108028+00:00,,6,37.379999999999995,4,213.0
10908,Mariana,Lopez,56.0,MTY,Basico,14,614.0,3,12.5,2022.0,2022-09-06 15:03:06.346586648+00:00,,3,12.5,12,614.0
10909,Ana,Garcia,60.0,CDMX,Basico,9,503.0,4,18.619999999999997,2022.0,2022-09-06 21:37:24.261065268+00:00,,4,18.619999999999997,9,503.0
10910,Mateo,Garcia,52.0,Bogotá,Basico,6,271.0,1,10.75,2022.0,2022-09-07 04:11:42.175543888+00:00,,1,10.75,6,271.0
10911,Ana,Ramirez,66.0,Bogotá,Basico,8,355.0,7,31.509999999999998,2022.0,2022-09-07 10:46:00.090022508+00:00,,7,31.509999999999998,8,355.0
10912,Carlos,Ramirez,63.0,CDMX,Premium,8,280.0,2,2.66,2022.0,2022-09-07 17:20:18.004501128+00:00,,2,2.66,8,280.0
10913,Luis,Gomez,55.0,CDMX,Premium,8,394.0,7,29.6,2022.0,2022-09-07 23:54:35.918979748+00:00,,7,29.6,8,394.0
10914,Mariana,Garcia,25.0,GDL,Basico,4,149.0,7,58.9,,,,7,58.9,4,149.0
10915,Luis,Ramirez,71.0,CDMX,Premium,8,465.0,4,18.65,2022.0,2022-09-08 13:03:11.747936984+00:00,,4,18.65,8,465.0
10916,Ana,Lopez,54.0,MTY,Basico,9,402.0,6,27.2,2022.0,2022-09-08 19:37:29.662415604+00:00,,6,27.2,9,402.0
10917,Mariana,Torres,44.0,Desconocido,Premium,4,202.0,5,18.35,2022.0,2022-09-09 02:11:47.576894224+00:00,,5,18.35,4,202.0
10918,Luis,Lopez,45.0,Bogotá,Basico,8,451.0,7,40.74,2022.0,2022-09-09 08:46:05.491372844+00:00,2024-09-02 23:33:20+00:00,7,40.74,8,451.0
10919,Mateo,Torres,57.0,Medellín,Basico,6,288.0,2,10.91,2022.0,2022-09-09 15:20:23.405851464+00:00,,2,10.91,6,288.0
10920,Sofia,Ramirez,51.0,MTY,Basico,7,316.0,5,9.07,2022.0,2022-09-09 21:54:41.320330084+00:00,2024-07-22 23:13:20+00:00,5,9.07,7,316.0
10921,Ana,Gomez,49.0,MTY,Basico,4,146.0,6,32.41,2022.0,2022-09-10 04:28:59.234808704+00:00,,6,32.41,4,146.0
10922,Luis,Lopez,32.0,CDMX,Premium,4,143.0,6,30.75,2022.0,2022-09-10 11:03:17.149287324+00:00,,6,30.75,4,143.0
10923,Ana,Lopez,61.0,Bogotá,Basico,9,471.0,8,33.94,2022.0,2022-09-10 17:37:35.063765944+00:00,,8,33.94,9,471.0
10924,Ana,Lopez,48.0,Bogotá,Basico,9,480.0,6,45.44,2022.0,2022-09-11 00:11:52.978244564+00:00,2024-09-10 01:00:00+00:00,6,45.44,9,480.0
10925,Mariana,Torres,34.0,CDMX,Basico,9,415.0,7,41.42,2022.0,2022-09-11 06:46:10.892723184+00:00,,7,41.42,9,415.0
10926,Mariana,Ramirez,50.0,Cali,Basico,6,253.0,3,13.43,2022.0,2022-09-11 13:20:28.807201800+00:00,,3,13.43,6,253.0
10927,Sofia,Lopez,64.0,Bogotá,Basico,2,86.0,3,10.48,2022.0,2022-09-11 19:54:46.721680420+00:00,,3,10.48,2,86.0
10928,Mateo,Lopez,63.0,MTY,Basico,1,66.0,2,8.25,2022.0,2022-09-12 02:29:04.636159040+00:00,2024-07-27 22:40:00+00:00,2,8.25,1,66.0
10929,Ana,Gomez,69.0,CDMX,Premium,4,227.0,5,48.14,2022.0,2022-09-12 09:03:22.550637660+00:00,,5,48.14,4,227.0
10930,Luis,Gomez,71.0,Bogotá,Premium,3,139.0,3,13.38,2022.0,2022-09-12 15:37:40.465116280+00:00,,3,13.38,3,139.0
10931,Carlos,Ramirez,33.0,Cali,Basico,8,407.0,5,28.35,2022.0,2022-09-12 22:11:58.379594900+00:00,,5,28.35,8,407.0
10932,Ana,Ramirez,46.0,GDL,Basico,8,432.0,3,27.12,2022.0,2022-09-13 04:46:16.294073520+00:00,,3,27.12,8,432.0
10933,Ana,Garcia,26.0,GDL,Premium,5,206.0,4,17.39,2022.0,2022-09-13 11:20:34.208552140+00:00,,4,17.39,5,206.0
10934,Sofia,Gomez,50.0,Bogotá,Basico,2,107.0,4,11.52,2022.0,2022-09-13 17:54:52.123030760+00:00,,4,11.52,2,107.0
10935,Mateo,Garcia,77.0,CDMX,Basico,7,312.0,3,15.75,2022.0,2022-09-14 00:29:10.037509380+00:00,,3,15.75,7,312.0
10936,Carlos,Torres,66.0,Medellín,Premium,5,310.0,3,10.74,2022.0,2022-09-14 07:03:27.951988+00:00,,3,10.74,5,310.0
10937,Mariana,Garcia,46.0,Medellín,Basico,7,324.0,3,22.73,2022.0,2022-09-14 13:37:45.866466616+00:00,,3,22.73,7,324.0
10938,Mariana,Lopez,30.0,CDMX,Basico,10,509.0,4,19.63,2022.0,2022-09-14 20:12:03.780945236+00:00,,4,19.63,10,509.0
10939,Luis,Garcia,38.0,CDMX,Basico,8,356.0,5,16.9,2022.0,2022-09-15 02:46:21.695423856+00:00,,5,16.9,8,356.0
10940,Carlos,Ramirez,75.0,Medellín,Basico,6,312.0,5,47.99,2022.0,2022-09-15 09:20:39.609902476+00:00,,5,47.99,6,312.0
10941,Mariana,Torres,38.0,GDL,Premium,6,343.0,3,28.3,2022.0,2022-09-15 15:54:57.524381096+00:00,,3,28.3,6,343.0
10942,Luis,Lopez,22.0,CDMX,Basico,9,465.0,3,30.049999999999997,2022.0,2022-09-15 22:29:15.438859716+00:00,,3,30.049999999999997,9,465.0
10943,Mateo,Garcia,27.0,Cali,Premium,7,334.0,7,18.05,2022.0,2022-09-16 05:03:33.353338336+00:00,,7,18.05,7,334.0
10944,Luis,Torres,23.0,MTY,Basico,6,311.0,4,19.64,2022.0,2022-09-16 11:37:51.267816956+00:00,,4,19.64,6,311.0
10945,Mariana,Torres,73.0,Bogotá,Basico,5,220.0,3,25.7,2022.0,2022-09-16 18:12:09.182295576+00:00,,3,25.7,5,220.0
10946,Sofia,Lopez,68.0,GDL,Basico,7,420.0,3,18.33,2022.0,2022-09-17 00:46:27.096774196+00:00,,3,18.33,7,420.0
10947,Sofia,Garcia,74.0,Medellín,Basico,4,122.0,3,5.6,2022.0,2022-09-17 07:20:45.011252816+00:00,2024-07-31 23:53:20+00:00,3,5.6,4,122.0
10948,Sofia,Torres,30.0,MTY,Basico,4,227.0,4,32.31,,,,4,32.31,4,227.0
10949,Mariana,Torres,18.0,Desconocido,Basico,3,118.0,2,1.06,2022.0,2022-09-17 20:29:20.840210052+00:00,,2,1.06,3,118.0
10950,Sofia,Gomez,37.0,Medellín,Premium,5,198.0,7,20.79,2022.0,2022-09-18 03:03:38.754688672+00:00,,7,20.79,5,198.0
10951,Carlos,Torres,74.0,CDMX,Premium,7,311.0,4,10.100000000000001,2022.0,2022-09-18 09:37:56.669167292+00:00,,4,10.100000000000001,7,311.0
10952,Mateo,Gomez,64.0,Bogotá,Basico,0,0.0,5,25.220000000000002,2022.0,2022-09-18 16:12:14.583645912+00:00,2024-06-16 01:06:40+00:00,5,25.220000000000002,1,34.0
10953,Luis,Garcia,63.0,MTY,Basico,5,192.0,7,41.56,2022.0,2022-09-18 22:46:32.498124532+00:00,,7,41.56,5,192.0
10954,Luis,Garcia,25.0,Bogotá,Premium,4,238.0,4,21.84,2022.0,2022-09-19 05:20:50.412603152+00:00,,4,21.84,4,238.0
10955,Mariana,Garcia,27.0,Cali,Basico,4,238.0,2,15.2,2022.0,2022-09-19 11:55:08.327081772+00:00,2024-09-05 23:46:40+00:00,2,15.2,4,238.0
10956,Sofia,Ramirez,26.0,Bogotá,Basico,3,126.0,5,14.93,2022.0,2022-09-19 18:29:26.241560392+00:00,,5,14.93,3,126.0
10957,Sofia,Garcia,66.0,CDMX,Premium,9,499.0,5,27.009999999999998,2022.0,2022-09-20 01:03:44.156039012+00:00,,5,27.009999999999998,9,499.0
10958,Ana,Torres,58.0,Medellín,Basico,9,502.0,3,14.700000000000001,2022.0,2022-09-20 07:38:02.070517632+00:00,,3,14.700000000000001,9,502.0
10959,Mateo,Lopez,20.0,CDMX,Basico,5,291.0,4,13.32,2022.0,2022-09-20 14:12:19.984996252+00:00,,4,13.32,5,291.0
10960,Carlos,Gomez,28.0,Cali,Basico,6,310.0,5,19.14,2022.0,2022-09-20 20:46:37.899474872+00:00,,5,19.14,6,310.0
10961,Luis,Ramirez,29.0,Medellín,Basico,6,337.0,4,7.5,2022.0,2022-09-21 03:20:55.813953488+00:00,,4,7.5,6,337.0
10962,Ana,Garcia,27.0,MTY,Basico,1,68.0,8,25.21,2022.0,2022-09-21 09:55:13.728432108+00:00,,8,25.21,1,68.0
10963,Ana,Garcia,42.0,GDL,Premium,1,50.0,3,24.26,2022.0,2022-09-21 16:29:31.642910728+00:00,2024-12-13 22:46:40+00:00,3,24.26,1,50.0
10964,Mariana,Lopez,66.0,Cali,Premium,2,106.0,4,14.74,2022.0,2022-09-21 23:03:49.557389348+00:00,,4,14.74,2,106.0
10965,Luis,Lopez,66.0,Cali,Basico,6,306.0,3,16.25,2022.0,2022-09-22 05:38:07.471867968+00:00,,3,16.25,6,306.0
10966,Mariana,Ramirez,42.0,MTY,Basico,5,292.0,3,12.48,2022.0,2022-09-22 12:12:25.386346588+00:00,,3,12.48,5,292.0
10967,Carlos,Gomez,28.0,GDL,Basico,2,96.0,2,13.209999999999999,2022.0,2022-09-22 18:46:43.300825208+00:00,2024-08-21 00:26:40+00:00,2,13.209999999999999,2,96.0
10968,Ana,Garcia,79.0,Bogotá,Premium,7,338.0,1,0.41,2022.0,2022-09-23 01:21:01.215303828+00:00,,1,0.41,7,338.0
10969,Ana,Ramirez,71.0,CDMX,Premium,7,409.0,7,26.490000000000002,2022.0,2022-09-23 07:55:19.129782448+00:00,2024-11-27 23:26:40+00:00,7,26.490000000000002,7,409.0
10970,Mateo,Torres,53.0,CDMX,Premium,7,328.0,6,15.669999999999998,2022.0,2022-09-23 14:29:37.044261068+00:00,,6,15.669999999999998,7,328.0
10971,Carlos,Torres,56.0,CDMX,Basico,2,104.0,1,5.03,2022.0,2022-09-23 21:03:54.958739688+00:00,2024-12-08 23:20:00+00:00,1,5.03,2,104.0
10972,Ana,Ramirez,70.0,GDL,Premium,4,217.0,2,3.0300000000000002,2022.0,2022-09-24 03:38:12.873218304+00:00,,2,3.0300000000000002,4,217.0
10973,Carlos,Garcia,43.0,Bogotá,Basico,4,224.0,8,34.410000000000004,2022.0,2022-09-24 10:12:30.787696924+00:00,,8,34.410000000000004,4,224.0
10974,Luis,Ramirez,31.0,Desconocido,Basico,6,296.0,3,12.35,2022.0,2022-09-24 16:46:48.702175544+00:00,,3,12.35,6,296.0
10975,Sofia,Garcia,56.0,Medellín,Basico,4,180.0,6,25.6,2022.0,2022-09-24 23:21:06.616654164+00:00,,6,25.6,4,180.0
10976,Ana,Lopez,73.0,CDMX,Basico,10,500.0,3,8.72,2022.0,2022-09-25 05:55:24.531132784+00:00,,3,8.72,10,500.0
10977,Mateo,Ramirez,57.0,Bogotá,Premium,6,361.0,1,0.02,2022.0,2022-09-25 12:29:42.445611404+00:00,,1,0.02,6,361.0
10978,Luis,Garcia,18.0,Bogotá,Premium,5,284.0,8,26.14,2022.0,2022-09-25 19:04:00.360090024+00:00,,8,26.14,5,284.0
10979,Carlos,Ramirez,73.0,CDMX,Basico,4,164.0,8,70.29,2022.0,2022-09-26 01:38:18.274568644+00:00,,8,70.29,4,164.0
10980,Mariana,Ramirez,71.0,Desconocido,Basico,4,189.0,0,0.0,2022.0,2022-09-26 08:12:36.189047264+00:00,,0,0.0,4,189.0
10981,Luis,Garcia,21.0,Bogotá,Basico,5,211.0,2,6.859999999999999,2022.0,2022-09-26 14:46:54.103525884+00:00,,2,6.859999999999999,5,211.0
10982,Ana,Garcia,78.0,Desconocido,Basico,3,179.0,4,56.81,2022.0,2022-09-26 21:21:12.018004504+00:00,,4,56.81,3,179.0
10983,Carlos,Gomez,47.0,Bogotá,Basico,5,318.0,7,43.129999999999995,2022.0,2022-09-27 03:55:29.932483124+00:00,2024-07-02 22:40:00+00:00,7,43.129999999999995,5,318.0
10984,Sofia,Ramirez,29.0,Medellín,Basico,5,266.0,6,34.46,2022.0,2022-09-27 10:29:47.846961740+00:00,,6,34.46,5,266.0
10985,Luis,Torres,73.0,CDMX,Premium,3,104.0,2,2.1100000000000003,2022.0,2022-09-27 17:04:05.761440360+00:00,,2,2.1100000000000003,3,104.0
10986,Ana,Ramirez,52.0,Bogotá,Premium,11,464.0,1,1.53,,,2024-06-04 00:13:20+00:00,1,1.53,11,464.0
10987,Mateo,Ramirez,30.0,GDL,Premium,12,557.0,2,5.43,2022.0,2022-09-28 06:12:41.590397600+00:00,,2,5.43,12,557.0
10988,Mariana,Garcia,69.0,Cali,Premium,7,353.0,3,14.139999999999999,2022.0,2022-09-28 12:46:59.504876220+00:00,,3,14.139999999999999,7,353.0
10989,Carlos,Ramirez,48.0,Cali,Premium,5,228.0,5,19.38,2022.0,2022-09-28 19:21:17.419354840+00:00,,5,19.38,5,228.0
10990,Luis,Ramirez,55.0,Cali,Basico,6,299.0,6,43.379999999999995,2022.0,2022-09-29 01:55:35.333833460+00:00,,6,43.379999999999995,6,299.0
10991,Luis,Torres,60.0,Medellín,Premium,2,102.0,7,26.77,2022.0,2022-09-29 08:29:53.248312080+00:00,,7,26.77,2,102.0
10992,Sofia,Garcia,40.0,Cali,Basico,6,332.0,6,46.2,2022.0,2022-09-29 15:04:11.162790700+00:00,,6,46.2,6,332.0
10993,Sofia,Ramirez,21.0,GDL,Premium,8,470.0,4,11.989999999999998,2022.0,2022-09-29 21:38:29.077269320+00:00,,4,11.989999999999998,8,470.0
10994,Mateo,Lopez,69.0,Bogotá,Basico,4,177.0,4,17.509999999999998,2022.0,2022-09-30 04:12:46.991747940+00:00,2024-11-13 23:20:00+00:00,4,17.509999999999998,4,177.0
10995,Mariana,Gomez,33.0,Medellín,Premium,5,331.0,4,19.68,2022.0,2022-09-30 10:47:04.906226556+00:00,,4,19.68,5,331.0
10996,Mateo,Torres,24.0,Medellín,Basico,5,278.0,4,36.879999999999995,2022.0,2022-09-30 17:21:22.820705176+00:00,2024-08-13 00:46:40+00:00,4,36.879999999999995,5,278.0
10997,Ana,Ramirez,39.0,Medellín,Basico,8,402.0,1,7.03,2022.0,2022-09-30 23:55:40.735183796+00:00,,1,7.03,8,402.0
10998,Ana,Lopez,46.0,GDL,Basico,6,303.0,4,26.76,2022.0,2022-10-01 06:29:58.649662416+00:00,,4,26.76,6,303.0
10999,Mateo,Ramirez,28.0,CDMX,Basico,5,271.0,7,26.240000000000002,2022.0,2022-10-01 13:04:16.564141036+00:00,,7,26.240000000000002,5,271.0
11000,Mariana,Ramirez,73.0,Desconocido,Premium,5,284.0,5,21.38,2022.0,2022-10-01 19:38:34.478619656+00:00,,5,21.38,5,284.0
11001,Mateo,Garcia,50.0,Bogotá,Basico,8,413.0,3,13.49,2022.0,2022-10-02 02:12:52.393098276+00:00,,3,13.49,8,413.0
11002,Mariana,Garcia,75.0,CDMX,Basico,4,198.0,2,4.550000000000001,2022.0,2022-10-02 08:47:10.307576896+00:00,,2,4.550000000000001,4,198.0
11003,Mariana,Garcia,46.0,Cali,Premium,6,293.0,3,18.15,2022.0,2022-10-02 15:21:28.222055516+00:00,,3,18.15,6,293.0
11004,Carlos,Lopez,76.0,Desconocido,Basico,4,185.0,5,32.12,2022.0,2022-10-02 21:55:46.136534136+00:00,,5,32.12,4,185.0
11005,Mariana,Ramirez,56.0,CDMX,Basico,3,160.0,4,2.96,2022.0,2022-10-03 04:30:04.051012756+00:00,,4,2.96,3,160.0
11006,Sofia,Gomez,29.0,Cali,Basico,4,184.0,2,29.76,2022.0,2022-10-03 11:04:21.965491376+00:00,,2,29.76,4,184.0
11007,Mariana,Torres,24.0,Desconocido,Basico,8,352.0,3,16.15,2022.0,2022-10-03 17:38:39.879969992+00:00,,3,16.15,8,352.0
11008,Mariana,Garcia,76.0,Desconocido,Premium,4,209.0,3,19.25,2022.0,2022-10-04 00:12:57.794448612+00:00,,3,19.25,4,209.0
11009,Mariana,Garcia,72.0,Desconocido,Premium,5,279.0,1,9.76,2022.0,2022-10-04 06:47:15.708927232+00:00,,1,9.76,5,279.0
11010,Ana,Ramirez,56.0,Bogotá,Premium,4,172.0,7,15.5,2022.0,2022-10-04 13:21:33.623405852+00:00,,7,15.5,4,172.0
11011,Sofia,Ramirez,59.0,MTY,Basico,5,286.0,3,28.150000000000002,2022.0,2022-10-04 19:55:51.537884472+00:00,,3,28.150000000000002,5,286.0
11012,Sofia,Lopez,79.0,CDMX,Basico,8,335.0,4,5.06,2022.0,2022-10-05 02:30:09.452363092+00:00,,4,5.06,8,335.0
11013,Mateo,Lopez,65.0,CDMX,Basico,4,255.0,11,60.83,2022.0,2022-10-05 09:04:27.366841712+00:00,,10,60.83,4,255.0
11014,Carlos,Garcia,43.0,Bogotá,Premium,7,279.0,6,18.55,2022.0,2022-10-05 15:38:45.281320332+00:00,,6,18.55,7,279.0
11015,Mariana,Ramirez,57.0,MTY,Basico,5,347.0,7,26.6,2022.0,2022-10-05 22:13:03.195798952+00:00,,7,26.6,5,347.0
11016,Luis,Gomez,26.0,GDL,Basico,3,105.0,4,22.77,2022.0,2022-10-06 04:47:21.110277572+00:00,,4,22.77,3,105.0
11017,Carlos,Torres,58.0,MTY,Basico,3,132.0,10,83.72,2022.0,2022-10-06 11:21:39.024756192+00:00,,10,82.19759999999998,3,132.0
11018,Carlos,Ramirez,51.0,CDMX,Basico,6,1703.0,8,18.23,2022.0,2022-10-06 17:55:56.939234812+00:00,,8,18.23,6,724.02
11019,Sofia,Ramirez,62.0,Cali,Premium,3,180.0,6,26.189999999999998,2022.0,2022-10-07 00:30:14.853713428+00:00,,6,26.189999999999998,3,180.0
11020,Carlos,Lopez,30.0,GDL,Basico,9,383.0,0,0.0,2022.0,2022-10-07 07:04:32.768192048+00:00,,0,0.0,9,383.0
11021,Mariana,Torres,72.0,Bogotá,Basico,4,162.0,6,44.55,2022.0,2022-10-07 13:38:50.682670668+00:00,,6,44.55,4,162.0
11022,Mariana,Garcia,72.0,Bogotá,Basico,5,284.0,5,38.45,2022.0,2022-10-07 20:13:08.597149288+00:00,,5,38.45,5,284.0
11023,Ana,Ramirez,53.0,CDMX,Premium,7,440.0,4,16.419999999999998,2022.0,2022-10-08 02:47:26.511627908+00:00,,4,16.419999999999998,7,440.0
11024,Mariana,Garcia,42.0,Desconocido,Basico,6,260.0,5,19.43,2022.0,2022-10-08 09:21:44.426106528+00:00,,5,19.43,6,260.0
11025,Mariana,Ramirez,41.0,Bogotá,Basico,2,88.0,1,0.57,2022.0,2022-10-08 15:56:02.340585148+00:00,,1,0.57,2,88.0
11026,Sofia,Garcia,61.0,MTY,Basico,6,269.0,5,26.310000000000002,2022.0,2022-10-08 22:30:20.255063768+00:00,,5,26.310000000000002,6,269.0
11027,Mariana,Torres,34.0,CDMX,Basico,6,288.0,3,8.47,2022.0,2022-10-09 05:04:38.169542388+00:00,,3,8.47,6,288.0
11028,Ana,Lopez,19.0,MTY,Premium,7,363.0,2,3.92,2022.0,2022-10-09 11:38:56.084021008+00:00,,2,3.92,7,363.0
11029,Luis,Torres,30.0,CDMX,Basico,4,247.0,3,15.43,2022.0,2022-10-09 18:13:13.998499628+00:00,,3,15.43,4,247.0
11030,Sofia,Gomez,48.0,MTY,Premium,6,294.0,4,18.08,2022.0,2022-10-10 00:47:31.912978244+00:00,,4,18.08,6,294.0
11031,Luis,Lopez,46.0,Bogotá,Basico,6,262.0,3,12.170000000000002,2022.0,2022-10-10 07:21:49.827456864+00:00,,3,12.170000000000002,6,262.0
11032,Sofia,Torres,67.0,Desconocido,Premium,11,618.0,2,7.0600000000000005,2022.0,2022-10-10 13:56:07.741935484+00:00,,2,7.0600000000000005,11,618.0
11033,Mateo,Gomez,45.0,Medellín,Premium,8,457.0,7,29.18,2022.0,2022-10-10 20:30:25.656414104+00:00,,7,29.18,8,457.0
11034,Carlos,Ramirez,77.0,CDMX,Basico,5,296.0,5,32.1,2022.0,2022-10-11 03:04:43.570892724+00:00,2024-07-02 00:26:40+00:00,5,32.1,5,296.0
11035,Mateo,Ramirez,44.0,CDMX,Premium,7,279.0,5,24.52,2022.0,2022-10-11 09:39:01.485371344+00:00,,5,24.52,7,279.0
11036,Mariana,Garcia,32.0,Bogotá,Basico,5,276.0,2,13.84,2022.0,2022-10-11 16:13:19.399849964+00:00,,2,13.84,5,276.0
11037,Luis,Lopez,48.0,GDL,Basico,7,240.0,3,7.8,2022.0,2022-10-11 22:47:37.314328584+00:00,2024-07-02 22:40:00+00:00,3,7.8,7,240.0
11038,Mariana,Ramirez,57.0,CDMX,Basico,5,309.0,4,35.57,2022.0,2022-10-12 05:21:55.228807204+00:00,,4,35.57,5,309.0
11039,Carlos,Lopez,32.0,Cali,Basico,6,286.0,3,14.84,2022.0,2022-10-12 11:56:13.143285824+00:00,2024-07-17 23:46:40+00:00,3,14.84,6,286.0
11040,Sofia,Ramirez,50.0,CDMX,Premium,6,290.0,3,6.68,2022.0,2022-10-12 18:30:31.057764444+00:00,,3,6.68,6,290.0
11041,Carlos,Garcia,37.0,Cali,Basico,4,175.0,2,3.37,2022.0,2022-10-13 01:04:48.972243064+00:00,2024-11-24 23:13:20+00:00,2,3.37,4,175.0
11042,Ana,Torres,59.0,CDMX,Premium,3,182.0,3,9.15,2022.0,2022-10-13 07:39:06.886721680+00:00,2024-09-21 23:06:40+00:00,3,9.15,3,182.0
11043,Carlos,Garcia,29.0,Desconocido,Basico,9,373.0,2,3.0300000000000002,2022.0,2022-10-13 14:13:24.801200300+00:00,,2,3.0300000000000002,9,373.0
11044,Ana,Gomez,54.0,Medellín,Basico,7,349.0,2,6.54,2022.0,2022-10-13 20:47:42.715678920+00:00,,2,6.54,7,349.0
11045,Carlos,Ramirez,26.0,Medellín,Premium,8,377.0,3,3.66,2022.0,2022-10-14 03:22:00.630157540+00:00,,3,3.66,8,377.0
11046,Ana,Gomez,40.0,CDMX,Premium,9,445.0,1,4.67,2022.0,2022-10-14 09:56:18.544636160+00:00,,1,4.67,9,445.0
11047,Luis,Gomez,25.0,Desconocido,Basico,5,258.0,5,13.01,,,,5,13.01,5,258.0
11048,Mariana,Lopez,49.0,Cali,Premium,5,290.0,1,0.83,2022.0,2022-10-14 23:04:54.373593400+00:00,,1,0.83,5,290.0
11049,Mariana,Ramirez,65.0,Medellín,Premium,5,225.0,5,22.85,2022.0,2022-10-15 05:39:12.288072020+00:00,,5,22.85,5,225.0
11050,Mateo,Gomez,31.0,Bogotá,Basico,6,361.0,6,41.05,2022.0,2022-10-15 12:13:30.202550640+00:00,,6,41.05,6,361.0
11051,Mariana,Torres,44.0,Medellín,Basico,8,458.0,3,7.41,2022.0,2022-10-15 18:47:48.117029260+00:00,,3,7.41,8,458.0
11052,Sofia,Gomez,42.0,CDMX,Basico,8,430.0,4,30.47,2022.0,2022-10-16 01:22:06.031507880+00:00,,4,30.47,8,430.0
11053,Carlos,Torres,30.0,Bogotá,Basico,3,207.0,10,66.2,2022.0,2022-10-16 07:56:23.945986500+00:00,,10,66.2,3,207.0
11054,Mateo,Lopez,72.0,Cali,Basico,12,586.0,5,12.05,2022.0,2022-10-16 14:30:41.860465116+00:00,,5,12.05,12,586.0
11055,Sofia,Gomez,38.0,MTY,Basico,6,309.0,8,42.06,2022.0,2022-10-16 21:04:59.774943736+00:00,,8,42.06,6,309.0
11056,Sofia,Garcia,62.0,CDMX,Basico,2,56.0,6,22.799999999999997,2022.0,2022-10-17 03:39:17.689422356+00:00,,6,22.799999999999997,2,56.0
11057,Ana,Lopez,48.0,Bogotá,Premium,4,237.0,5,30.57,2022.0,2022-10-17 10:13:35.603900976+00:00,,5,30.57,4,237.0
11058,Mariana,Torres,54.0,Medellín,Premium,5,287.0,3,4.45,2022.0,2022-10-17 16:47:53.518379596+00:00,,3,4.45,5,287.0
11059,Luis,Lopez,65.0,CDMX,Basico,5,276.0,7,16.26,2022.0,2022-10-17 23:22:11.432858216+00:00,,7,16.26,5,276.0
11060,Luis,Gomez,75.0,GDL,Basico,5,162.0,6,39.26,2022.0,2022-10-18 05:56:29.347336836+00:00,,6,39.26,5,162.0
11061,Mateo,Ramirez,60.0,CDMX,Basico,5,241.0,6,17.59,2022.0,2022-10-18 12:30:47.261815456+00:00,,6,17.59,5,241.0
11062,Luis,Ramirez,71.0,Cali,Basico,2,116.0,9,40.07,2022.0,2022-10-18 19:05:05.176294076+00:00,,9,40.07,2,116.0
11063,Carlos,Torres,22.0,CDMX,Basico,3,140.0,2,23.05,2022.0,2022-10-19 01:39:23.090772696+00:00,,2,23.05,3,140.0
11064,Luis,Torres,30.0,Medellín,Basico,9,448.0,6,52.650000000000006,2022.0,2022-10-19 08:13:41.005251316+00:00,,6,52.650000000000006,9,448.0
11065,Mateo,Ramirez,45.0,MTY,Basico,6,316.0,3,16.59,2022.0,2022-10-19 14:47:58.919729932+00:00,,3,16.59,6,316.0
11066,Luis,Torres,60.0,Cali,Premium,7,491.0,4,11.58,2022.0,2022-10-19 21:22:16.834208552+00:00,,4,11.58,7,491.0
11067,Carlos,Lopez,42.0,Desconocido,Premium,3,163.0,7,44.89,2022.0,2022-10-20 03:56:34.748687172+00:00,,7,44.89,3,163.0
11068,Ana,Garcia,68.0,CDMX,Premium,5,205.0,4,22.54,2022.0,2022-10-20 10:30:52.663165792+00:00,,4,22.54,5,205.0
11069,Mateo,Garcia,52.0,MTY,Premium,4,199.0,8,24.259999999999998,2022.0,2022-10-20 17:05:10.577644412+00:00,,8,24.259999999999998,4,199.0
11070,Ana,Lopez,64.0,Cali,Basico,6,255.0,3,17.45,2022.0,2022-10-20 23:39:28.492123032+00:00,,3,17.45,6,255.0
11071,Ana,Garcia,56.0,GDL,Basico,6,352.0,4,18.39,2022.0,2022-10-21 06:13:46.406601652+00:00,,4,18.39,6,352.0
11072,Ana,Gomez,24.0,GDL,Premium,4,189.0,2,11.58,2022.0,2022-10-21 12:48:04.321080272+00:00,,2,11.58,4,189.0
11073,Sofia,Lopez,55.0,Cali,Premium,3,226.0,6,33.22,2022.0,2022-10-21 19:22:22.235558892+00:00,,6,33.22,3,226.0
11074,Mariana,Torres,49.0,Desconocido,Basico,6,293.0,7,53.74,2022.0,2022-10-22 01:56:40.150037512+00:00,,7,53.74,6,293.0
11075,Sofia,Lopez,20.0,Bogotá,Basico,5,287.0,4,11.84,2022.0,2022-10-22 08:30:58.064516132+00:00,,4,11.84,5,287.0
11076,Mariana,Ramirez,79.0,GDL,Basico,5,280.0,2,5.57,2022.0,2022-10-22 15:05:15.978994752+00:00,,2,5.57,5,280.0
11077,Ana,Torres,62.0,MTY,Basico,6,315.0,1,6.55,2022.0,2022-10-22 21:39:33.893473368+00:00,,1,6.55,6,315.0
11078,Mateo,Ramirez,56.0,CDMX,Basico,2,97.0,1,6.14,2022.0,2022-10-23 04:13:51.807951988+00:00,,1,6.14,2,97.0
11079,Mariana,Torres,54.0,Cali,Basico,5,205.0,3,9.59,2022.0,2022-10-23 10:48:09.722430608+00:00,,3,9.59,5,205.0
11080,Carlos,Garcia,72.0,Cali,Basico,1,69.0,5,20.83,2022.0,2022-10-23 17:22:27.636909228+00:00,,5,20.83,1,69.0
11081,Carlos,Lopez,67.0,Desconocido,Basico,6,316.0,3,11.56,2022.0,2022-10-23 23:56:45.551387848+00:00,,3,11.56,6,316.0
11083,Mariana,Torres,79.0,Bogotá,Premium,4,244.0,6,13.91,2022.0,2022-10-24 13:05:21.380345088+00:00,,6,13.91,4,244.0
11084,Mateo,Torres,25.0,GDL,Basico,2,97.0,0,0.0,2022.0,2022-10-24 19:39:39.294823708+00:00,,0,0.0,2,97.0
11085,Sofia,Ramirez,34.0,MTY,Basico,7,400.0,10,36.06,2022.0,2022-10-25 02:13:57.209302328+00:00,2024-07-08 00:53:20+00:00,10,36.06,7,400.0
11086,Ana,Garcia,69.0,Cali,Basico,7,345.0,8,48.84,2022.0,2022-10-25 08:48:15.123780948+00:00,,8,48.84,7,345.0
11087,Luis,Ramirez,44.0,GDL,Premium,6,383.0,3,23.04,2022.0,2022-10-25 15:22:33.038259568+00:00,,3,23.04,6,383.0
11088,Carlos,Ramirez,50.0,Medellín,Basico,6,349.0,9,51.559999999999995,2022.0,2022-10-25 21:56:50.952738184+00:00,,9,51.559999999999995,6,349.0
11089,Sofia,Garcia,63.0,Medellín,Basico,0,0.0,4,27.79,2022.0,2022-10-26 04:31:08.867216804+00:00,,4,27.79,1,34.0
11090,Sofia,Gomez,34.0,Desconocido,Basico,3,121.0,4,23.29,2022.0,2022-10-26 11:05:26.781695424+00:00,,4,23.29,3,121.0
11091,Ana,Ramirez,59.0,Cali,Basico,4,247.0,1,6.18,2022.0,2022-10-26 17:39:44.696174044+00:00,,1,6.18,4,247.0
11092,Mariana,Ramirez,29.0,Cali,Basico,5,317.0,7,31.279999999999998,2022.0,2022-10-27 00:14:02.610652664+00:00,,7,31.279999999999998,5,317.0
11093,Carlos,Torres,65.0,Bogotá,Basico,4,196.0,4,33.46,2022.0,2022-10-27 06:48:20.525131284+00:00,,4,33.46,4,196.0
11094,Mateo,Garcia,63.0,GDL,Premium,5,313.0,8,30.72,2022.0,2022-10-27 13:22:38.439609904+00:00,,8,30.72,5,313.0
11095,Sofia,Lopez,79.0,Bogotá,Premium,6,304.0,5,45.37,2022.0,2022-10-27 19:56:56.354088524+00:00,,5,45.37,6,304.0
11096,Ana,Gomez,44.0,Bogotá,Premium,5,246.0,9,47.67,2022.0,2022-10-28 02:31:14.268567144+00:00,,9,47.67,5,246.0
11097,Mateo,Gomez,65.0,Medellín,Basico,1,65.0,4,16.65,2022.0,2022-10-28 09:05:32.183045764+00:00,2024-12-25 23:40:00+00:00,4,16.65,1,65.0
11098,Mariana,Garcia,25.0,Medellín,Premium,4,121.0,5,25.27,2022.0,2022-10-28 15:39:50.097524384+00:00,2024-11-15 00:20:00+00:00,5,25.27,4,121.0
11099,Carlos,Torres,40.0,MTY,Basico,9,498.0,8,33.83,2022.0,2022-10-28 22:14:08.012003004+00:00,,8,33.83,9,498.0
11100,Mariana,Torres,77.0,GDL,Basico,5,238.0,7,33.9,2022.0,2022-10-29 04:48:25.926481620+00:00,,7,33.9,5,238.0
11101,Sofia,Garcia,59.0,CDMX,Premium,6,342.0,8,44.8,2022.0,2022-10-29 11:22:43.840960240+00:00,2024-11-01 00:13:20+00:00,8,44.8,6,342.0
11102,Mateo,Torres,78.0,Medellín,Basico,3,180.0,6,53.529999999999994,2022.0,2022-10-29 17:57:01.755438860+00:00,,6,53.529999999999994,3,180.0
11103,Mateo,Gomez,66.0,Medellín,Basico,4,240.0,5,19.76,2022.0,2022-10-30 00:31:19.669917480+00:00,,5,19.76,4,240.0
11104,Mateo,Gomez,76.0,Medellín,Basico,5,190.0,5,28.67,2022.0,2022-10-30 07:05:37.584396100+00:00,,5,28.67,5,190.0
11105,Sofia,Lopez,79.0,MTY,Basico,6,252.0,4,8.040000000000001,2022.0,2022-10-30 13:39:55.498874720+00:00,,4,8.040000000000001,6,252.0
11106,Sofia,Garcia,46.0,GDL,Premium,4,208.0,2,9.86,2022.0,2022-10-30 20:14:13.413353340+00:00,,2,9.86,4,208.0
11107,Mariana,Ramirez,67.0,Cali,Basico,2,111.0,3,2.79,2022.0,2022-10-31 02:48:31.327831960+00:00,,3,2.79,2,111.0
11108,Luis,Ramirez,37.0,Cali,Basico,8,408.0,3,8.379999999999999,2022.0,2022-10-31 09:22:49.242310580+00:00,,3,8.379999999999999,8,408.0
11109,Mariana,Lopez,33.0,Bogotá,Basico,11,554.0,5,32.410000000000004,2022.0,2022-10-31 15:57:07.156789200+00:00,,5,32.410000000000004,11,554.0
11110,Carlos,Lopez,34.0,Medellín,Premium,11,588.0,6,32.64,2022.0,2022-10-31 22:31:25.071267820+00:00,,6,32.64,11,588.0
11111,Ana,Torres,33.0,MTY,Basico,7,1777.0,5,18.71,2022.0,2022-11-01 05:05:42.985746440+00:00,,5,18.71,7,724.02
11112,Mateo,Lopez,36.0,Medellín,Basico,8,431.0,6,16.93,2022.0,2022-11-01 11:40:00.900225056+00:00,,6,16.93,8,431.0
11113,Luis,Lopez,73.0,Cali,Premium,4,162.0,2,6.82,2022.0,2022-11-01 18:14:18.814703676+00:00,,2,6.82,4,162.0
11114,Ana,Ramirez,73.0,Medellín,Basico,3,169.0,3,15.35,2022.0,2022-11-02 00:48:36.729182296+00:00,,3,15.35,3,169.0
11115,Luis,Torres,25.0,Bogotá,Basico,4,153.0,4,23.42,2022.0,2022-11-02 07:22:54.643660916+00:00,,4,23.42,4,153.0
11116,Mariana,Lopez,55.0,Bogotá,Premium,3,146.0,4,23.8,2022.0,2022-11-02 13:57:12.558139536+00:00,,4,23.8,3,146.0
11117,Sofia,Lopez,55.0,Medellín,Basico,5,245.0,5,44.830000000000005,2022.0,2022-11-02 20:31:30.472618156+00:00,,5,44.830000000000005,5,245.0
11118,Mateo,Torres,70.0,Medellín,Premium,4,171.0,5,27.48,2022.0,2022-11-03 03:05:48.387096776+00:00,2024-06-07 00:26:40+00:00,5,27.48,4,171.0
11119,Mariana,Garcia,46.0,Bogotá,Basico,3,115.0,5,18.07,2022.0,2022-11-03 09:40:06.301575396+00:00,2024-06-11 23:53:20+00:00,5,18.07,3,115.0
11120,Ana,Torres,58.0,Medellín,Premium,5,244.0,5,41.150000000000006,2022.0,2022-11-03 16:14:24.216054016+00:00,2024-08-22 23:40:00+00:00,5,41.150000000000006,5,244.0
11121,Ana,Ramirez,53.0,CDMX,Premium,7,323.0,8,35.76,2022.0,2022-11-03 22:48:42.130532636+00:00,,8,35.76,7,323.0
11122,Ana,Garcia,43.0,Desconocido,Basico,8,403.0,4,9.11,2022.0,2022-11-04 05:23:00.045011256+00:00,,4,9.11,8,403.0
11123,Ana,Gomez,48.0,Cali,Basico,5,252.0,6,49.39,2022.0,2022-11-04 11:57:17.959489872+00:00,,6,49.39,5,252.0
11124,Ana,Torres,61.0,MTY,Premium,7,392.0,2,11.59,2022.0,2022-11-04 18:31:35.873968492+00:00,,2,11.59,7,392.0
11125,Luis,Ramirez,77.0,Bogotá,Basico,3,162.0,3,7.9399999999999995,2022.0,2022-11-05 01:05:53.788447112+00:00,,3,7.9399999999999995,3,162.0
11126,Mariana,Garcia,29.0,CDMX,Basico,6,274.0,4,8.18,2022.0,2022-11-05 07:40:11.702925732+00:00,,4,8.18,6,274.0
11127,Mateo,Torres,72.0,CDMX,Basico,6,350.0,4,10.040000000000001,2022.0,2022-11-05 14:14:29.617404352+00:00,,4,10.040000000000001,6,350.0
11128,Sofia,Lopez,34.0,GDL,Premium,7,301.0,1,7.62,2022.0,2022-11-05 20:48:47.531882972+00:00,,1,7.62,7,301.0
11129,Sofia,Torres,32.0,Medellín,Premium,6,308.0,3,35.04,2022.0,2022-11-06 03:23:05.446361592+00:00,,3,35.04,6,308.0
11130,Mariana,Gomez,26.0,Desconocido,Basico,3,173.0,2,32.26,2022.0,2022-11-06 09:57:23.360840212+00:00,2024-07-25 23:26:40+00:00,2,32.26,3,173.0
11131,Mariana,Torres,56.0,Bogotá,Basico,5,235.0,1,7.08,2022.0,2022-11-06 16:31:41.275318832+00:00,2024-06-10 00:40:00+00:00,1,7.08,5,235.0
11132,Sofia,Garcia,59.0,Bogotá,Premium,6,310.0,3,36.92,2022.0,2022-11-06 23:05:59.189797452+00:00,,3,36.92,6,310.0
11133,Sofia,Garcia,65.0,Bogotá,Premium,8,479.0,2,10.36,2022.0,2022-11-07 05:40:17.104276072+00:00,,2,10.36,8,479.0
11134,Luis,Torres,29.0,CDMX,Basico,4,158.0,4,14.42,2022.0,2022-11-07 12:14:35.018754692+00:00,,4,14.42,4,158.0
11135,Carlos,Garcia,49.0,CDMX,Premium,2,107.0,5,15.15,2022.0,2022-11-07 18:48:52.933233308+00:00,,5,15.15,2,107.0
11136,Mateo,Lopez,42.0,Cali,Premium,4,194.0,2,23.88,2022.0,2022-11-08 01:23:10.847711928+00:00,,2,23.88,4,194.0
11137,Ana,Torres,56.0,Desconocido,Basico,2,89.0,6,34.29,2022.0,2022-11-08 07:57:28.762190548+00:00,,6,34.29,2,89.0
11138,Carlos,Lopez,35.0,Bogotá,Premium,7,481.0,9,69.9,2022.0,2022-11-08 14:31:46.676669168+00:00,2024-12-03 23:53:20+00:00,9,69.9,7,481.0
11139,Mariana,Lopez,32.0,Medellín,Basico,4,242.0,4,15.389999999999999,2022.0,2022-11-08 21:06:04.591147788+00:00,,4,15.389999999999999,4,242.0
11140,Sofia,Ramirez,49.0,Desconocido,Basico,5,270.0,5,31.2,2022.0,2022-11-09 03:40:22.505626408+00:00,,5,31.2,5,270.0
11141,Carlos,Torres,23.0,CDMX,Basico,5,261.0,2,7.93,2022.0,2022-11-09 10:14:40.420105028+00:00,,2,7.93,5,261.0
11142,Mateo,Garcia,75.0,Cali,Premium,4,170.0,5,14.77,2022.0,2022-11-09 16:48:58.334583648+00:00,,5,14.77,4,170.0
11143,Mariana,Lopez,61.0,Medellín,Premium,4,247.0,4,13.46,2022.0,2022-11-09 23:23:16.249062268+00:00,,4,13.46,4,247.0
11144,Ana,Ramirez,60.0,Bogotá,Basico,6,261.0,4,13.07,2022.0,2022-11-10 05:57:34.163540888+00:00,,4,13.07,6,261.0
11145,Ana,Torres,69.0,GDL,Basico,3,191.0,2,9.86,2022.0,2022-11-10 12:31:52.078019508+00:00,,2,9.86,3,191.0
11146,Mateo,Torres,52.0,Medellín,Basico,6,288.0,3,5.8,2022.0,2022-11-10 19:06:09.992498128+00:00,,3,5.8,6,288.0
11147,Mateo,Gomez,51.0,Cali,Premium,8,439.0,3,9.08,2022.0,2022-11-11 01:40:27.906976744+00:00,,3,9.08,8,439.0
11148,Sofia,Gomez,55.0,CDMX,Premium,4,203.0,6,52.53,2022.0,2022-11-11 08:14:45.821455364+00:00,,6,52.53,4,203.0
11149,Ana,Lopez,73.0,Bogotá,Basico,3,94.0,4,29.8,2022.0,2022-11-11 14:49:03.735933984+00:00,,4,29.8,3,94.0
11150,Mariana,Gomez,71.0,CDMX,Basico,3,89.0,4,9.03,2022.0,2022-11-11 21:23:21.650412604+00:00,,4,9.03,3,89.0
11151,Carlos,Lopez,74.0,Desconocido,Basico,10,353.0,7,47.839999999999996,2022.0,2022-11-12 03:57:39.564891224+00:00,2024-07-11 01:06:40+00:00,7,47.839999999999996,10,353.0
11152,Mariana,Garcia,79.0,Bogotá,Basico,7,271.0,4,20.27,2022.0,2022-11-12 10:31:57.479369844+00:00,,4,20.27,7,271.0
11153,Luis,Lopez,22.0,Cali,Basico,7,292.0,4,29.68,2022.0,2022-11-12 17:06:15.393848464+00:00,,4,29.68,7,292.0
11154,Luis,Gomez,35.0,MTY,Premium,0,0.0,5,27.62,2022.0,2022-11-12 23:40:33.308327084+00:00,,5,27.62,1,34.0
11155,Mateo,Garcia,33.0,CDMX,Basico,3,197.0,4,22.71,2022.0,2022-11-13 06:14:51.222805704+00:00,,4,22.71,3,197.0
11156,Sofia,Gomez,25.0,CDMX,Premium,6,334.0,3,17.18,2022.0,2022-11-13 12:49:09.137284324+00:00,,3,17.18,6,334.0
11157,Luis,Lopez,42.0,GDL,Basico,2,107.0,7,39.04,2022.0,2022-11-13 19:23:27.051762944+00:00,,7,39.04,2,107.0
11158,Ana,Ramirez,49.0,GDL,Basico,5,223.0,4,24.25,2022.0,2022-11-14 01:57:44.966241560+00:00,,4,24.25,5,223.0
11159,Mariana,Torres,79.0,Bogotá,Basico,15,740.0,2,5.15,2022.0,2022-11-14 08:32:02.880720180+00:00,,2,5.15,12,724.02
11160,Mariana,Gomez,43.0,CDMX,Basico,9,486.0,5,27.29,2022.0,2022-11-14 15:06:20.795198800+00:00,,5,27.29,9,486.0
11161,Mateo,Lopez,69.0,Bogotá,Basico,5,292.0,4,11.129999999999999,2022.0,2022-11-14 21:40:38.709677420+00:00,2024-09-01 00:20:00+00:00,4,11.129999999999999,5,292.0
11162,Carlos,Garcia,39.0,MTY,Premium,6,379.0,7,28.75,2022.0,2022-11-15 04:14:56.624156040+00:00,,7,28.75,6,379.0
11163,Mateo,Gomez,48.0,Bogotá,Basico,8,460.0,6,23.009999999999998,2022.0,2022-11-15 10:49:14.538634660+00:00,,6,23.009999999999998,8,460.0
11164,Carlos,Gomez,60.0,Medellín,Premium,2,43.0,7,36.19,2022.0,2022-11-15 17:23:32.453113280+00:00,,7,36.19,2,43.0
11165,Mateo,Torres,27.0,Medellín,Basico,3,112.0,4,10.27,2022.0,2022-11-15 23:57:50.367591900+00:00,,4,10.27,3,112.0
11166,Mateo,Lopez,73.0,Desconocido,Basico,6,366.0,3,9.639999999999999,2022.0,2022-11-16 06:32:08.282070520+00:00,,3,9.639999999999999,6,366.0
11167,Mateo,Ramirez,74.0,CDMX,Basico,6,317.0,5,7.830000000000001,2022.0,2022-11-16 13:06:26.196549140+00:00,,5,7.830000000000001,6,317.0
11168,Carlos,Garcia,29.0,Bogotá,Premium,7,347.0,2,10.7,2022.0,2022-11-16 19:40:44.111027760+00:00,,2,10.7,7,347.0
11169,Carlos,Lopez,70.0,Bogotá,Basico,4,187.0,5,19.85,2022.0,2022-11-17 02:15:02.025506380+00:00,,5,19.85,4,187.0
11170,Mateo,Garcia,45.0,Bogotá,Basico,8,415.0,2,7.93,2022.0,2022-11-17 08:49:19.939984996+00:00,,2,7.93,8,415.0
11171,Luis,Gomez,23.0,Medellín,Premium,3,188.0,4,24.52,2022.0,2022-11-17 15:23:37.854463616+00:00,,4,24.52,3,188.0
11172,Sofia,Torres,76.0,Bogotá,Basico,3,144.0,3,4.2,2022.0,2022-11-17 21:57:55.768942236+00:00,,3,4.2,3,144.0
11173,Sofia,Torres,37.0,Bogotá,Premium,13,674.0,3,25.91,2022.0,2022-11-18 04:32:13.683420856+00:00,2024-09-09 00:00:00+00:00,3,25.91,12,674.0
11174,Sofia,Ramirez,22.0,Bogotá,Basico,9,496.0,1,1.89,2022.0,2022-11-18 11:06:31.597899476+00:00,,1,1.89,9,496.0
11175,Carlos,Torres,40.0,Desconocido,Premium,7,425.0,5,39.49,2022.0,2022-11-18 17:40:49.512378096+00:00,,5,39.49,7,425.0
11176,Carlos,Gomez,26.0,Desconocido,Basico,8,455.0,1,3.61,2022.0,2022-11-19 00:15:07.426856716+00:00,,1,3.61,8,455.0
11177,Luis,Ramirez,75.0,MTY,Premium,8,368.0,4,11.26,2022.0,2022-11-19 06:49:25.341335336+00:00,,4,11.26,8,368.0
11178,Sofia,Lopez,76.0,CDMX,Basico,5,294.0,9,50.86,2022.0,2022-11-19 13:23:43.255813956+00:00,,9,50.86,5,294.0
11179,Sofia,Torres,46.0,Cali,Basico,6,156.0,3,27.1,2022.0,2022-11-19 19:58:01.170292576+00:00,,3,27.1,6,156.0
11180,Mateo,Ramirez,33.0,Desconocido,Basico,6,290.0,3,8.51,2022.0,2022-11-20 02:32:19.084771196+00:00,,3,8.51,6,290.0
11181,Carlos,Gomez,71.0,GDL,Basico,7,374.0,5,11.35,2022.0,2022-11-20 09:06:36.999249816+00:00,,5,11.35,7,374.0
11182,Sofia,Garcia,63.0,MTY,Premium,9,500.0,8,34.06,2022.0,2022-11-20 15:40:54.913728432+00:00,,8,34.06,9,500.0
11183,Mariana,Garcia,39.0,Desconocido,Basico,8,464.0,4,22.69,2022.0,2022-11-20 22:15:12.828207052+00:00,2024-09-19 23:53:20+00:00,4,22.69,8,464.0
11184,Luis,Gomez,25.0,Medellín,Basico,7,332.0,3,37.51,2022.0,2022-11-21 04:49:30.742685672+00:00,,3,37.51,7,332.0
11185,Mariana,Gomez,76.0,GDL,Basico,7,317.0,3,10.3,2022.0,2022-11-21 11:23:48.657164292+00:00,,3,10.3,7,317.0
11186,Mariana,Garcia,37.0,Bogotá,Basico,10,482.0,7,36.68,2022.0,2022-11-21 17:58:06.571642912+00:00,2024-06-15 00:06:40+00:00,7,36.68,10,482.0
11187,Luis,Ramirez,68.0,Desconocido,Basico,3,185.0,0,0.0,2022.0,2022-11-22 00:32:24.486121532+00:00,,0,0.0,3,185.0
11188,Mariana,Garcia,31.0,Cali,Basico,8,432.0,6,30.4,2022.0,2022-11-22 07:06:42.400600152+00:00,,6,30.4,8,432.0
11189,Sofia,Gomez,56.0,Medellín,Premium,7,333.0,5,24.84,2022.0,2022-11-22 13:41:00.315078772+00:00,2024-08-16 23:13:20+00:00,5,24.84,7,333.0
11190,Carlos,Torres,54.0,Medellín,Premium,5,244.0,5,29.77,2022.0,2022-11-22 20:15:18.229557392+00:00,,5,29.77,5,244.0
11191,Luis,Lopez,67.0,CDMX,Basico,1,0.0,2,3.4699999999999998,2022.0,2022-11-23 02:49:36.144036012+00:00,2024-09-21 00:53:20+00:00,2,3.4699999999999998,1,34.0
11192,Mateo,Torres,51.0,Cali,Premium,3,156.0,3,8.52,2022.0,2022-11-23 09:23:54.058514632+00:00,,3,8.52,3,156.0
11193,Mariana,Torres,28.0,GDL,Basico,6,338.0,4,32.04,2022.0,2022-11-23 15:58:11.972993248+00:00,,4,32.04,6,338.0
11194,Luis,Gomez,71.0,Desconocido,Basico,10,319.0,7,16.98,2022.0,2022-11-23 22:32:29.887471868+00:00,,7,16.98,10,319.0
11195,Ana,Garcia,57.0,MTY,Basico,5,334.0,4,9.96,2022.0,2022-11-24 05:06:47.801950488+00:00,,4,9.96,5,334.0
11196,Ana,Ramirez,50.0,Desconocido,Basico,7,332.0,7,20.86,2022.0,2022-11-24 11:41:05.716429108+00:00,2024-08-05 01:06:40+00:00,7,20.86,7,332.0
11197,Carlos,Torres,48.0,GDL,Basico,17,830.0,3,24.93,2022.0,2022-11-24 18:15:23.630907728+00:00,2024-09-15 00:26:40+00:00,3,24.93,12,724.02
11198,Sofia,Garcia,76.0,Bogotá,Premium,8,361.0,4,20.41,2022.0,2022-11-25 00:49:41.545386348+00:00,2024-12-24 00:26:40+00:00,4,20.41,8,361.0
11199,Carlos,Ramirez,71.0,CDMX,Premium,7,320.0,4,6.33,2022.0,2022-11-25 07:23:59.459864968+00:00,,4,6.33,7,320.0
11200,Carlos,Torres,61.0,Medellín,Basico,8,393.0,5,20.38,2022.0,2022-11-25 13:58:17.374343588+00:00,,5,20.38,8,393.0
11201,Carlos,Ramirez,51.0,Cali,Basico,7,301.0,3,7.34,2022.0,2022-11-25 20:32:35.288822208+00:00,,3,7.34,7,301.0
11202,Carlos,Garcia,67.0,Medellín,Premium,9,597.0,5,31.97,2022.0,2022-11-26 03:06:53.203300828+00:00,,5,31.97,9,597.0
11203,Mateo,Lopez,24.0,Bogotá,Basico,2,108.0,3,16.62,2022.0,2022-11-26 09:41:11.117779448+00:00,,3,16.62,2,108.0
11204,Mateo,Garcia,75.0,CDMX,Premium,5,275.0,5,9.200000000000001,2022.0,2022-11-26 16:15:29.032258068+00:00,,5,9.200000000000001,5,275.0
11205,Luis,Gomez,66.0,Desconocido,Basico,4,214.0,4,7.22,2022.0,2022-11-26 22:49:46.946736684+00:00,,4,7.22,4,214.0
11206,Ana,Ramirez,71.0,Medellín,Basico,3,179.0,7,54.400000000000006,2022.0,2022-11-27 05:24:04.861215304+00:00,,7,54.400000000000006,3,179.0
11207,Carlos,Lopez,79.0,Medellín,Basico,5,214.0,4,11.26,2022.0,2022-11-27 11:58:22.775693924+00:00,2024-06-05 23:26:40+00:00,4,11.26,5,214.0
11208,Luis,Ramirez,40.0,Cali,Premium,7,237.0,2,4.44,2022.0,2022-11-27 18:32:40.690172544+00:00,,2,4.44,7,237.0
11209,Ana,Ramirez,63.0,Medellín,Premium,5,358.0,8,56.14,2022.0,2022-11-28 01:06:58.604651164+00:00,,8,56.14,5,358.0
11210,Mariana,Torres,73.0,Bogotá,Basico,8,421.0,5,24.2,,,,5,24.2,8,421.0
11211,Sofia,Gomez,24.0,Medellín,Premium,7,422.0,6,47.0,2022.0,2022-11-28 14:15:34.433608404+00:00,,6,47.0,7,422.0
11212,Mateo,Ramirez,71.0,Medellín,Basico,8,394.0,8,41.96,2022.0,2022-11-28 20:49:52.348087024+00:00,,8,41.96,8,394.0
11213,Mariana,Garcia,42.0,Desconocido,Basico,7,368.0,6,17.24,2022.0,2022-11-29 03:24:10.262565644+00:00,2024-09-04 00:33:20+00:00,6,17.24,7,368.0
11214,Ana,Garcia,78.0,Cali,Premium,8,430.0,4,26.08,2022.0,2022-11-29 09:58:28.177044264+00:00,,4,26.08,8,430.0
11215,Mariana,Torres,20.0,CDMX,Basico,5,229.0,4,8.89,2022.0,2022-11-29 16:32:46.091522884+00:00,,4,8.89,5,229.0
11216,Sofia,Gomez,76.0,MTY,Basico,10,518.0,1,3.38,2022.0,2022-11-29 23:07:04.006001504+00:00,2024-06-08 23:40:00+00:00,1,3.38,10,518.0
11217,Ana,Gomez,55.0,CDMX,Basico,6,283.0,9,66.03999999999999,2022.0,2022-11-30 05:41:21.920480120+00:00,,9,66.03999999999999,6,283.0
11218,Mariana,Garcia,37.0,CDMX,Premium,4,181.0,2,2.22,2022.0,2022-11-30 12:15:39.834958740+00:00,,2,2.22,4,181.0
11219,Mateo,Lopez,51.0,Medellín,Premium,3,114.0,3,43.589999999999996,2022.0,2022-11-30 18:49:57.749437360+00:00,,3,43.589999999999996,3,114.0
11220,Mateo,Torres,66.0,Desconocido,Premium,5,302.0,5,27.4,2022.0,2022-12-01 01:24:15.663915980+00:00,,5,27.4,5,302.0
11221,Luis,Torres,61.0,CDMX,Basico,6,373.0,2,5.6899999999999995,2022.0,2022-12-01 07:58:33.578394600+00:00,,2,5.6899999999999995,6,373.0
11222,Mariana,Garcia,61.0,Bogotá,Premium,9,426.0,4,12.56,2022.0,2022-12-01 14:32:51.492873220+00:00,,4,12.56,9,426.0
11223,Carlos,Garcia,47.0,Desconocido,Basico,7,319.0,5,29.9,2022.0,2022-12-01 21:07:09.407351840+00:00,,5,29.9,7,319.0
11224,Mariana,Lopez,34.0,Cali,Premium,5,172.0,4,22.0,2022.0,2022-12-02 03:41:27.321830460+00:00,,4,22.0,5,172.0
11225,Ana,Lopez,76.0,Bogotá,Basico,7,427.0,4,10.65,2022.0,2022-12-02 10:15:45.236309080+00:00,,4,10.65,7,427.0
11226,Ana,Gomez,27.0,Cali,Basico,8,408.0,5,18.98,2022.0,2022-12-02 16:50:03.150787700+00:00,,5,18.98,8,408.0
11227,Mariana,Torres,52.0,Bogotá,Basico,10,480.0,5,37.1,2022.0,2022-12-02 23:24:21.065266320+00:00,2024-08-27 23:06:40+00:00,5,37.1,10,480.0
11228,Sofia,Torres,37.0,CDMX,Premium,10,501.0,3,5.930000000000001,2022.0,2022-12-03 05:58:38.979744936+00:00,,3,5.930000000000001,10,501.0
11229,Mateo,Garcia,35.0,CDMX,Premium,7,328.0,4,21.7,2022.0,2022-12-03 12:32:56.894223556+00:00,,4,21.7,7,328.0
11230,Ana,Gomez,62.0,GDL,Basico,4,173.0,4,20.65,2022.0,2022-12-03 19:07:14.808702176+00:00,,4,20.65,4,173.0
11231,Mateo,Torres,61.0,MTY,Basico,7,351.0,3,11.790000000000001,2022.0,2022-12-04 01:41:32.723180796+00:00,,3,11.790000000000001,7,351.0
11232,Ana,Gomez,44.0,Desconocido,Premium,9,546.0,2,14.88,2022.0,2022-12-04 08:15:50.637659416+00:00,,2,14.88,9,546.0
11233,Luis,Gomez,76.0,Cali,Basico,11,600.0,3,13.53,2022.0,2022-12-04 14:50:08.552138036+00:00,2024-06-16 23:20:00+00:00,3,13.53,11,600.0
11234,Carlos,Garcia,79.0,Bogotá,Premium,3,151.0,3,5.93,2022.0,2022-12-04 21:24:26.466616656+00:00,2024-11-15 00:20:00+00:00,3,5.93,3,151.0
11235,Ana,Gomez,76.0,Bogotá,Premium,2,108.0,5,39.34,2022.0,2022-12-05 03:58:44.381095276+00:00,2024-08-07 00:20:00+00:00,5,39.34,2,108.0
11236,Mateo,Lopez,66.0,GDL,Basico,6,252.0,3,11.3,2022.0,2022-12-05 10:33:02.295573896+00:00,,3,11.3,6,252.0
11237,Luis,Lopez,53.0,Medellín,Basico,7,350.0,4,16.4,2022.0,2022-12-05 17:07:20.210052516+00:00,2024-11-10 00:53:20+00:00,4,16.4,7,350.0
11238,Ana,Ramirez,48.0,Cali,Basico,6,218.0,5,22.03,2022.0,2022-12-05 23:41:38.124531136+00:00,,5,22.03,6,218.0
11239,Sofia,Garcia,40.0,GDL,Basico,6,342.0,7,24.3,2022.0,2022-12-06 06:15:56.039009756+00:00,,7,24.3,6,342.0
11240,Carlos,Ramirez,49.0,CDMX,Basico,7,308.0,6,39.46,2022.0,2022-12-06 12:50:13.953488372+00:00,,6,39.46,7,308.0
11241,Ana,Lopez,27.0,Medellín,Premium,4,1727.0,10,44.46,2022.0,2022-12-06 19:24:31.867966992+00:00,,10,44.46,4,724.02
11242,Luis,Ramirez,28.0,Bogotá,Basico,5,267.0,3,8.61,2022.0,2022-12-07 01:58:49.782445612+00:00,,3,8.61,5,267.0
11243,Sofia,Garcia,55.0,Bogotá,Basico,6,196.0,4,23.520000000000003,2022.0,2022-12-07 08:33:07.696924232+00:00,,4,23.520000000000003,6,196.0
11244,Mariana,Garcia,23.0,Medellín,Premium,4,298.0,4,15.749999999999998,2022.0,2022-12-07 15:07:25.611402852+00:00,,4,15.749999999999998,4,298.0
11245,Luis,Gomez,76.0,Bogotá,Premium,3,162.0,4,22.86,2022.0,2022-12-07 21:41:43.525881472+00:00,2024-10-24 22:46:40+00:00,4,22.86,3,162.0
11246,Luis,Torres,58.0,GDL,Premium,7,415.0,7,33.65,2022.0,2022-12-08 04:16:01.440360092+00:00,,7,33.65,7,415.0
11247,Sofia,Gomez,79.0,MTY,Basico,8,391.0,5,29.08,2022.0,2022-12-08 10:50:19.354838712+00:00,,5,29.08,8,391.0
11248,Luis,Garcia,64.0,Bogotá,Premium,8,454.0,8,27.970000000000002,2022.0,2022-12-08 17:24:37.269317332+00:00,,8,27.970000000000002,8,454.0
11249,Sofia,Lopez,51.0,Desconocido,Premium,7,373.0,2,18.45,2022.0,2022-12-08 23:58:55.183795952+00:00,,2,18.45,7,373.0
11250,Ana,Lopez,53.0,Desconocido,Basico,4,153.0,4,19.8,2022.0,2022-12-09 06:33:13.098274572+00:00,,4,19.8,4,153.0
11251,Sofia,Gomez,54.0,Desconocido,Basico,2,123.0,4,30.78,2022.0,2022-12-09 13:07:31.012753188+00:00,,4,30.78,2,123.0
11252,Sofia,Garcia,34.0,Medellín,Basico,5,249.0,7,47.05,2022.0,2022-12-09 19:41:48.927231808+00:00,,7,47.05,5,249.0
11253,Carlos,Lopez,57.0,Bogotá,Premium,4,217.0,3,13.8,2022.0,2022-12-10 02:16:06.841710428+00:00,,3,13.8,4,217.0
11254,Sofia,Garcia,57.0,Medellín,Basico,6,353.0,5,21.25,2022.0,2022-12-10 08:50:24.756189048+00:00,,5,21.25,6,353.0
11255,Sofia,Lopez,71.0,Desconocido,Premium,13,607.0,5,32.19,2022.0,2022-12-10 15:24:42.670667668+00:00,,5,32.19,12,607.0
11256,Mariana,Garcia,29.0,GDL,Premium,6,286.0,3,9.07,2022.0,2022-12-10 21:59:00.585146288+00:00,,3,9.07,6,286.0
11257,Ana,Ramirez,38.0,Bogotá,Basico,7,357.0,5,22.72,2022.0,2022-12-11 04:33:18.499624908+00:00,,5,22.72,7,357.0
11258,Carlos,Garcia,57.0,Medellín,Basico,5,211.0,3,16.39,2022.0,2022-12-11 11:07:36.414103528+00:00,2024-11-02 01:13:20+00:00,3,16.39,5,211.0
11259,Mariana,Garcia,36.0,Medellín,Basico,10,511.0,6,21.380000000000003,2022.0,2022-12-11 17:41:54.328582148+00:00,,6,21.380000000000003,10,511.0
11260,Mateo,Gomez,20.0,GDL,Basico,4,164.0,7,58.720000000000006,2022.0,2022-12-12 00:16:12.243060768+00:00,,7,58.720000000000006,4,164.0
11261,Ana,Ramirez,35.0,Bogotá,Premium,7,435.0,2,1.8800000000000001,2022.0,2022-12-12 06:50:30.157539388+00:00,,2,1.8800000000000001,7,435.0
11262,Ana,Torres,70.0,Cali,Premium,8,352.0,3,9.95,2022.0,2022-12-12 13:24:48.072018008+00:00,,3,9.95,8,352.0
11263,Mateo,Gomez,68.0,Bogotá,Basico,7,423.0,6,17.75,2022.0,2022-12-12 19:59:05.986496624+00:00,2024-08-27 00:53:20+00:00,6,17.75,7,423.0
11264,Sofia,Torres,36.0,Cali,Premium,4,210.0,1,4.29,2022.0,2022-12-13 02:33:23.900975244+00:00,,1,4.29,4,210.0
11265,Mariana,Lopez,64.0,MTY,Basico,8,460.0,3,27.8,2022.0,2022-12-13 09:07:41.815453864+00:00,2024-10-24 22:46:40+00:00,3,27.8,8,460.0
11266,Luis,Torres,23.0,Desconocido,Basico,6,277.0,7,28.05,2022.0,2022-12-13 15:41:59.729932484+00:00,,7,28.05,6,277.0
11267,Carlos,Garcia,33.0,Bogotá,Basico,6,188.0,5,35.22,2022.0,2022-12-13 22:16:17.644411104+00:00,,5,35.22,6,188.0
11268,Luis,Torres,25.0,Bogotá,Basico,5,298.0,5,39.18,2022.0,2022-12-14 04:50:35.558889724+00:00,2024-07-08 23:06:40+00:00,5,39.18,5,298.0
11269,Mateo,Gomez,65.0,CDMX,Premium,6,392.0,3,9.72,2022.0,2022-12-14 11:24:53.473368344+00:00,,3,9.72,6,392.0
11270,Ana,Gomez,35.0,CDMX,Premium,6,313.0,4,21.72,2022.0,2022-12-14 17:59:11.387846964+00:00,,4,21.72,6,313.0
11271,Ana,Torres,69.0,Medellín,Basico,6,262.0,0,0.0,2022.0,2022-12-15 00:33:29.302325584+00:00,,0,0.0,6,262.0
11272,Carlos,Gomez,65.0,Bogotá,Basico,9,391.0,6,24.69,2022.0,2022-12-15 07:07:47.216804204+00:00,,6,24.69,9,391.0
11273,Ana,Gomez,60.0,Bogotá,Basico,9,477.0,4,19.03,2022.0,2022-12-15 13:42:05.131282824+00:00,,4,19.03,9,477.0
11274,Ana,Torres,56.0,CDMX,Basico,7,388.0,2,13.55,2022.0,2022-12-15 20:16:23.045761444+00:00,2024-11-21 00:46:40+00:00,2,13.55,7,388.0
11275,Carlos,Ramirez,66.0,Cali,Premium,4,225.0,5,20.12,,,2024-12-05 23:06:40+00:00,5,20.12,4,225.0
11276,Mariana,Ramirez,66.0,Cali,Premium,3,102.0,1,11.75,2022.0,2022-12-16 09:24:58.874718680+00:00,,1,11.75,3,102.0
11277,Mariana,Lopez,29.0,GDL,Premium,6,254.0,3,13.84,2022.0,2022-12-16 15:59:16.789197300+00:00,,3,13.84,6,254.0
11278,Carlos,Gomez,62.0,Medellín,Basico,5,216.0,2,5.4,2022.0,2022-12-16 22:33:34.703675920+00:00,,2,5.4,5,216.0
11279,Mateo,Torres,27.0,Cali,Basico,9,473.0,1,5.23,2022.0,2022-12-17 05:07:52.618154540+00:00,,1,5.23,9,473.0
11280,Ana,Gomez,24.0,Medellín,Basico,11,521.0,5,24.66,2022.0,2022-12-17 11:42:10.532633160+00:00,,5,24.66,11,521.0
11281,Ana,Garcia,63.0,MTY,Basico,6,289.0,2,14.739999999999998,2022.0,2022-12-17 18:16:28.447111780+00:00,,2,14.739999999999998,6,289.0
11282,Mateo,Gomez,72.0,Medellín,Basico,12,622.0,5,33.68,2022.0,2022-12-18 00:50:46.361590400+00:00,,5,33.68,12,622.0
11283,Mariana,Gomez,18.0,GDL,Basico,10,442.0,6,28.22,2022.0,2022-12-18 07:25:04.276069020+00:00,2024-07-30 22:53:20+00:00,6,28.22,10,442.0
11284,Sofia,Ramirez,66.0,MTY,Basico,6,233.0,3,15.370000000000001,2022.0,2022-12-18 13:59:22.190547640+00:00,,3,15.370000000000001,6,233.0
11285,Sofia,Torres,53.0,GDL,Basico,6,301.0,0,0.0,2022.0,2022-12-18 20:33:40.105026260+00:00,,0,0.0,6,301.0
11286,Sofia,Gomez,38.0,Bogotá,Premium,7,365.0,6,64.38,2022.0,2022-12-19 03:07:58.019504876+00:00,2024-11-24 01:00:00+00:00,6,64.38,7,365.0
11287,Mariana,Ramirez,54.0,CDMX,Basico,1,20.0,3,6.99,2022.0,2022-12-19 09:42:15.933983496+00:00,,3,6.99,1,34.0
11288,Mariana,Lopez,69.0,Desconocido,Premium,9,379.0,8,20.14,2022.0,2022-12-19 16:16:33.848462116+00:00,2024-06-19 01:20:00+00:00,8,20.14,9,379.0
11289,Mateo,Ramirez,41.0,MTY,Basico,6,324.0,6,39.33,2022.0,2022-12-19 22:50:51.762940736+00:00,,6,39.33,6,324.0
11290,Ana,Ramirez,72.0,GDL,Basico,6,292.0,4,18.53,2022.0,2022-12-20 05:25:09.677419356+00:00,,4,18.53,6,292.0
11291,Mateo,Ramirez,42.0,Bogotá,Premium,7,452.0,5,22.419999999999998,2022.0,2022-12-20 11:59:27.591897976+00:00,,5,22.419999999999998,7,452.0
11292,Mateo,Gomez,24.0,GDL,Basico,2,63.0,4,17.990000000000002,2022.0,2022-12-20 18:33:45.506376596+00:00,,4,17.990000000000002,2,63.0
11293,Mariana,Gomez,48.0,Bogotá,Premium,4,206.0,4,25.16,,,,4,25.16,4,206.0
11294,Sofia,Lopez,59.0,MTY,Basico,3,172.0,4,37.1,2022.0,2022-12-21 07:42:21.335333836+00:00,,4,37.1,3,172.0
11295,Luis,Garcia,34.0,CDMX,Basico,9,424.0,5,28.130000000000003,2022.0,2022-12-21 14:16:39.249812456+00:00,,5,28.130000000000003,9,424.0
11296,Ana,Garcia,46.0,GDL,Basico,6,404.0,4,13.950000000000001,2022.0,2022-12-21 20:50:57.164291076+00:00,,4,13.950000000000001,6,404.0
11297,Mariana,Garcia,47.0,Bogotá,Premium,5,247.0,1,1.64,2022.0,2022-12-22 03:25:15.078769696+00:00,,1,1.64,5,247.0
11298,Sofia,Lopez,24.0,CDMX,Premium,4,209.0,5,27.53,2022.0,2022-12-22 09:59:32.993248312+00:00,,5,27.53,4,209.0
11299,Luis,Garcia,50.0,Cali,Premium,7,290.0,6,10.350000000000001,2022.0,2022-12-22 16:33:50.907726932+00:00,,6,10.350000000000001,7,290.0
11300,Luis,Garcia,24.0,Medellín,Premium,3,157.0,2,5.6899999999999995,2022.0,2022-12-22 23:08:08.822205552+00:00,,2,5.6899999999999995,3,157.0
11301,Mariana,Ramirez,75.0,Medellín,Basico,6,343.0,2,14.19,2022.0,2022-12-23 05:42:26.736684172+00:00,,2,14.19,6,343.0
11302,Carlos,Gomez,41.0,Bogotá,Basico,6,338.0,3,14.200000000000001,2022.0,2022-12-23 12:16:44.651162792+00:00,,3,14.200000000000001,6,338.0
11303,Ana,Gomez,28.0,Bogotá,Basico,3,126.0,3,7.22,2022.0,2022-12-23 18:51:02.565641412+00:00,,3,7.22,3,126.0
11304,Luis,Ramirez,26.0,Desconocido,Basico,9,462.0,7,135.35999999999999,2022.0,2022-12-24 01:25:20.480120032+00:00,,7,82.19759999999998,9,462.0
11305,Mariana,Ramirez,29.0,CDMX,Premium,3,121.0,4,27.14,2022.0,2022-12-24 07:59:38.394598652+00:00,,4,27.14,3,121.0
11306,Mariana,Ramirez,52.0,CDMX,Basico,2,103.0,4,35.73,2022.0,2022-12-24 14:33:56.309077272+00:00,,4,35.73,2,103.0
11307,Sofia,Gomez,48.0,GDL,Basico,6,259.0,2,4.24,2022.0,2022-12-24 21:08:14.223555892+00:00,,2,4.24,6,259.0
11308,Carlos,Garcia,21.0,CDMX,Basico,7,375.0,5,33.87,2022.0,2022-12-25 03:42:32.138034512+00:00,,5,33.87,7,375.0
11309,Ana,Ramirez,53.0,GDL,Premium,10,548.0,5,40.61,2022.0,2022-12-25 10:16:50.052513132+00:00,,5,40.61,10,548.0
11310,Mateo,Lopez,45.0,Medellín,Premium,7,435.0,1,0.53,2022.0,2022-12-25 16:51:07.966991748+00:00,2024-09-30 23:46:40+00:00,1,0.53,7,435.0
11311,Sofia,Ramirez,74.0,Bogotá,Basico,8,377.0,2,3.21,2022.0,2022-12-25 23:25:25.881470368+00:00,,2,3.21,8,377.0
11312,Luis,Torres,30.0,Desconocido,Basico,5,257.0,5,24.580000000000002,2022.0,2022-12-26 05:59:43.795948988+00:00,,5,24.580000000000002,5,257.0
11313,Luis,Ramirez,40.0,GDL,Basico,3,202.0,6,11.94,2022.0,2022-12-26 12:34:01.710427608+00:00,,6,11.94,3,202.0
11314,Sofia,Gomez,36.0,MTY,Basico,8,379.0,5,28.29,,,,5,28.29,8,379.0
11315,Mariana,Ramirez,59.0,Desconocido,Premium,8,426.0,7,48.160000000000004,2022.0,2022-12-27 01:42:37.539384848+00:00,,7,48.160000000000004,8,426.0
11316,Luis,Torres,54.0,Cali,Basico,7,379.0,4,32.72,2022.0,2022-12-27 08:16:55.453863468+00:00,,4,32.72,7,379.0
11317,Carlos,Lopez,56.0,Bogotá,Basico,3,136.0,10,35.06,2022.0,2022-12-27 14:51:13.368342088+00:00,2024-10-07 00:13:20+00:00,10,35.06,3,136.0
11318,Ana,Garcia,41.0,Bogotá,Basico,4,220.0,9,40.86,2022.0,2022-12-27 21:25:31.282820708+00:00,2024-06-26 00:00:00+00:00,9,40.86,4,220.0
11319,Carlos,Ramirez,33.0,Cali,Basico,7,303.0,3,18.14,2022.0,2022-12-28 03:59:49.197299328+00:00,,3,18.14,7,303.0
11320,Luis,Torres,50.0,Bogotá,Premium,4,221.0,5,28.28,2022.0,2022-12-28 10:34:07.111777948+00:00,,5,28.28,4,221.0
11321,Mateo,Torres,29.0,GDL,Basico,5,234.0,6,24.49,2022.0,2022-12-28 17:08:25.026256564+00:00,2024-06-27 01:00:00+00:00,6,24.49,5,234.0
11322,Ana,Lopez,51.0,Cali,Basico,5,314.0,4,10.89,2022.0,2022-12-28 23:42:42.940735184+00:00,,4,10.89,5,314.0
11323,Ana,Gomez,24.0,Bogotá,Premium,7,344.0,3,20.650000000000002,2022.0,2022-12-29 06:17:00.855213804+00:00,,3,20.650000000000002,7,344.0
11324,Sofia,Ramirez,28.0,CDMX,Basico,3,92.0,8,56.93,2022.0,2022-12-29 12:51:18.769692424+00:00,2024-08-10 00:33:20+00:00,8,56.93,3,92.0
11325,Sofia,Torres,48.0,Bogotá,Premium,2,85.0,5,13.96,2022.0,2022-12-29 19:25:36.684171044+00:00,,5,13.96,2,85.0
11326,Mateo,Lopez,46.0,Bogotá,Basico,8,371.0,7,34.65,2022.0,2022-12-30 01:59:54.598649664+00:00,,7,34.65,8,371.0
11327,Mariana,Garcia,79.0,Desconocido,Basico,6,226.0,4,18.33,2022.0,2022-12-30 08:34:12.513128284+00:00,,4,18.33,6,226.0
11328,Ana,Torres,30.0,CDMX,Basico,6,362.0,4,35.3,2022.0,2022-12-30 15:08:30.427606904+00:00,,4,35.3,6,362.0
11329,Mateo,Lopez,48.0,Desconocido,Basico,5,278.0,8,35.47,2022.0,2022-12-30 21:42:48.342085524+00:00,,8,35.47,5,278.0
11330,Sofia,Gomez,19.0,Bogotá,Basico,7,475.0,3,26.330000000000002,2022.0,2022-12-31 04:17:06.256564144+00:00,,3,26.330000000000002,7,475.0
11331,Sofia,Gomez,56.0,Bogotá,Basico,2,136.0,3,15.450000000000001,2022.0,2022-12-31 10:51:24.171042764+00:00,,3,15.450000000000001,2,136.0
11332,Ana,Torres,32.0,CDMX,Basico,3,176.0,0,0.0,2022.0,2022-12-31 17:25:42.085521384+00:00,,0,0.0,3,176.0
11333,Carlos,Torres,74.0,Medellín,Basico,4,142.0,6,35.45,2023.0,2023-01-01 00:00:00+00:00,,6,35.45,4,142.0
11334,Luis,Ramirez,28.0,Desconocido,Premium,4,236.0,2,3.16,2023.0,2023-01-01 06:34:17.914478620+00:00,,2,3.16,4,236.0
11335,Sofia,Lopez,51.0,MTY,Premium,9,386.0,7,79.3,2023.0,2023-01-01 13:08:35.828957240+00:00,,7,79.3,9,386.0
11336,Mariana,Torres,56.0,GDL,Basico,7,417.0,4,12.48,2023.0,2023-01-01 19:42:53.743435860+00:00,,4,12.48,7,417.0
11337,Mariana,Ramirez,21.0,Bogotá,Basico,7,303.0,1,7.06,2023.0,2023-01-02 02:17:11.657914480+00:00,,1,7.06,7,303.0
11338,Sofia,Ramirez,28.0,Cali,Premium,7,285.0,6,24.66,2023.0,2023-01-02 08:51:29.572393100+00:00,,6,24.66,7,285.0
11339,Carlos,Torres,46.0,CDMX,Basico,8,478.0,2,12.379999999999999,2023.0,2023-01-02 15:25:47.486871720+00:00,2024-09-16 23:40:00+00:00,2,12.379999999999999,8,478.0
11340,Carlos,Gomez,19.0,Medellín,Basico,3,138.0,3,7.28,2023.0,2023-01-02 22:00:05.401350340+00:00,,3,7.28,3,138.0
11341,Mateo,Lopez,78.0,Bogotá,Basico,5,301.0,5,23.64,2023.0,2023-01-03 04:34:23.315828960+00:00,,5,23.64,5,301.0
11342,Mariana,Lopez,33.0,MTY,Basico,6,284.0,8,33.230000000000004,2023.0,2023-01-03 11:08:41.230307580+00:00,2024-07-19 23:00:00+00:00,8,33.230000000000004,6,284.0
11343,Mateo,Gomez,56.0,Bogotá,Basico,6,284.0,6,20.04,2023.0,2023-01-03 17:42:59.144786200+00:00,,6,20.04,6,284.0
11344,Mariana,Torres,30.0,GDL,Premium,4,247.0,2,13.29,2023.0,2023-01-04 00:17:17.059264816+00:00,,2,13.29,4,247.0
11345,Luis,Lopez,54.0,Cali,Premium,3,151.0,4,8.76,2023.0,2023-01-04 06:51:34.973743436+00:00,,4,8.76,3,151.0
11346,Luis,Torres,34.0,Medellín,Premium,4,223.0,4,29.189999999999998,2023.0,2023-01-04 13:25:52.888222056+00:00,,4,29.189999999999998,4,223.0
11347,Ana,Torres,38.0,Bogotá,Basico,6,352.0,3,8.17,2023.0,2023-01-04 20:00:10.802700676+00:00,,3,8.17,6,352.0
11348,Mateo,Ramirez,61.0,MTY,Basico,8,459.0,5,20.259999999999998,2023.0,2023-01-05 02:34:28.717179296+00:00,,5,20.259999999999998,8,459.0
11349,Sofia,Gomez,77.0,GDL,Premium,3,53.0,6,14.780000000000001,2023.0,2023-01-05 09:08:46.631657916+00:00,,6,14.780000000000001,3,53.0
11350,Mateo,Torres,36.0,Cali,Basico,6,301.0,2,14.7,2023.0,2023-01-05 15:43:04.546136536+00:00,,2,14.7,6,301.0
11351,Sofia,Garcia,24.0,Bogotá,Basico,5,226.0,8,51.37,2023.0,2023-01-05 22:17:22.460615156+00:00,,8,51.37,5,226.0
11352,Carlos,Gomez,55.0,Bogotá,Basico,5,327.0,4,6.72,2023.0,2023-01-06 04:51:40.375093776+00:00,2024-11-13 01:06:40+00:00,4,6.72,5,327.0
11353,Mateo,Lopez,25.0,Bogotá,Basico,4,134.0,2,22.990000000000002,2023.0,2023-01-06 11:25:58.289572396+00:00,,2,22.990000000000002,4,134.0
11354,Carlos,Ramirez,30.0,Bogotá,Basico,2,52.0,5,18.54,2023.0,2023-01-06 18:00:16.204051016+00:00,,5,18.54,2,52.0
11355,Luis,Lopez,54.0,GDL,Basico,5,244.0,7,21.43,2023.0,2023-01-07 00:34:34.118529636+00:00,,7,21.43,5,244.0
11356,Luis,Lopez,19.0,CDMX,Premium,5,198.0,3,10.15,2023.0,2023-01-07 07:08:52.033008252+00:00,,3,10.15,5,198.0
11357,Ana,Gomez,58.0,CDMX,Basico,5,339.0,3,19.939999999999998,2023.0,2023-01-07 13:43:09.947486872+00:00,,3,19.939999999999998,5,339.0
11358,Mateo,Lopez,79.0,Cali,Basico,1,48.0,4,29.17,2023.0,2023-01-07 20:17:27.861965492+00:00,,4,29.17,1,48.0
11359,Carlos,Torres,28.0,GDL,Premium,3,71.0,2,33.14,2023.0,2023-01-08 02:51:45.776444112+00:00,,2,33.14,3,71.0
11360,Sofia,Lopez,41.0,CDMX,Basico,4,201.0,4,45.59,2023.0,2023-01-08 09:26:03.690922732+00:00,2024-08-13 23:00:00+00:00,4,45.59,4,201.0
11361,Luis,Ramirez,23.0,Cali,Basico,5,303.0,3,35.370000000000005,2023.0,2023-01-08 16:00:21.605401352+00:00,2024-10-08 01:13:20+00:00,3,35.370000000000005,5,303.0
11362,Luis,Ramirez,78.0,CDMX,Basico,8,498.0,4,27.47,2023.0,2023-01-08 22:34:39.519879972+00:00,,4,27.47,8,498.0
11363,Sofia,Garcia,43.0,Medellín,Basico,6,275.0,4,15.850000000000001,2023.0,2023-01-09 05:08:57.434358592+00:00,2024-09-27 23:33:20+00:00,4,15.850000000000001,6,275.0
11364,Carlos,Ramirez,24.0,MTY,Basico,7,358.0,1,0.71,2023.0,2023-01-09 11:43:15.348837212+00:00,,1,0.71,7,358.0
11365,Carlos,Lopez,74.0,CDMX,Premium,6,281.0,5,41.14,2023.0,2023-01-09 18:17:33.263315832+00:00,,5,41.14,6,281.0
11366,Mateo,Ramirez,56.0,Bogotá,Premium,5,242.0,2,12.56,2023.0,2023-01-10 00:51:51.177794452+00:00,,2,12.56,5,242.0
11367,Mateo,Gomez,36.0,CDMX,Basico,8,413.0,7,24.29,2023.0,2023-01-10 07:26:09.092273072+00:00,,7,24.29,8,413.0
11368,Mariana,Ramirez,23.0,Cali,Basico,4,141.0,3,27.15,2023.0,2023-01-10 14:00:27.006751688+00:00,,3,27.15,4,141.0
11369,Mariana,Torres,60.0,Bogotá,Basico,3,125.0,3,15.780000000000001,2023.0,2023-01-10 20:34:44.921230308+00:00,,3,15.780000000000001,3,125.0
11370,Ana,Gomez,46.0,CDMX,Basico,3,170.0,5,71.09,2023.0,2023-01-11 03:09:02.835708928+00:00,,5,71.09,3,170.0
11371,Luis,Garcia,60.0,GDL,Basico,4,155.0,1,0.86,2023.0,2023-01-11 09:43:20.750187548+00:00,,1,0.86,4,155.0
11372,Mateo,Torres,56.0,Bogotá,Basico,5,268.0,6,30.12,2023.0,2023-01-11 16:17:38.664666168+00:00,,6,30.12,5,268.0
11373,Carlos,Lopez,19.0,GDL,Basico,10,453.0,2,8.719999999999999,2023.0,2023-01-11 22:51:56.579144788+00:00,,2,8.719999999999999,10,453.0
11374,Sofia,Lopez,36.0,GDL,Basico,3,158.0,5,11.9,2023.0,2023-01-12 05:26:14.493623408+00:00,,5,11.9,3,158.0
11375,Carlos,Lopez,21.0,Bogotá,Basico,7,315.0,5,27.36,2023.0,2023-01-12 12:00:32.408102028+00:00,,5,27.36,7,315.0
11376,Luis,Torres,75.0,Cali,Basico,5,170.0,7,16.4,2023.0,2023-01-12 18:34:50.322580648+00:00,,7,16.4,5,170.0
11377,Mariana,Torres,23.0,Bogotá,Basico,5,300.0,4,32.87,2023.0,2023-01-13 01:09:08.237059268+00:00,,4,32.87,5,300.0
11378,Carlos,Torres,66.0,Medellín,Premium,5,302.0,4,45.06,2023.0,2023-01-13 07:43:26.151537888+00:00,2024-11-04 00:26:40+00:00,4,45.06,5,302.0
11379,Ana,Gomez,74.0,Desconocido,Basico,4,214.0,2,11.53,2023.0,2023-01-13 14:17:44.066016504+00:00,,2,11.53,4,214.0
11380,Luis,Gomez,54.0,GDL,Premium,9,369.0,8,55.12,2023.0,2023-01-13 20:52:01.980495124+00:00,,8,55.12,9,369.0
11381,Mariana,Lopez,78.0,Cali,Premium,3,139.0,4,13.549999999999999,2023.0,2023-01-14 03:26:19.894973744+00:00,,4,13.549999999999999,3,139.0
11382,Sofia,Ramirez,45.0,Cali,Premium,9,357.0,4,17.560000000000002,2023.0,2023-01-14 10:00:37.809452364+00:00,,4,17.560000000000002,9,357.0
11383,Mariana,Lopez,47.0,MTY,Basico,3,171.0,5,19.119999999999997,2023.0,2023-01-14 16:34:55.723930984+00:00,,5,19.119999999999997,3,171.0
11384,Ana,Garcia,24.0,Desconocido,Premium,6,264.0,3,11.94,2023.0,2023-01-14 23:09:13.638409604+00:00,,3,11.94,6,264.0
11385,Luis,Gomez,26.0,GDL,Basico,2,155.0,2,2.7600000000000002,2023.0,2023-01-15 05:43:31.552888224+00:00,,2,2.7600000000000002,2,155.0
11386,Sofia,Torres,42.0,GDL,Basico,9,396.0,4,20.880000000000003,2023.0,2023-01-15 12:17:49.467366844+00:00,,4,20.880000000000003,9,396.0
11387,Ana,Gomez,50.0,Cali,Basico,2,123.0,7,38.49,2023.0,2023-01-15 18:52:07.381845464+00:00,,7,38.49,2,123.0
11388,Mariana,Torres,48.0,Bogotá,Basico,6,314.0,6,18.73,2023.0,2023-01-16 01:26:25.296324084+00:00,,6,18.73,6,314.0
11389,Ana,Garcia,18.0,MTY,Basico,5,136.0,3,10.809999999999999,2023.0,2023-01-16 08:00:43.210802704+00:00,,3,10.809999999999999,5,136.0
11390,Luis,Garcia,68.0,CDMX,Basico,6,310.0,5,20.94,2023.0,2023-01-16 14:35:01.125281324+00:00,,5,20.94,6,310.0
11391,Mateo,Gomez,23.0,Cali,Basico,5,238.0,4,14.59,2023.0,2023-01-16 21:09:19.039759940+00:00,,4,14.59,5,238.0
11392,Ana,Torres,35.0,Cali,Premium,5,291.0,3,19.65,2023.0,2023-01-17 03:43:36.954238560+00:00,,3,19.65,5,291.0
11393,Ana,Garcia,27.0,Bogotá,Basico,6,333.0,4,11.790000000000001,2023.0,2023-01-17 10:17:54.868717180+00:00,2024-07-08 23:06:40+00:00,4,11.790000000000001,6,333.0
11394,Mariana,Lopez,45.0,Desconocido,Basico,6,309.0,8,60.6,2023.0,2023-01-17 16:52:12.783195800+00:00,,8,60.6,6,309.0
11395,Mariana,Lopez,28.0,MTY,Premium,8,355.0,7,31.79,2023.0,2023-01-17 23:26:30.697674420+00:00,,7,31.79,8,355.0
11396,Sofia,Torres,50.0,GDL,Basico,6,362.0,4,39.12,2023.0,2023-01-18 06:00:48.612153040+00:00,,4,39.12,6,362.0
11397,Mariana,Gomez,18.0,Medellín,Basico,2,111.0,4,26.46,2023.0,2023-01-18 12:35:06.526631660+00:00,,4,26.46,2,111.0
11398,Carlos,Garcia,30.0,Cali,Premium,5,241.0,0,0.0,2023.0,2023-01-18 19:09:24.441110280+00:00,,0,0.0,5,241.0
11399,Luis,Gomez,54.0,GDL,Basico,9,485.0,7,25.41,2023.0,2023-01-19 01:43:42.355588900+00:00,,7,25.41,9,485.0
11400,Luis,Lopez,37.0,CDMX,Basico,5,195.0,3,19.46,2023.0,2023-01-19 08:18:00.270067520+00:00,,3,19.46,5,195.0
11401,Mateo,Garcia,18.0,Cali,Premium,9,2026.0,5,15.370000000000001,2023.0,2023-01-19 14:52:18.184546140+00:00,2024-06-29 00:13:20+00:00,5,15.370000000000001,9,724.02
11402,Mateo,Gomez,69.0,Desconocido,Premium,6,412.0,4,25.42,2023.0,2023-01-19 21:26:36.099024760+00:00,,4,25.42,6,412.0
11403,Luis,Ramirez,20.0,Medellín,Basico,5,307.0,9,66.08,2023.0,2023-01-20 04:00:54.013503376+00:00,,9,66.08,5,307.0
11404,Mateo,Torres,35.0,GDL,Basico,7,279.0,5,32.31,2023.0,2023-01-20 10:35:11.927981996+00:00,,5,32.31,7,279.0
11405,Sofia,Torres,58.0,Desconocido,Premium,5,248.0,7,23.38,2023.0,2023-01-20 17:09:29.842460616+00:00,,7,23.38,5,248.0
11406,Mariana,Ramirez,31.0,Desconocido,Basico,7,415.0,5,13.03,2023.0,2023-01-20 23:43:47.756939236+00:00,,5,13.03,7,415.0
11407,Luis,Lopez,48.0,Bogotá,Basico,5,233.0,2,14.549999999999999,2023.0,2023-01-21 06:18:05.671417856+00:00,,2,14.549999999999999,5,233.0
11408,Mateo,Garcia,44.0,Cali,Basico,9,369.0,5,23.03,2023.0,2023-01-21 12:52:23.585896476+00:00,2024-12-19 01:00:00+00:00,5,23.03,9,369.0
11409,Luis,Torres,34.0,Cali,Basico,4,178.0,4,9.31,2023.0,2023-01-21 19:26:41.500375096+00:00,,4,9.31,4,178.0
11410,Carlos,Ramirez,72.0,Desconocido,Premium,2,59.0,3,15.52,2023.0,2023-01-22 02:00:59.414853716+00:00,,3,15.52,2,59.0
11411,Ana,Ramirez,63.0,Cali,Premium,4,197.0,2,25.18,2023.0,2023-01-22 08:35:17.329332336+00:00,,2,25.18,4,197.0
11412,Mariana,Lopez,46.0,Medellín,Premium,10,469.0,9,55.46,2023.0,2023-01-22 15:09:35.243810956+00:00,,9,55.46,10,469.0
11413,Luis,Lopez,53.0,Medellín,Basico,7,308.0,1,0.41,2023.0,2023-01-22 21:43:53.158289576+00:00,,1,0.41,7,308.0
11414,Ana,Gomez,54.0,Bogotá,Basico,4,208.0,6,47.22,2023.0,2023-01-23 04:18:11.072768192+00:00,,6,47.22,4,208.0
11415,Mateo,Torres,43.0,Medellín,Premium,1,48.0,2,7.0600000000000005,2023.0,2023-01-23 10:52:28.987246812+00:00,,2,7.0600000000000005,1,48.0
11416,Ana,Gomez,70.0,Cali,Basico,7,321.0,7,54.17999999999999,2023.0,2023-01-23 17:26:46.901725432+00:00,,7,54.17999999999999,7,321.0
11417,Mariana,Ramirez,34.0,Desconocido,Premium,3,81.0,5,27.0,2023.0,2023-01-24 00:01:04.816204052+00:00,,5,27.0,3,81.0
11418,Luis,Garcia,39.0,Bogotá,Premium,8,398.0,1,0.51,2023.0,2023-01-24 06:35:22.730682672+00:00,,1,0.51,8,398.0
11419,Carlos,Garcia,78.0,Bogotá,Basico,8,435.0,6,23.73,2023.0,2023-01-24 13:09:40.645161292+00:00,,6,23.73,8,435.0
11420,Mateo,Lopez,42.0,Bogotá,Basico,6,301.0,4,18.18,2023.0,2023-01-24 19:43:58.559639912+00:00,,4,18.18,6,301.0
11421,Luis,Garcia,19.0,Medellín,Premium,4,234.0,6,17.72,2023.0,2023-01-25 02:18:16.474118532+00:00,,6,17.72,4,234.0
11422,Mariana,Garcia,72.0,Medellín,Premium,4,162.0,3,31.77,2023.0,2023-01-25 08:52:34.388597152+00:00,,3,31.77,4,162.0
11423,Mateo,Garcia,39.0,CDMX,Basico,8,366.0,1,7.91,2023.0,2023-01-25 15:26:52.303075772+00:00,2024-08-16 23:13:20+00:00,1,7.91,8,366.0
11424,Sofia,Ramirez,22.0,Bogotá,Premium,4,139.0,4,27.21,2023.0,2023-01-25 22:01:10.217554392+00:00,,4,27.21,4,139.0
11425,Ana,Garcia,21.0,CDMX,Basico,4,168.0,4,18.14,2023.0,2023-01-26 04:35:28.132033012+00:00,,4,18.14,4,168.0
11426,Mariana,Garcia,53.0,CDMX,Basico,11,564.0,5,39.78,2023.0,2023-01-26 11:09:46.046511628+00:00,,5,39.78,11,564.0
11427,Sofia,Garcia,23.0,Cali,Basico,8,469.0,3,11.0,2023.0,2023-01-26 17:44:03.960990248+00:00,,3,11.0,8,469.0
11428,Luis,Gomez,69.0,GDL,Premium,4,189.0,7,28.32,2023.0,2023-01-27 00:18:21.875468868+00:00,,7,28.32,4,189.0
11429,Carlos,Ramirez,38.0,MTY,Premium,4,207.0,3,3.7800000000000002,2023.0,2023-01-27 06:52:39.789947488+00:00,,3,3.7800000000000002,4,207.0
11430,Mateo,Lopez,30.0,CDMX,Basico,6,305.0,3,12.2,2023.0,2023-01-27 13:26:57.704426108+00:00,,3,12.2,6,305.0
11431,Ana,Gomez,71.0,CDMX,Basico,3,169.0,8,43.06,2023.0,2023-01-27 20:01:15.618904728+00:00,,8,43.06,3,169.0
11432,Mateo,Torres,54.0,Cali,Premium,7,414.0,7,17.97,2023.0,2023-01-28 02:35:33.533383348+00:00,2024-12-14 23:46:40+00:00,7,17.97,7,414.0
11433,Luis,Ramirez,72.0,Bogotá,Basico,8,467.0,6,18.95,2023.0,2023-01-28 09:09:51.447861968+00:00,,6,18.95,8,467.0
11434,Mateo,Ramirez,42.0,Desconocido,Basico,6,299.0,4,14.370000000000001,2023.0,2023-01-28 15:44:09.362340588+00:00,,4,14.370000000000001,6,299.0
11435,Ana,Torres,43.0,MTY,Basico,4,220.0,2,16.85,2023.0,2023-01-28 22:18:27.276819208+00:00,,2,16.85,4,220.0
11436,Luis,Torres,72.0,GDL,Basico,3,67.0,5,6.02,2023.0,2023-01-29 04:52:45.191297828+00:00,,5,6.02,3,67.0
11437,Mateo,Torres,56.0,MTY,Premium,4,199.0,2,0.25,2023.0,2023-01-29 11:27:03.105776448+00:00,,2,0.25,4,199.0
11438,Carlos,Lopez,37.0,Medellín,Premium,7,341.0,4,28.720000000000002,2023.0,2023-01-29 18:01:21.020255064+00:00,,4,28.720000000000002,7,341.0
11439,Mariana,Garcia,50.0,Bogotá,Basico,4,177.0,4,18.67,2023.0,2023-01-30 00:35:38.934733684+00:00,,4,18.67,4,177.0
11440,Luis,Ramirez,31.0,Desconocido,Basico,5,242.0,5,9.34,2023.0,2023-01-30 07:09:56.849212304+00:00,,5,9.34,5,242.0
11441,Mariana,Garcia,73.0,Medellín,Basico,5,250.0,7,57.51,2023.0,2023-01-30 13:44:14.763690924+00:00,,7,57.51,5,250.0
11442,Luis,Garcia,53.0,Bogotá,Basico,10,489.0,6,21.13,2023.0,2023-01-30 20:18:32.678169544+00:00,,6,21.13,10,489.0
11443,Carlos,Torres,34.0,Cali,Basico,5,355.0,4,37.07,2023.0,2023-01-31 02:52:50.592648164+00:00,,4,37.07,5,355.0
11444,Mariana,Lopez,38.0,Desconocido,Basico,3,178.0,3,25.34,2023.0,2023-01-31 09:27:08.507126784+00:00,,3,25.34,3,178.0
11445,Sofia,Gomez,63.0,MTY,Premium,6,280.0,6,31.560000000000002,2023.0,2023-01-31 16:01:26.421605404+00:00,,6,31.560000000000002,6,280.0
11446,Ana,Lopez,33.0,GDL,Premium,6,317.0,4,23.17,2023.0,2023-01-31 22:35:44.336084024+00:00,,4,23.17,6,317.0
11447,Sofia,Garcia,63.0,Medellín,Basico,1,70.0,6,28.95,2023.0,2023-02-01 05:10:02.250562644+00:00,2024-09-09 00:00:00+00:00,6,28.95,1,70.0
11448,Mateo,Lopez,33.0,Bogotá,Premium,4,240.0,2,22.48,2023.0,2023-02-01 11:44:20.165041264+00:00,,2,22.48,4,240.0
11449,Carlos,Torres,73.0,Desconocido,Premium,6,341.0,5,22.9,2023.0,2023-02-01 18:18:38.079519880+00:00,2024-06-18 00:20:00+00:00,5,22.9,6,341.0
11450,Sofia,Gomez,37.0,Bogotá,Basico,9,476.0,4,32.06,2023.0,2023-02-02 00:52:55.993998500+00:00,,4,32.06,9,476.0
11451,Luis,Torres,46.0,CDMX,Basico,4,220.0,2,13.9,2023.0,2023-02-02 07:27:13.908477120+00:00,,2,13.9,4,220.0
11452,Mateo,Gomez,45.0,Desconocido,Basico,4,133.0,2,5.99,2023.0,2023-02-02 14:01:31.822955740+00:00,,2,5.99,4,133.0
11453,Mateo,Garcia,25.0,Cali,Basico,4,223.0,4,15.149999999999999,2023.0,2023-02-02 20:35:49.737434360+00:00,,4,15.149999999999999,4,223.0
11454,Sofia,Gomez,41.0,CDMX,Premium,4,128.0,2,3.12,2023.0,2023-02-03 03:10:07.651912980+00:00,,2,3.12,4,128.0
11455,Sofia,Gomez,20.0,Desconocido,Premium,5,242.0,1,3.28,2023.0,2023-02-03 09:44:25.566391600+00:00,,1,3.28,5,242.0
11456,Carlos,Gomez,42.0,MTY,Basico,6,345.0,5,47.23,2023.0,2023-02-03 16:18:43.480870220+00:00,,5,47.23,6,345.0
11457,Ana,Lopez,36.0,MTY,Premium,7,266.0,7,23.92,2023.0,2023-02-03 22:53:01.395348840+00:00,,7,23.92,7,266.0
11458,Sofia,Lopez,50.0,Desconocido,Premium,10,1992.0,3,72.05,2023.0,2023-02-04 05:27:19.309827460+00:00,,3,72.05,10,724.02
11459,Sofia,Garcia,19.0,Bogotá,Basico,7,421.0,5,33.95,2023.0,2023-02-04 12:01:37.224306080+00:00,,5,33.95,7,421.0
11460,Mariana,Gomez,32.0,CDMX,Basico,6,327.0,6,13.29,2023.0,2023-02-04 18:35:55.138784700+00:00,,6,13.29,6,327.0
11461,Luis,Ramirez,39.0,MTY,Premium,3,174.0,5,16.69,2023.0,2023-02-05 01:10:13.053263316+00:00,,5,16.69,3,174.0
11462,Mariana,Garcia,77.0,Medellín,Premium,3,125.0,7,43.16,2023.0,2023-02-05 07:44:30.967741936+00:00,,7,43.16,3,125.0
11463,Mariana,Gomez,27.0,CDMX,Premium,5,307.0,6,28.22,2023.0,2023-02-05 14:18:48.882220556+00:00,,6,28.22,5,307.0
11464,Mateo,Gomez,35.0,Bogotá,Premium,3,142.0,4,20.92,2023.0,2023-02-05 20:53:06.796699176+00:00,,4,20.92,3,142.0
11465,Ana,Lopez,39.0,Medellín,Basico,9,501.0,3,5.17,2023.0,2023-02-06 03:27:24.711177796+00:00,2024-11-21 23:00:00+00:00,3,5.17,9,501.0
11466,Luis,Garcia,63.0,MTY,Basico,6,179.0,3,16.76,2023.0,2023-02-06 10:01:42.625656416+00:00,,3,16.76,6,179.0
11467,Carlos,Gomez,66.0,Medellín,Basico,6,292.0,4,16.7,2023.0,2023-02-06 16:36:00.540135036+00:00,,4,16.7,6,292.0
11468,Carlos,Gomez,44.0,Desconocido,Basico,5,274.0,7,36.13,2023.0,2023-02-06 23:10:18.454613656+00:00,,7,36.13,5,274.0
11469,Sofia,Garcia,30.0,Bogotá,Premium,7,291.0,5,35.93,2023.0,2023-02-07 05:44:36.369092276+00:00,,5,35.93,7,291.0
11470,Sofia,Ramirez,50.0,MTY,Premium,4,234.0,7,72.93,2023.0,2023-02-07 12:18:54.283570896+00:00,,7,72.93,4,234.0
11471,Carlos,Garcia,22.0,GDL,Premium,6,269.0,6,23.7,2023.0,2023-02-07 18:53:12.198049516+00:00,,6,23.7,6,269.0
11472,Sofia,Garcia,43.0,Medellín,Basico,6,336.0,6,32.06,2023.0,2023-02-08 01:27:30.112528136+00:00,,6,32.06,6,336.0
11473,Ana,Ramirez,30.0,Desconocido,Basico,8,452.0,9,28.68,2023.0,2023-02-08 08:01:48.027006752+00:00,,9,28.68,8,452.0
11474,Mariana,Garcia,44.0,MTY,Basico,6,356.0,2,9.469999999999999,2023.0,2023-02-08 14:36:05.941485372+00:00,,2,9.469999999999999,6,356.0
11475,Sofia,Gomez,74.0,MTY,Basico,4,238.0,7,48.96,2023.0,2023-02-08 21:10:23.855963992+00:00,,7,48.96,4,238.0
11476,Mateo,Garcia,31.0,Bogotá,Premium,3,178.0,6,26.89,2023.0,2023-02-09 03:44:41.770442612+00:00,,6,26.89,3,178.0
11477,Sofia,Ramirez,41.0,Bogotá,Basico,5,203.0,6,28.58,2023.0,2023-02-09 10:18:59.684921232+00:00,,6,28.58,5,203.0
11478,Luis,Torres,20.0,GDL,Premium,4,163.0,3,3.6900000000000004,2023.0,2023-02-09 16:53:17.599399852+00:00,,3,3.6900000000000004,4,163.0
11479,Ana,Garcia,64.0,Cali,Premium,2,75.0,5,12.84,2023.0,2023-02-09 23:27:35.513878472+00:00,,5,12.84,2,75.0
11480,Luis,Lopez,68.0,GDL,Basico,5,247.0,6,25.59,2023.0,2023-02-10 06:01:53.428357092+00:00,,6,25.59,5,247.0
11481,Luis,Gomez,48.0,Medellín,Basico,5,242.0,4,6.17,2023.0,2023-02-10 12:36:11.342835712+00:00,,4,6.17,5,242.0
11482,Mateo,Gomez,66.0,Bogotá,Premium,4,249.0,5,40.92,2023.0,2023-02-10 19:10:29.257314332+00:00,,5,40.92,4,249.0
11483,Ana,Lopez,47.0,Bogotá,Basico,4,190.0,5,22.560000000000002,2023.0,2023-02-11 01:44:47.171792952+00:00,,5,22.560000000000002,4,190.0
11484,Ana,Lopez,52.0,CDMX,Premium,5,253.0,9,41.31,2023.0,2023-02-11 08:19:05.086271568+00:00,,9,41.31,5,253.0
11485,Ana,Garcia,65.0,Medellín,Basico,6,346.0,6,14.71,2023.0,2023-02-11 14:53:23.000750188+00:00,,6,14.71,6,346.0
11486,Ana,Lopez,48.0,GDL,Basico,9,518.0,3,24.73,2023.0,2023-02-11 21:27:40.915228808+00:00,2024-08-30 23:20:00+00:00,3,24.73,9,518.0
11487,Ana,Torres,31.0,CDMX,Basico,3,165.0,5,27.57,2023.0,2023-02-12 04:01:58.829707428+00:00,,5,27.57,3,165.0
11488,Mateo,Ramirez,29.0,Bogotá,Basico,4,120.0,2,7.87,2023.0,2023-02-12 10:36:16.744186048+00:00,,2,7.87,4,120.0
11489,Sofia,Lopez,45.0,Medellín,Premium,8,429.0,4,20.86,2023.0,2023-02-12 17:10:34.658664668+00:00,,4,20.86,8,429.0
11490,Luis,Lopez,61.0,CDMX,Basico,5,269.0,3,18.22,2023.0,2023-02-12 23:44:52.573143288+00:00,,3,18.22,5,269.0
11491,Ana,Torres,46.0,CDMX,Premium,6,335.0,8,66.03999999999999,2023.0,2023-02-13 06:19:10.487621908+00:00,2024-08-10 22:46:40+00:00,8,66.03999999999999,6,335.0
11492,Sofia,Gomez,60.0,Cali,Premium,7,330.0,3,31.6,2023.0,2023-02-13 12:53:28.402100528+00:00,2024-08-13 00:46:40+00:00,3,31.6,7,330.0
11493,Sofia,Gomez,34.0,Cali,Premium,9,486.0,4,9.58,2023.0,2023-02-13 19:27:46.316579148+00:00,,4,9.58,9,486.0
11494,Luis,Garcia,57.0,GDL,Basico,2,98.0,4,13.35,2023.0,2023-02-14 02:02:04.231057768+00:00,2024-07-31 23:53:20+00:00,4,13.35,2,98.0
11495,Mateo,Torres,66.0,Medellín,Basico,6,285.0,5,24.85,2023.0,2023-02-14 08:36:22.145536388+00:00,,5,24.85,6,285.0
11496,Carlos,Ramirez,38.0,Bogotá,Basico,5,244.0,2,12.49,2023.0,2023-02-14 15:10:40.060015004+00:00,,2,12.49,5,244.0
11497,Carlos,Ramirez,74.0,Medellín,Basico,5,218.0,4,29.25,2023.0,2023-02-14 21:44:57.974493624+00:00,,4,29.25,5,218.0
11498,Sofia,Torres,40.0,Desconocido,Premium,1,67.0,2,13.879999999999999,2023.0,2023-02-15 04:19:15.888972244+00:00,,2,13.879999999999999,1,67.0
11499,Mariana,Ramirez,37.0,CDMX,Basico,5,286.0,1,1.09,2023.0,2023-02-15 10:53:33.803450864+00:00,2024-07-30 22:53:20+00:00,1,1.09,5,286.0
11500,Mariana,Gomez,28.0,Cali,Premium,7,354.0,4,15.469999999999999,2023.0,2023-02-15 17:27:51.717929484+00:00,,4,15.469999999999999,7,354.0
11501,Luis,Ramirez,74.0,Bogotá,Basico,5,247.0,5,9.64,2023.0,2023-02-16 00:02:09.632408104+00:00,,5,9.64,5,247.0
11502,Carlos,Ramirez,74.0,Bogotá,Premium,8,348.0,6,24.01,2023.0,2023-02-16 06:36:27.546886724+00:00,,6,24.01,8,348.0
11503,Sofia,Torres,51.0,Medellín,Basico,4,186.0,7,44.68,2023.0,2023-02-16 13:10:45.461365344+00:00,2024-09-07 00:46:40+00:00,7,44.68,4,186.0
11504,Mateo,Torres,27.0,Desconocido,Premium,4,134.0,6,50.42,2023.0,2023-02-16 19:45:03.375843964+00:00,2024-12-11 01:20:00+00:00,6,50.42,4,134.0
11505,Carlos,Ramirez,27.0,CDMX,Premium,9,436.0,9,42.62,2023.0,2023-02-17 02:19:21.290322584+00:00,,9,42.62,9,436.0
11506,Sofia,Lopez,60.0,CDMX,Basico,6,284.0,4,20.44,2023.0,2023-02-17 08:53:39.204801204+00:00,,4,20.44,6,284.0
11507,Sofia,Torres,77.0,CDMX,Basico,7,404.0,6,43.410000000000004,2023.0,2023-02-17 15:27:57.119279820+00:00,,6,43.410000000000004,7,404.0
11508,Ana,Garcia,23.0,Desconocido,Premium,2,111.0,5,43.650000000000006,2023.0,2023-02-17 22:02:15.033758440+00:00,2024-11-13 23:20:00+00:00,5,43.650000000000006,2,111.0
11509,Mateo,Garcia,53.0,Medellín,Basico,5,244.0,3,4.39,2023.0,2023-02-18 04:36:32.948237060+00:00,,3,4.39,5,244.0
11510,Ana,Gomez,41.0,Medellín,Basico,6,308.0,5,17.37,2023.0,2023-02-18 11:10:50.862715680+00:00,,5,17.37,6,308.0
11511,Luis,Ramirez,29.0,CDMX,Basico,7,330.0,4,35.71,2023.0,2023-02-18 17:45:08.777194300+00:00,,4,35.71,7,330.0
11512,Ana,Lopez,60.0,Desconocido,Premium,5,204.0,5,32.13,2023.0,2023-02-19 00:19:26.691672920+00:00,,5,32.13,5,204.0
11513,Ana,Gomez,72.0,Cali,Premium,4,186.0,4,20.79,2023.0,2023-02-19 06:53:44.606151540+00:00,,4,20.79,4,186.0
11514,Carlos,Ramirez,40.0,Medellín,Premium,6,305.0,3,11.9,2023.0,2023-02-19 13:28:02.520630160+00:00,,3,11.9,6,305.0
11515,Mariana,Torres,44.0,MTY,Premium,5,294.0,7,12.15,2023.0,2023-02-19 20:02:20.435108780+00:00,,7,12.15,5,294.0
11516,Sofia,Garcia,75.0,CDMX,Premium,7,363.0,3,7.38,2023.0,2023-02-20 02:36:38.349587400+00:00,,3,7.38,7,363.0
11517,Mateo,Lopez,74.0,Bogotá,Basico,6,247.0,2,18.53,2023.0,2023-02-20 09:10:56.264066020+00:00,,2,18.53,6,247.0
11518,Ana,Garcia,62.0,Medellín,Basico,6,213.0,5,24.11,2023.0,2023-02-20 15:45:14.178544640+00:00,2024-06-24 23:00:00+00:00,5,24.11,6,213.0
11519,Mateo,Torres,54.0,CDMX,Basico,7,360.0,9,29.07,2023.0,2023-02-20 22:19:32.093023256+00:00,,9,29.07,7,360.0
11520,Mariana,Ramirez,23.0,Medellín,Premium,8,410.0,3,15.879999999999999,2023.0,2023-02-21 04:53:50.007501876+00:00,,3,15.879999999999999,8,410.0
11521,Mariana,Torres,18.0,GDL,Premium,6,317.0,6,28.98,2023.0,2023-02-21 11:28:07.921980496+00:00,,6,28.98,6,317.0
11522,Ana,Torres,23.0,Cali,Basico,8,461.0,4,34.019999999999996,2023.0,2023-02-21 18:02:25.836459116+00:00,,4,34.019999999999996,8,461.0
11523,Luis,Garcia,67.0,Bogotá,Premium,10,524.0,10,63.05,2023.0,2023-02-22 00:36:43.750937736+00:00,,10,63.05,10,524.0
11524,Ana,Lopez,39.0,CDMX,Basico,9,406.0,4,19.82,2023.0,2023-02-22 07:11:01.665416360+00:00,2024-10-22 01:20:00+00:00,4,19.82,9,406.0
11525,Carlos,Torres,58.0,Bogotá,Premium,4,269.0,6,22.009999999999998,2023.0,2023-02-22 13:45:19.579894976+00:00,,6,22.009999999999998,4,269.0
11526,Sofia,Garcia,41.0,MTY,Basico,6,249.0,4,21.720000000000002,2023.0,2023-02-22 20:19:37.494373592+00:00,,4,21.720000000000002,6,249.0
11527,Luis,Lopez,42.0,GDL,Basico,4,191.0,2,5.45,2023.0,2023-02-23 02:53:55.408852216+00:00,,2,5.45,4,191.0
11528,Ana,Ramirez,78.0,Cali,Basico,2,147.0,2,4.16,2023.0,2023-02-23 09:28:13.323330832+00:00,,2,4.16,2,147.0
11529,Mateo,Ramirez,32.0,CDMX,Premium,3,144.0,4,10.63,2023.0,2023-02-23 16:02:31.237809456+00:00,,4,10.63,3,144.0
11530,Luis,Gomez,43.0,MTY,Basico,7,340.0,3,10.09,2023.0,2023-02-23 22:36:49.152288072+00:00,,3,10.09,7,340.0
11531,Luis,Garcia,25.0,CDMX,Basico,4,159.0,4,31.88,2023.0,2023-02-24 05:11:07.066766696+00:00,,4,31.88,4,159.0
11532,Ana,Lopez,68.0,CDMX,Premium,4,286.0,4,20.8,2023.0,2023-02-24 11:45:24.981245312+00:00,2024-10-19 01:06:40+00:00,4,20.8,4,286.0
11533,Luis,Torres,41.0,GDL,Premium,4,172.0,4,15.85,2023.0,2023-02-24 18:19:42.895723936+00:00,,4,15.85,4,172.0
11534,Mateo,Ramirez,65.0,CDMX,Premium,2,105.0,9,49.07,2023.0,2023-02-25 00:54:00.810202552+00:00,,9,49.07,2,105.0
11535,Mariana,Lopez,55.0,Bogotá,Basico,3,148.0,1,3.97,2023.0,2023-02-25 07:28:18.724681176+00:00,,1,3.97,3,148.0
11536,Luis,Garcia,78.0,CDMX,Premium,9,434.0,6,37.82,2023.0,2023-02-25 14:02:36.639159792+00:00,,6,37.82,9,434.0
11537,Mariana,Gomez,23.0,Medellín,Basico,5,261.0,5,15.49,2023.0,2023-02-25 20:36:54.553638408+00:00,,5,15.49,5,261.0
11538,Mateo,Ramirez,71.0,CDMX,Premium,4,176.0,8,35.68,2023.0,2023-02-26 03:11:12.468117032+00:00,,8,35.68,4,176.0
11539,Ana,Lopez,52.0,CDMX,Premium,7,383.0,3,9.280000000000001,2023.0,2023-02-26 09:45:30.382595648+00:00,,3,9.280000000000001,7,383.0
11540,Sofia,Lopez,59.0,MTY,Basico,7,308.0,1,0.7,2023.0,2023-02-26 16:19:48.297074272+00:00,,1,0.7,7,308.0
11541,Luis,Lopez,18.0,Desconocido,Basico,3,149.0,5,18.91,2023.0,2023-02-26 22:54:06.211552888+00:00,,5,18.91,3,149.0
11542,Sofia,Garcia,77.0,Medellín,Premium,6,413.0,2,6.76,2023.0,2023-02-27 05:28:24.126031512+00:00,,2,6.76,6,413.0
11543,Mateo,Garcia,63.0,Cali,Basico,7,326.0,4,11.73,2023.0,2023-02-27 12:02:42.040510128+00:00,,4,11.73,7,326.0
11544,Luis,Garcia,53.0,CDMX,Premium,7,427.0,6,28.86,2023.0,2023-02-27 18:36:59.954988752+00:00,,6,28.86,7,427.0
11545,Mariana,Torres,75.0,Cali,Basico,6,265.0,5,21.84,2023.0,2023-02-28 01:11:17.869467368+00:00,,5,21.84,6,265.0
11546,Carlos,Lopez,29.0,CDMX,Basico,5,317.0,1,2.4,2023.0,2023-02-28 07:45:35.783945992+00:00,,1,2.4,5,317.0
11547,Sofia,Ramirez,55.0,GDL,Basico,6,416.0,5,31.91,2023.0,2023-02-28 14:19:53.698424608+00:00,,5,31.91,6,416.0
11548,Luis,Garcia,28.0,Medellín,Premium,7,426.0,5,7.56,2023.0,2023-02-28 20:54:11.612903224+00:00,2024-06-07 22:40:00+00:00,5,7.56,7,426.0
11549,Sofia,Garcia,29.0,MTY,Basico,4,236.0,5,28.41,2023.0,2023-03-01 03:28:29.527381848+00:00,,5,28.41,4,236.0
11550,Luis,Lopez,59.0,Desconocido,Premium,1,32.0,6,41.95,2023.0,2023-03-01 10:02:47.441860464+00:00,,6,41.95,1,34.0
11551,Ana,Garcia,67.0,CDMX,Basico,9,391.0,6,30.5,2023.0,2023-03-01 16:37:05.356339088+00:00,,6,30.5,9,391.0
11552,Mariana,Torres,56.0,Desconocido,Premium,5,240.0,3,23.38,2023.0,2023-03-01 23:11:23.270817704+00:00,,3,23.38,5,240.0
11553,Sofia,Torres,24.0,Medellín,Basico,4,161.0,3,23.8,2023.0,2023-03-02 05:45:41.185296328+00:00,,3,23.8,4,161.0
11554,Carlos,Garcia,28.0,Bogotá,Basico,4,219.0,2,5.76,2023.0,2023-03-02 12:19:59.099774944+00:00,,2,5.76,4,219.0
11555,Carlos,Lopez,53.0,CDMX,Premium,10,463.0,7,41.160000000000004,2023.0,2023-03-02 18:54:17.014253568+00:00,2024-09-27 23:33:20+00:00,7,41.160000000000004,10,463.0
11556,Mateo,Lopez,69.0,GDL,Basico,6,361.0,3,14.0,2023.0,2023-03-03 01:28:34.928732184+00:00,,3,14.0,6,361.0
11557,Luis,Lopez,48.0,Desconocido,Basico,7,303.0,2,12.66,2023.0,2023-03-03 08:02:52.843210808+00:00,,2,12.66,7,303.0
11558,Sofia,Gomez,50.0,MTY,Premium,8,419.0,3,18.11,2023.0,2023-03-03 14:37:10.757689424+00:00,,3,18.11,8,419.0
11559,Mateo,Garcia,30.0,Medellín,Basico,1,13.0,3,21.98,2023.0,2023-03-03 21:11:28.672168048+00:00,,3,21.98,1,34.0
11560,Sofia,Lopez,35.0,Desconocido,Basico,6,248.0,4,24.23,2023.0,2023-03-04 03:45:46.586646664+00:00,,4,24.23,6,248.0
11561,Luis,Torres,58.0,GDL,Basico,9,392.0,4,34.0,2023.0,2023-03-04 10:20:04.501125280+00:00,,4,34.0,9,392.0
11562,Carlos,Ramirez,75.0,Bogotá,Basico,9,427.0,4,25.18,2023.0,2023-03-04 16:54:22.415603904+00:00,,4,25.18,9,427.0
11563,Ana,Ramirez,73.0,Medellín,Basico,8,444.0,4,28.92,2023.0,2023-03-04 23:28:40.330082520+00:00,,4,28.92,8,444.0
11564,Carlos,Lopez,41.0,CDMX,Basico,8,398.0,11,30.169999999999998,2023.0,2023-03-05 06:02:58.244561144+00:00,,10,30.169999999999998,8,398.0
11565,Mateo,Ramirez,26.0,CDMX,Premium,5,274.0,3,18.259999999999998,2023.0,2023-03-05 12:37:16.159039760+00:00,,3,18.259999999999998,5,274.0
11566,Mariana,Ramirez,48.0,Bogotá,Basico,8,295.0,2,5.65,2023.0,2023-03-05 19:11:34.073518384+00:00,,2,5.65,8,295.0
11567,Ana,Gomez,72.0,MTY,Premium,7,394.0,4,14.67,2023.0,2023-03-06 01:45:51.987997+00:00,,4,14.67,7,394.0
11568,Mateo,Torres,78.0,Medellín,Basico,5,218.0,5,13.21,2023.0,2023-03-06 08:20:09.902475624+00:00,,5,13.21,5,218.0
11569,Luis,Torres,58.0,CDMX,Basico,3,175.0,1,3.47,2023.0,2023-03-06 14:54:27.816954240+00:00,,1,3.47,3,175.0
11570,Ana,Gomez,27.0,Desconocido,Basico,3,115.0,3,5.42,2023.0,2023-03-06 21:28:45.731432864+00:00,,3,5.42,3,115.0
11571,Mateo,Gomez,77.0,CDMX,Premium,3,151.0,2,22.82,2023.0,2023-03-07 04:03:03.645911480+00:00,,2,22.82,3,151.0
11572,Luis,Ramirez,19.0,Medellín,Basico,3,122.0,2,23.43,2023.0,2023-03-07 10:37:21.560390096+00:00,,2,23.43,3,122.0
11573,Carlos,Garcia,55.0,Bogotá,Premium,3,174.0,4,6.63,2023.0,2023-03-07 17:11:39.474868720+00:00,,4,6.63,3,174.0
11574,Mariana,Ramirez,32.0,CDMX,Basico,4,174.0,3,12.88,2023.0,2023-03-07 23:45:57.389347336+00:00,,3,12.88,4,174.0
11575,Luis,Gomez,20.0,CDMX,Premium,10,522.0,3,7.26,2023.0,2023-03-08 06:20:15.303825960+00:00,,3,7.26,10,522.0
11576,Sofia,Torres,60.0,Cali,Basico,7,420.0,4,13.66,2023.0,2023-03-08 12:54:33.218304576+00:00,2024-09-12 00:13:20+00:00,4,13.66,7,420.0
11577,Luis,Ramirez,48.0,Desconocido,Basico,9,432.0,6,24.51,2023.0,2023-03-08 19:28:51.132783200+00:00,2024-08-30 01:06:40+00:00,6,24.51,9,432.0
11578,Luis,Garcia,23.0,GDL,Basico,4,235.0,0,0.0,2023.0,2023-03-09 02:03:09.047261816+00:00,,0,0.0,4,235.0
11579,Mariana,Ramirez,20.0,Bogotá,Basico,6,317.0,0,0.0,2023.0,2023-03-09 08:37:26.961740440+00:00,,0,0.0,6,317.0
11580,Sofia,Lopez,73.0,MTY,Basico,6,304.0,5,17.34,2023.0,2023-03-09 15:11:44.876219056+00:00,,5,17.34,6,304.0
11581,Mateo,Ramirez,48.0,CDMX,Basico,5,251.0,4,13.709999999999999,2023.0,2023-03-09 21:46:02.790697680+00:00,,4,13.709999999999999,5,251.0
11582,Mateo,Gomez,28.0,Medellín,Premium,3,196.0,2,13.02,2023.0,2023-03-10 04:20:20.705176296+00:00,,2,13.02,3,196.0
11583,Luis,Torres,32.0,Cali,Basico,5,281.0,4,10.18,2023.0,2023-03-10 10:54:38.619654912+00:00,,4,10.18,5,281.0
11584,Sofia,Torres,62.0,MTY,Basico,5,231.0,6,52.92,2023.0,2023-03-10 17:28:56.534133536+00:00,,6,52.92,5,231.0
11585,Sofia,Gomez,69.0,Desconocido,Basico,4,215.0,3,20.709999999999997,2023.0,2023-03-11 00:03:14.448612152+00:00,,3,20.709999999999997,4,215.0
11586,Mariana,Lopez,45.0,CDMX,Basico,5,255.0,5,32.69,2023.0,2023-03-11 06:37:32.363090776+00:00,,5,32.69,5,255.0
11587,Carlos,Gomez,27.0,Medellín,Basico,7,351.0,1,6.67,2023.0,2023-03-11 13:11:50.277569392+00:00,,1,6.67,7,351.0
11588,Mateo,Ramirez,55.0,Bogotá,Basico,4,195.0,3,4.59,2023.0,2023-03-11 19:46:08.192048016+00:00,,3,4.59,4,195.0
11589,Mariana,Gomez,64.0,Bogotá,Premium,3,177.0,4,136.55,2023.0,2023-03-12 02:20:26.106526632+00:00,,4,82.19759999999998,3,177.0
11590,Ana,Gomez,74.0,Bogotá,Basico,7,252.0,4,18.049999999999997,2023.0,2023-03-12 08:54:44.021005256+00:00,,4,18.049999999999997,7,252.0
11591,Mateo,Lopez,67.0,GDL,Basico,9,497.0,5,18.12,2023.0,2023-03-12 15:29:01.935483872+00:00,,5,18.12,9,497.0
11592,Mariana,Ramirez,67.0,Medellín,Basico,8,347.0,5,38.8,2023.0,2023-03-12 22:03:19.849962496+00:00,,5,38.8,8,347.0
11593,Mateo,Garcia,24.0,Medellín,Basico,4,223.0,3,14.299999999999999,2023.0,2023-03-13 04:37:37.764441112+00:00,,3,14.299999999999999,4,223.0
11594,Carlos,Garcia,32.0,GDL,Basico,4,181.0,3,2.25,2023.0,2023-03-13 11:11:55.678919736+00:00,,3,2.25,4,181.0
11595,Ana,Torres,35.0,Cali,Basico,10,532.0,0,0.0,2023.0,2023-03-13 17:46:13.593398352+00:00,,0,0.0,10,532.0
11596,Carlos,Gomez,35.0,MTY,Basico,6,252.0,2,19.259999999999998,2023.0,2023-03-14 00:20:31.507876968+00:00,,2,19.259999999999998,6,252.0
11597,Ana,Torres,69.0,Medellín,Basico,9,520.0,3,17.78,2023.0,2023-03-14 06:54:49.422355592+00:00,2024-08-02 00:53:20+00:00,3,17.78,9,520.0
11598,Luis,Lopez,58.0,CDMX,Premium,8,438.0,2,3.61,2023.0,2023-03-14 13:29:07.336834208+00:00,,2,3.61,8,438.0
11599,Mariana,Garcia,41.0,CDMX,Basico,1,63.0,3,29.2,2023.0,2023-03-14 20:03:25.251312832+00:00,,3,29.2,1,63.0
11600,Ana,Gomez,19.0,MTY,Basico,5,233.0,8,31.33,2023.0,2023-03-15 02:37:43.165791448+00:00,,8,31.33,5,233.0
11601,Carlos,Lopez,57.0,Bogotá,Basico,6,240.0,5,27.450000000000003,2023.0,2023-03-15 09:12:01.080270072+00:00,,5,27.450000000000003,6,240.0
11602,Mateo,Lopez,37.0,Medellín,Basico,5,247.0,2,18.580000000000002,2023.0,2023-03-15 15:46:18.994748688+00:00,,2,18.580000000000002,5,247.0
11603,Ana,Gomez,51.0,MTY,Premium,9,438.0,4,21.89,2023.0,2023-03-15 22:20:36.909227312+00:00,,4,21.89,9,438.0
11604,Mariana,Lopez,60.0,CDMX,Basico,5,263.0,5,35.29,2023.0,2023-03-16 04:54:54.823705928+00:00,,5,35.29,5,263.0
11605,Ana,Gomez,43.0,MTY,Basico,4,210.0,3,3.2800000000000002,2023.0,2023-03-16 11:29:12.738184552+00:00,,3,3.2800000000000002,4,210.0
11606,Sofia,Gomez,24.0,Medellín,Premium,3,84.0,3,10.719999999999999,2023.0,2023-03-16 18:03:30.652663168+00:00,,3,10.719999999999999,3,84.0
11607,Mateo,Ramirez,55.0,Medellín,Basico,4,207.0,5,26.189999999999998,2023.0,2023-03-17 00:37:48.567141784+00:00,,5,26.189999999999998,4,207.0
11608,Mariana,Torres,47.0,CDMX,Premium,7,349.0,1,7.29,2023.0,2023-03-17 07:12:06.481620408+00:00,,1,7.29,7,349.0
11609,Mariana,Lopez,59.0,CDMX,Premium,2,96.0,5,18.26,2023.0,2023-03-17 13:46:24.396099024+00:00,,5,18.26,2,96.0
11610,Luis,Lopez,22.0,Cali,Basico,5,275.0,3,12.850000000000001,2023.0,2023-03-17 20:20:42.310577648+00:00,,3,12.850000000000001,5,275.0
11611,Carlos,Ramirez,28.0,CDMX,Basico,3,163.0,3,16.53,2023.0,2023-03-18 02:55:00.225056264+00:00,,3,16.53,3,163.0
11612,Luis,Ramirez,18.0,CDMX,Basico,3,150.0,3,8.44,2023.0,2023-03-18 09:29:18.139534888+00:00,,3,8.44,3,150.0
11613,Mariana,Ramirez,51.0,CDMX,Basico,3,181.0,3,4.94,2023.0,2023-03-18 16:03:36.054013504+00:00,,3,4.94,3,181.0
11614,Mateo,Garcia,73.0,Bogotá,Basico,5,258.0,11,41.8,2023.0,2023-03-18 22:37:53.968492128+00:00,,10,41.8,5,258.0
11615,Ana,Garcia,18.0,Bogotá,Basico,4,239.0,3,11.82,2023.0,2023-03-19 05:12:11.882970744+00:00,2024-11-30 23:40:00+00:00,3,11.82,4,239.0
11616,Ana,Garcia,36.0,Medellín,Premium,6,325.0,4,17.869999999999997,2023.0,2023-03-19 11:46:29.797449368+00:00,,4,17.869999999999997,6,325.0
11617,Mateo,Gomez,19.0,GDL,Basico,6,231.0,5,10.16,2023.0,2023-03-19 18:20:47.711927984+00:00,2024-07-27 00:26:40+00:00,5,10.16,6,231.0
11618,Mariana,Lopez,38.0,Medellín,Premium,4,144.0,8,36.76,2023.0,2023-03-20 00:55:05.626406600+00:00,,8,36.76,4,144.0
11619,Ana,Torres,37.0,CDMX,Premium,7,302.0,4,10.15,2023.0,2023-03-20 07:29:23.540885224+00:00,2024-11-02 23:26:40+00:00,4,10.15,7,302.0
11620,Ana,Gomez,78.0,Cali,Premium,10,461.0,3,17.91,2023.0,2023-03-20 14:03:41.455363840+00:00,2024-09-21 23:06:40+00:00,3,17.91,10,461.0
11621,Ana,Lopez,40.0,Bogotá,Basico,8,253.0,2,2.87,2023.0,2023-03-20 20:37:59.369842464+00:00,,2,2.87,8,253.0
11622,Carlos,Lopez,38.0,Bogotá,Basico,7,427.0,8,34.71,2023.0,2023-03-21 03:12:17.284321080+00:00,,8,34.71,7,427.0
11623,Carlos,Ramirez,41.0,GDL,Premium,4,172.0,5,15.3,2023.0,2023-03-21 09:46:35.198799704+00:00,,5,15.3,4,172.0
11624,Sofia,Ramirez,21.0,CDMX,Premium,4,187.0,6,49.06,2023.0,2023-03-21 16:20:53.113278320+00:00,,6,49.06,4,187.0
11625,Luis,Gomez,48.0,Bogotá,Premium,5,241.0,6,32.62,2023.0,2023-03-21 22:55:11.027756944+00:00,,6,32.62,5,241.0
11626,Mateo,Ramirez,29.0,Medellín,Premium,9,492.0,7,30.509999999999998,2023.0,2023-03-22 05:29:28.942235560+00:00,,7,30.509999999999998,9,492.0
11627,Mateo,Lopez,39.0,CDMX,Basico,7,408.0,2,20.02,,,,2,20.02,7,408.0
11628,Mateo,Ramirez,37.0,Desconocido,Basico,4,186.0,4,10.84,2023.0,2023-03-22 18:38:04.771192800+00:00,,4,10.84,4,186.0
11629,Sofia,Garcia,35.0,Desconocido,Basico,8,384.0,5,23.630000000000003,2023.0,2023-03-23 01:12:22.685671424+00:00,,5,23.630000000000003,8,384.0
11630,Carlos,Ramirez,18.0,Bogotá,Basico,3,212.0,2,1.42,2023.0,2023-03-23 07:46:40.600150040+00:00,,2,1.42,3,212.0
11631,Mariana,Lopez,47.0,Desconocido,Basico,5,192.0,3,20.95,2023.0,2023-03-23 14:20:58.514628656+00:00,,3,20.95,5,192.0
11632,Mariana,Gomez,79.0,CDMX,Premium,6,311.0,8,36.61,2023.0,2023-03-23 20:55:16.429107280+00:00,,8,36.61,6,311.0
11633,Sofia,Torres,50.0,CDMX,Premium,4,169.0,3,19.78,2023.0,2023-03-24 03:29:34.343585896+00:00,,3,19.78,4,169.0
11634,Mariana,Ramirez,41.0,CDMX,Premium,9,384.0,4,30.99,2023.0,2023-03-24 10:03:52.258064520+00:00,,4,30.99,9,384.0
11635,Mateo,Lopez,31.0,Bogotá,Basico,4,118.0,5,39.91,2023.0,2023-03-24 16:38:10.172543136+00:00,2024-08-21 22:40:00+00:00,5,39.91,4,118.0
11636,Luis,Torres,53.0,CDMX,Basico,6,230.0,8,34.67,2023.0,2023-03-24 23:12:28.087021760+00:00,2024-10-14 23:53:20+00:00,8,34.67,6,230.0
11637,Ana,Torres,22.0,Desconocido,Premium,5,278.0,5,13.110000000000001,2023.0,2023-03-25 05:46:46.001500376+00:00,,5,13.110000000000001,5,278.0
11638,Carlos,Garcia,28.0,CDMX,Basico,9,492.0,10,60.49,2023.0,2023-03-25 12:21:03.915979+00:00,,10,60.49,9,492.0
11639,Carlos,Torres,41.0,MTY,Basico,3,234.0,5,23.590000000000003,2023.0,2023-03-25 18:55:21.830457616+00:00,,5,23.590000000000003,3,234.0
11640,Sofia,Lopez,77.0,Cali,Basico,10,526.0,3,12.85,2023.0,2023-03-26 01:29:39.744936240+00:00,,3,12.85,10,526.0
11641,Carlos,Lopez,48.0,GDL,Basico,7,334.0,5,17.99,2023.0,2023-03-26 08:03:57.659414856+00:00,,5,17.99,7,334.0
11642,Mateo,Ramirez,72.0,GDL,Basico,6,281.0,7,46.16,2023.0,2023-03-26 14:38:15.573893472+00:00,,7,46.16,6,281.0
11643,Mariana,Ramirez,30.0,Medellín,Premium,4,255.0,4,18.09,2023.0,2023-03-26 21:12:33.488372096+00:00,,4,18.09,4,255.0
11644,Mateo,Ramirez,33.0,GDL,Premium,5,313.0,5,12.79,2023.0,2023-03-27 03:46:51.402850712+00:00,2024-10-10 00:26:40+00:00,5,12.79,5,313.0
11645,Sofia,Torres,41.0,GDL,Premium,7,352.0,3,8.42,2023.0,2023-03-27 10:21:09.317329336+00:00,,3,8.42,7,352.0
11646,Mateo,Torres,30.0,GDL,Basico,7,415.0,2,32.93,2023.0,2023-03-27 16:55:27.231807952+00:00,,2,32.93,7,415.0
11647,Mariana,Garcia,41.0,Bogotá,Premium,8,382.0,3,39.45,2023.0,2023-03-27 23:29:45.146286576+00:00,,3,39.45,8,382.0
11648,Luis,Ramirez,71.0,Desconocido,Premium,5,266.0,4,19.32,2023.0,2023-03-28 06:04:03.060765192+00:00,2024-07-06 23:53:20+00:00,4,19.32,5,266.0
11649,Sofia,Gomez,43.0,Cali,Premium,6,362.0,5,24.04,2023.0,2023-03-28 12:38:20.975243816+00:00,,5,24.04,6,362.0
11650,Luis,Garcia,19.0,GDL,Premium,6,163.0,4,17.36,2023.0,2023-03-28 19:12:38.889722432+00:00,,4,17.36,6,163.0
11651,Ana,Gomez,33.0,MTY,Premium,5,286.0,3,12.23,2023.0,2023-03-29 01:46:56.804201056+00:00,,3,12.23,5,286.0
11652,Luis,Torres,55.0,Bogotá,Basico,4,140.0,3,4.11,2023.0,2023-03-29 08:21:14.718679672+00:00,,3,4.11,4,140.0
11653,Ana,Garcia,63.0,Desconocido,Premium,7,268.0,6,30.459999999999997,2023.0,2023-03-29 14:55:32.633158288+00:00,,6,30.459999999999997,7,268.0
11654,Ana,Garcia,18.0,CDMX,Basico,7,285.0,3,18.880000000000003,2023.0,2023-03-29 21:29:50.547636912+00:00,,3,18.880000000000003,7,285.0
11655,Luis,Lopez,66.0,MTY,Basico,4,160.0,6,8.93,2023.0,2023-03-30 04:04:08.462115528+00:00,,6,8.93,4,160.0
11656,Sofia,Torres,28.0,Medellín,Premium,2,123.0,3,8.42,2023.0,2023-03-30 10:38:26.376594152+00:00,,3,8.42,2,123.0
11657,Mariana,Torres,68.0,Desconocido,Basico,1,42.0,3,28.2,2023.0,2023-03-30 17:12:44.291072768+00:00,,3,28.2,1,42.0
11658,Mateo,Garcia,52.0,CDMX,Basico,7,280.0,2,4.45,2023.0,2023-03-30 23:47:02.205551392+00:00,,2,4.45,7,280.0
11659,Mateo,Torres,60.0,GDL,Premium,7,377.0,5,24.86,2023.0,2023-03-31 06:21:20.120030008+00:00,,5,24.86,7,377.0
11660,Mariana,Garcia,46.0,GDL,Premium,5,244.0,3,6.75,2023.0,2023-03-31 12:55:38.034508632+00:00,,3,6.75,5,244.0
11661,Ana,Lopez,54.0,CDMX,Basico,11,583.0,4,25.490000000000002,2023.0,2023-03-31 19:29:55.948987248+00:00,,4,25.490000000000002,11,583.0
11662,Ana,Garcia,34.0,Medellín,Premium,1,41.0,3,13.61,2023.0,2023-04-01 02:04:13.863465872+00:00,,3,13.61,1,41.0
11663,Sofia,Torres,75.0,Medellín,Basico,3,170.0,0,0.0,2023.0,2023-04-01 08:38:31.777944488+00:00,,0,0.0,3,170.0
11664,Carlos,Torres,71.0,Medellín,Basico,9,438.0,3,23.7,2023.0,2023-04-01 15:12:49.692423104+00:00,,3,23.7,9,438.0
11665,Luis,Garcia,56.0,CDMX,Basico,7,339.0,4,30.880000000000003,2023.0,2023-04-01 21:47:07.606901728+00:00,,4,30.880000000000003,7,339.0
11666,Ana,Garcia,59.0,CDMX,Basico,6,311.0,4,23.84,2023.0,2023-04-02 04:21:25.521380344+00:00,,4,23.84,6,311.0
11667,Mateo,Garcia,45.0,GDL,Basico,8,446.0,4,26.89,2023.0,2023-04-02 10:55:43.435858968+00:00,,4,26.89,8,446.0
11668,Sofia,Ramirez,46.0,GDL,Basico,8,398.0,10,46.15,2023.0,2023-04-02 17:30:01.350337584+00:00,,10,46.15,8,398.0
11669,Luis,Torres,60.0,Cali,Premium,5,286.0,5,20.44,2023.0,2023-04-03 00:04:19.264816208+00:00,,5,20.44,5,286.0
11670,Sofia,Torres,20.0,CDMX,Premium,6,263.0,4,9.95,2023.0,2023-04-03 06:38:37.179294824+00:00,2024-07-16 00:33:20+00:00,4,9.95,6,263.0
11671,Luis,Ramirez,69.0,CDMX,Premium,8,400.0,3,11.74,2023.0,2023-04-03 13:12:55.093773448+00:00,,3,11.74,8,400.0
11672,Luis,Garcia,27.0,MTY,Premium,3,148.0,4,11.399999999999999,2023.0,2023-04-03 19:47:13.008252064+00:00,,4,11.399999999999999,3,148.0
11673,Mariana,Lopez,76.0,Bogotá,Basico,4,230.0,3,22.0,2023.0,2023-04-04 02:21:30.922730688+00:00,2024-10-05 23:13:20+00:00,3,22.0,4,230.0
11674,Ana,Garcia,59.0,Bogotá,Premium,4,167.0,7,35.29,2023.0,2023-04-04 08:55:48.837209304+00:00,,7,35.29,4,167.0
11675,Sofia,Garcia,31.0,Cali,Premium,7,368.0,3,17.16,2023.0,2023-04-04 15:30:06.751687928+00:00,,3,17.16,7,368.0
11676,Sofia,Ramirez,29.0,CDMX,Basico,4,241.0,4,12.97,2023.0,2023-04-04 22:04:24.666166544+00:00,,4,12.97,4,241.0
11677,Mariana,Torres,64.0,Medellín,Basico,10,487.0,4,7.04,2023.0,2023-04-05 04:38:42.580645160+00:00,,4,7.04,10,487.0
11678,Mateo,Garcia,59.0,MTY,Premium,8,497.0,10,44.24,2023.0,2023-04-05 11:13:00.495123784+00:00,,10,44.24,8,497.0
11679,Mateo,Torres,47.0,MTY,Premium,9,505.0,6,14.24,,,,6,14.24,9,505.0
11680,Ana,Gomez,49.0,Desconocido,Premium,2,107.0,3,48.49,2023.0,2023-04-06 00:21:36.324081024+00:00,,3,48.49,2,107.0
11681,Ana,Torres,49.0,GDL,Basico,4,195.0,4,30.54,2023.0,2023-04-06 06:55:54.238559640+00:00,2024-10-19 23:20:00+00:00,4,30.54,4,195.0
11682,Carlos,Lopez,59.0,Medellín,Basico,5,237.0,4,11.95,2023.0,2023-04-06 13:30:12.153038264+00:00,,4,11.95,5,237.0
11683,Mariana,Lopez,49.0,GDL,Basico,4,172.0,5,43.37,2023.0,2023-04-06 20:04:30.067516880+00:00,2024-07-14 01:20:00+00:00,5,43.37,4,172.0
11684,Mateo,Garcia,43.0,Bogotá,Basico,9,469.0,3,9.86,2023.0,2023-04-07 02:38:47.981995504+00:00,,3,9.86,9,469.0
11685,Luis,Torres,68.0,Cali,Basico,10,435.0,3,11.93,2023.0,2023-04-07 09:13:05.896474120+00:00,,3,11.93,10,435.0
11686,Sofia,Garcia,18.0,Desconocido,Basico,4,209.0,5,23.67,2023.0,2023-04-07 15:47:23.810952744+00:00,,5,23.67,4,209.0
11687,Ana,Ramirez,73.0,Cali,Basico,3,199.0,7,30.88,2023.0,2023-04-07 22:21:41.725431360+00:00,,7,30.88,3,199.0
11688,Sofia,Lopez,78.0,Bogotá,Premium,8,463.0,7,48.27,2023.0,2023-04-08 04:55:59.639909976+00:00,,7,48.27,8,463.0
11689,Sofia,Garcia,75.0,GDL,Basico,4,248.0,5,17.43,2023.0,2023-04-08 11:30:17.554388600+00:00,,5,17.43,4,248.0
11690,Carlos,Ramirez,59.0,Medellín,Basico,7,309.0,8,19.02,2023.0,2023-04-08 18:04:35.468867216+00:00,,8,19.02,7,309.0
11691,Mateo,Garcia,19.0,Medellín,Premium,9,579.0,8,33.44,2023.0,2023-04-09 00:38:53.383345840+00:00,,8,33.44,9,579.0
11692,Ana,Torres,34.0,CDMX,Premium,8,309.0,1,3.15,2023.0,2023-04-09 07:13:11.297824456+00:00,,1,3.15,8,309.0
11693,Sofia,Torres,47.0,Bogotá,Basico,6,268.0,2,6.4,2023.0,2023-04-09 13:47:29.212303080+00:00,2024-08-27 23:06:40+00:00,2,6.4,6,268.0
11694,Ana,Torres,73.0,Cali,Basico,2,81.0,5,27.46,2023.0,2023-04-09 20:21:47.126781696+00:00,,5,27.46,2,81.0
11695,Luis,Torres,56.0,Bogotá,Premium,5,235.0,7,22.65,2023.0,2023-04-10 02:56:05.041260320+00:00,,7,22.65,5,235.0
11696,Carlos,Gomez,24.0,MTY,Basico,7,312.0,3,3.17,2023.0,2023-04-10 09:30:22.955738936+00:00,,3,3.17,7,312.0
11697,Luis,Ramirez,69.0,Desconocido,Premium,8,521.0,5,17.35,2023.0,2023-04-10 16:04:40.870217560+00:00,,5,17.35,8,521.0
11698,Ana,Ramirez,44.0,CDMX,Basico,8,410.0,3,14.2,2023.0,2023-04-10 22:38:58.784696176+00:00,2024-12-22 23:26:40+00:00,3,14.2,8,410.0
11699,Ana,Torres,26.0,GDL,Basico,5,240.0,4,8.73,2023.0,2023-04-11 05:13:16.699174792+00:00,,4,8.73,5,240.0
11700,Mateo,Gomez,39.0,Medellín,Premium,6,335.0,7,42.83,2023.0,2023-04-11 11:47:34.613653416+00:00,,7,42.83,6,335.0
11701,Sofia,Torres,51.0,MTY,Premium,6,355.0,6,24.84,2023.0,2023-04-11 18:21:52.528132032+00:00,2024-06-30 01:13:20+00:00,6,24.84,6,355.0
11702,Sofia,Gomez,63.0,Medellín,Basico,9,510.0,2,3.8200000000000003,2023.0,2023-04-12 00:56:10.442610656+00:00,,2,3.8200000000000003,9,510.0
11703,Luis,Torres,66.0,CDMX,Basico,6,407.0,7,22.25,2023.0,2023-04-12 07:30:28.357089272+00:00,2024-10-18 00:06:40+00:00,7,22.25,6,407.0
11704,Carlos,Lopez,18.0,GDL,Premium,5,344.0,3,10.26,2023.0,2023-04-12 14:04:46.271567896+00:00,,3,10.26,5,344.0
11705,Mariana,Lopez,26.0,CDMX,Basico,5,176.0,4,20.89,2023.0,2023-04-12 20:39:04.186046512+00:00,,4,20.89,5,176.0
11706,Sofia,Garcia,37.0,Desconocido,Basico,3,161.0,2,7.59,2023.0,2023-04-13 03:13:22.100525136+00:00,,2,7.59,3,161.0
11707,Mateo,Torres,70.0,Bogotá,Premium,8,374.0,3,9.75,2023.0,2023-04-13 09:47:40.015003752+00:00,,3,9.75,8,374.0
11708,Luis,Ramirez,36.0,MTY,Basico,5,278.0,3,15.68,2023.0,2023-04-13 16:21:57.929482376+00:00,,3,15.68,5,278.0
11709,Luis,Garcia,53.0,CDMX,Premium,8,370.0,7,32.93,2023.0,2023-04-13 22:56:15.843960992+00:00,,7,32.93,8,370.0
11710,Mariana,Lopez,77.0,CDMX,Premium,3,144.0,6,44.63,2023.0,2023-04-14 05:30:33.758439616+00:00,,6,44.63,3,144.0
11711,Mateo,Torres,57.0,Bogotá,Basico,11,640.0,8,50.96,2023.0,2023-04-14 12:04:51.672918232+00:00,,8,50.96,11,640.0
11712,Carlos,Garcia,62.0,CDMX,Basico,6,367.0,2,9.92,2023.0,2023-04-14 18:39:09.587396848+00:00,,2,9.92,6,367.0
11713,Mateo,Torres,21.0,Bogotá,Premium,10,665.0,9,69.36,2023.0,2023-04-15 01:13:27.501875472+00:00,,9,69.36,10,665.0
11714,Carlos,Lopez,26.0,Bogotá,Basico,1,26.0,2,10.32,2023.0,2023-04-15 07:47:45.416354088+00:00,,2,10.32,1,34.0
11715,Mateo,Garcia,58.0,Cali,Basico,7,447.0,5,20.119999999999997,2023.0,2023-04-15 14:22:03.330832712+00:00,,5,20.119999999999997,7,447.0
11716,Mateo,Lopez,39.0,Medellín,Premium,5,218.0,2,11.84,2023.0,2023-04-15 20:56:21.245311328+00:00,,2,11.84,5,218.0
11717,Ana,Gomez,35.0,Bogotá,Premium,4,209.0,4,34.99,2023.0,2023-04-16 03:30:39.159789952+00:00,,4,34.99,4,209.0
11718,Luis,Lopez,29.0,GDL,Premium,2,109.0,3,32.29,2023.0,2023-04-16 10:04:57.074268568+00:00,,3,32.29,2,109.0
11719,Mateo,Torres,59.0,Medellín,Basico,7,421.0,3,10.57,2023.0,2023-04-16 16:39:14.988747192+00:00,,3,10.57,7,421.0
11720,Mariana,Ramirez,60.0,Medellín,Basico,7,292.0,2,22.73,2023.0,2023-04-16 23:13:32.903225808+00:00,,2,22.73,7,292.0
11721,Mateo,Lopez,56.0,CDMX,Basico,9,395.0,2,10.69,2023.0,2023-04-17 05:47:50.817704432+00:00,,2,10.69,9,395.0
11722,Sofia,Ramirez,26.0,Desconocido,Premium,3,145.0,1,5.68,,,2024-06-05 23:26:40+00:00,1,5.68,3,145.0
11723,Luis,Gomez,23.0,CDMX,Basico,2,120.0,2,13.54,2023.0,2023-04-17 18:56:26.646661664+00:00,,2,13.54,2,120.0
11724,Sofia,Garcia,36.0,CDMX,Basico,4,162.0,5,18.310000000000002,2023.0,2023-04-18 01:30:44.561140288+00:00,,5,18.310000000000002,4,162.0
11725,Luis,Garcia,65.0,GDL,Basico,5,310.0,4,33.6,2023.0,2023-04-18 08:05:02.475618904+00:00,,4,33.6,5,310.0
11726,Sofia,Ramirez,79.0,Desconocido,Basico,6,224.0,4,16.22,2023.0,2023-04-18 14:39:20.390097528+00:00,,4,16.22,6,224.0
11727,Mateo,Garcia,64.0,Bogotá,Basico,7,365.0,5,133.1,2023.0,2023-04-18 21:13:38.304576144+00:00,,5,82.19759999999998,7,365.0
11728,Mateo,Lopez,24.0,Cali,Basico,7,409.0,6,30.330000000000002,2023.0,2023-04-19 03:47:56.219054768+00:00,,6,30.330000000000002,7,409.0
11729,Ana,Ramirez,33.0,GDL,Premium,9,362.0,5,15.549999999999999,2023.0,2023-04-19 10:22:14.133533384+00:00,,5,15.549999999999999,9,362.0
11730,Mariana,Torres,22.0,Bogotá,Basico,5,222.0,3,29.689999999999998,2023.0,2023-04-19 16:56:32.048012008+00:00,,3,29.689999999999998,5,222.0
11731,Sofia,Lopez,33.0,MTY,Premium,3,115.0,5,23.89,2023.0,2023-04-19 23:30:49.962490624+00:00,,5,23.89,3,115.0
11732,Carlos,Lopez,18.0,Cali,Premium,3,137.0,5,33.01,2023.0,2023-04-20 06:05:07.876969248+00:00,,5,33.01,3,137.0
11733,Ana,Lopez,68.0,CDMX,Basico,8,425.0,5,19.450000000000003,2023.0,2023-04-20 12:39:25.791447864+00:00,,5,19.450000000000003,8,425.0
11734,Sofia,Torres,54.0,GDL,Basico,4,230.0,5,41.01,2023.0,2023-04-20 19:13:43.705926480+00:00,,5,41.01,4,230.0
11735,Sofia,Gomez,56.0,CDMX,Basico,9,365.0,5,25.31,2023.0,2023-04-21 01:48:01.620405104+00:00,,5,25.31,9,365.0
11736,Ana,Garcia,36.0,Desconocido,Premium,7,286.0,3,5.22,,,,3,5.22,7,286.0
11737,Mateo,Ramirez,71.0,Bogotá,Basico,4,204.0,4,28.509999999999998,,,,4,28.509999999999998,4,204.0
11738,Sofia,Gomez,54.0,Bogotá,Premium,3,178.0,3,4.32,2023.0,2023-04-21 21:30:55.363840960+00:00,,3,4.32,3,178.0
11739,Mateo,Ramirez,78.0,Bogotá,Premium,2,95.0,9,61.31,2023.0,2023-04-22 04:05:13.278319584+00:00,,9,61.31,2,95.0
11740,Ana,Garcia,34.0,Desconocido,Premium,4,191.0,6,21.36,2023.0,2023-04-22 10:39:31.192798200+00:00,2024-12-22 23:26:40+00:00,6,21.36,4,191.0
11741,Mateo,Torres,43.0,Desconocido,Basico,2,95.0,9,42.39,2023.0,2023-04-22 17:13:49.107276824+00:00,,9,42.39,2,95.0
11742,Luis,Lopez,39.0,Medellín,Premium,7,304.0,2,14.86,2023.0,2023-04-22 23:48:07.021755440+00:00,,2,14.86,7,304.0
11743,Carlos,Lopez,79.0,GDL,Premium,7,384.0,3,23.720000000000002,2023.0,2023-04-23 06:22:24.936234064+00:00,,3,23.720000000000002,7,384.0
11744,Sofia,Torres,25.0,CDMX,Basico,4,174.0,5,32.5,2023.0,2023-04-23 12:56:42.850712680+00:00,,5,32.5,4,174.0
11745,Mariana,Gomez,78.0,Desconocido,Basico,4,243.0,4,9.39,2023.0,2023-04-23 19:31:00.765191304+00:00,,4,9.39,4,243.0
11746,Carlos,Gomez,78.0,Bogotá,Basico,8,394.0,6,51.44,2023.0,2023-04-24 02:05:18.679669920+00:00,,6,51.44,8,394.0
11747,Mateo,Ramirez,50.0,GDL,Basico,5,256.0,3,9.34,2023.0,2023-04-24 08:39:36.594148536+00:00,,3,9.34,5,256.0
11748,Sofia,Torres,19.0,Bogotá,Premium,6,266.0,6,43.879999999999995,2023.0,2023-04-24 15:13:54.508627160+00:00,,6,43.879999999999995,6,266.0
11749,Mateo,Gomez,47.0,Desconocido,Basico,5,229.0,3,21.88,2023.0,2023-04-24 21:48:12.423105776+00:00,,3,21.88,5,229.0
11750,Luis,Torres,64.0,MTY,Premium,2,1618.0,2,5.8,2023.0,2023-04-25 04:22:30.337584400+00:00,,2,5.8,2,724.02
11751,Ana,Garcia,37.0,Bogotá,Premium,11,503.0,8,45.17,2023.0,2023-04-25 10:56:48.252063016+00:00,,8,45.17,11,503.0
11752,Sofia,Lopez,77.0,Cali,Premium,6,231.0,4,18.22,2023.0,2023-04-25 17:31:06.166541640+00:00,,4,18.22,6,231.0
11753,Luis,Lopez,35.0,Bogotá,Basico,3,158.0,8,24.95,2023.0,2023-04-26 00:05:24.081020256+00:00,,8,24.95,3,158.0
11754,Luis,Lopez,60.0,GDL,Basico,4,197.0,3,46.49,2023.0,2023-04-26 06:39:41.995498880+00:00,,3,46.49,4,197.0
11755,Sofia,Torres,74.0,Desconocido,Premium,6,260.0,1,16.87,2023.0,2023-04-26 13:13:59.909977496+00:00,,1,16.87,6,260.0
11756,Mateo,Torres,27.0,Desconocido,Basico,8,310.0,7,25.86,2023.0,2023-04-26 19:48:17.824456120+00:00,,7,25.86,8,310.0
11757,Mariana,Ramirez,41.0,Cali,Basico,0,0.0,10,71.02,2023.0,2023-04-27 02:22:35.738934736+00:00,,10,71.02,1,34.0
11758,Luis,Lopez,73.0,Medellín,Basico,8,352.0,7,24.37,2023.0,2023-04-27 08:56:53.653413352+00:00,,7,24.37,8,352.0
11759,Carlos,Ramirez,21.0,GDL,Premium,4,187.0,3,11.29,2023.0,2023-04-27 15:31:11.567891976+00:00,,3,11.29,4,187.0
11760,Luis,Lopez,54.0,Desconocido,Premium,6,324.0,5,44.15,2023.0,2023-04-27 22:05:29.482370592+00:00,,5,44.15,6,324.0
11761,Mariana,Ramirez,21.0,GDL,Basico,4,190.0,3,10.96,2023.0,2023-04-28 04:39:47.396849216+00:00,,3,10.96,4,190.0
11762,Mateo,Ramirez,30.0,Cali,Basico,4,215.0,8,32.5,2023.0,2023-04-28 11:14:05.311327832+00:00,,8,32.5,4,215.0
11763,Mateo,Garcia,42.0,Desconocido,Premium,4,228.0,5,30.13,2023.0,2023-04-28 17:48:23.225806456+00:00,2024-09-18 00:40:00+00:00,5,30.13,4,228.0
11764,Carlos,Ramirez,30.0,Medellín,Basico,4,147.0,5,33.4,2023.0,2023-04-29 00:22:41.140285072+00:00,2024-07-25 23:26:40+00:00,5,33.4,4,147.0
11765,Luis,Torres,35.0,Cali,Basico,5,163.0,7,23.89,2023.0,2023-04-29 06:56:59.054763696+00:00,,7,23.89,5,163.0
11766,Mateo,Ramirez,78.0,Cali,Premium,3,189.0,7,35.8,2023.0,2023-04-29 13:31:16.969242312+00:00,,7,35.8,3,189.0
11767,Mariana,Lopez,76.0,GDL,Basico,3,165.0,3,11.469999999999999,2023.0,2023-04-29 20:05:34.883720936+00:00,,3,11.469999999999999,3,165.0
11768,Sofia,Ramirez,41.0,Medellín,Basico,2,122.0,6,41.32,2023.0,2023-04-30 02:39:52.798199552+00:00,,6,41.32,2,122.0
11769,Ana,Gomez,19.0,CDMX,Basico,6,329.0,3,17.82,2023.0,2023-04-30 09:14:10.712678168+00:00,,3,17.82,6,329.0
11770,Ana,Lopez,65.0,Bogotá,Basico,7,454.0,8,28.73,2023.0,2023-04-30 15:48:28.627156792+00:00,,8,28.73,7,454.0
11771,Ana,Gomez,50.0,CDMX,Basico,7,407.0,2,14.61,2023.0,2023-04-30 22:22:46.541635408+00:00,,2,14.61,7,407.0
11772,Luis,Lopez,75.0,Bogotá,Basico,6,371.0,3,19.970000000000002,2023.0,2023-05-01 04:57:04.456114032+00:00,2024-10-16 23:06:40+00:00,3,19.970000000000002,6,371.0
11773,Carlos,Torres,36.0,Cali,Basico,4,152.0,5,35.58,2023.0,2023-05-01 11:31:22.370592648+00:00,,5,35.58,4,152.0
11774,Mateo,Torres,26.0,Desconocido,Basico,8,329.0,6,30.810000000000002,2023.0,2023-05-01 18:05:40.285071272+00:00,2024-10-16 00:53:20+00:00,6,30.810000000000002,8,329.0
11775,Sofia,Torres,45.0,MTY,Premium,3,108.0,2,1.98,2023.0,2023-05-02 00:39:58.199549888+00:00,2024-07-11 01:06:40+00:00,2,1.98,3,108.0
11776,Mariana,Gomez,52.0,Bogotá,Premium,4,290.0,5,16.21,2023.0,2023-05-02 07:14:16.114028512+00:00,,5,16.21,4,290.0
11777,Sofia,Garcia,74.0,Bogotá,Basico,7,317.0,1,8.6,2023.0,2023-05-02 13:48:34.028507128+00:00,,1,8.6,7,317.0
11778,Mariana,Lopez,56.0,Desconocido,Premium,8,473.0,2,7.04,2023.0,2023-05-02 20:22:51.942985752+00:00,,2,7.04,8,473.0
11779,Luis,Torres,78.0,Bogotá,Basico,7,446.0,4,6.819999999999999,2023.0,2023-05-03 02:57:09.857464368+00:00,,4,6.819999999999999,7,446.0
11780,Ana,Lopez,27.0,Medellín,Basico,7,332.0,0,0.0,2023.0,2023-05-03 09:31:27.771942992+00:00,,0,0.0,7,332.0
11781,Luis,Gomez,18.0,Desconocido,Basico,3,135.0,2,5.890000000000001,2023.0,2023-05-03 16:05:45.686421608+00:00,,2,5.890000000000001,3,135.0
11782,Carlos,Garcia,59.0,MTY,Basico,3,192.0,9,26.330000000000002,2023.0,2023-05-03 22:40:03.600900224+00:00,,9,26.330000000000002,3,192.0
11783,Carlos,Gomez,38.0,Desconocido,Premium,4,133.0,5,18.65,2023.0,2023-05-04 05:14:21.515378848+00:00,2024-06-01 00:00:00+00:00,5,18.65,4,133.0
11784,Mariana,Lopez,26.0,Desconocido,Basico,9,424.0,1,0.78,2023.0,2023-05-04 11:48:39.429857464+00:00,,1,0.78,9,424.0
11785,Mateo,Garcia,77.0,Desconocido,Basico,4,243.0,3,3.43,2023.0,2023-05-04 18:22:57.344336088+00:00,2024-09-29 00:33:20+00:00,3,3.43,4,243.0
11786,Mateo,Garcia,64.0,GDL,Premium,3,112.0,8,41.14,2023.0,2023-05-05 00:57:15.258814704+00:00,,8,41.14,3,112.0
11787,Mariana,Gomez,32.0,Bogotá,Basico,4,166.0,5,27.34,2023.0,2023-05-05 07:31:33.173293328+00:00,,5,27.34,4,166.0
11788,Carlos,Torres,52.0,Desconocido,Basico,5,254.0,2,29.96,2023.0,2023-05-05 14:05:51.087771944+00:00,2024-12-30 23:06:40+00:00,2,29.96,5,254.0
11789,Carlos,Lopez,74.0,MTY,Basico,6,266.0,3,19.240000000000002,2023.0,2023-05-05 20:40:09.002250568+00:00,,3,19.240000000000002,6,266.0
11790,Carlos,Ramirez,22.0,Medellín,Basico,3,61.0,8,24.58,2023.0,2023-05-06 03:14:26.916729184+00:00,,8,24.58,3,61.0
11791,Luis,Ramirez,58.0,CDMX,Basico,5,201.0,4,9.74,2023.0,2023-05-06 09:48:44.831207808+00:00,,4,9.74,5,201.0
11792,Carlos,Gomez,75.0,CDMX,Basico,4,174.0,2,2.66,2023.0,2023-05-06 16:23:02.745686424+00:00,,2,2.66,4,174.0
11793,Sofia,Lopez,39.0,Bogotá,Basico,5,257.0,3,14.61,2023.0,2023-05-06 22:57:20.660165040+00:00,,3,14.61,5,257.0
11794,Ana,Lopez,58.0,Bogotá,Basico,6,205.0,2,2.9699999999999998,2023.0,2023-05-07 05:31:38.574643664+00:00,,2,2.9699999999999998,6,205.0
11795,Carlos,Gomez,40.0,MTY,Premium,6,324.0,3,18.56,2023.0,2023-05-07 12:05:56.489122280+00:00,,3,18.56,6,324.0
11796,Mariana,Lopez,24.0,Bogotá,Premium,5,260.0,5,19.62,2023.0,2023-05-07 18:40:14.403600904+00:00,,5,19.62,5,260.0
11797,Ana,Torres,73.0,Bogotá,Premium,4,209.0,5,14.89,2023.0,2023-05-08 01:14:32.318079520+00:00,,5,14.89,4,209.0
11798,Luis,Gomez,40.0,Medellín,Premium,6,323.0,2,5.88,2023.0,2023-05-08 07:48:50.232558144+00:00,,2,5.88,6,323.0
11799,Mariana,Torres,61.0,Medellín,Premium,4,228.0,4,24.76,2023.0,2023-05-08 14:23:08.147036760+00:00,,4,24.76,4,228.0
11800,Ana,Lopez,42.0,Bogotá,Premium,7,366.0,4,10.97,2023.0,2023-05-08 20:57:26.061515384+00:00,,4,10.97,7,366.0
11801,Mariana,Gomez,44.0,Bogotá,Basico,7,296.0,4,10.12,2023.0,2023-05-09 03:31:43.975994+00:00,,4,10.12,7,296.0
11802,Luis,Lopez,58.0,CDMX,Basico,10,439.0,4,19.34,2023.0,2023-05-09 10:06:01.890472624+00:00,,4,19.34,10,439.0
11803,Sofia,Gomez,23.0,Bogotá,Basico,9,511.0,5,4.609999999999999,2023.0,2023-05-09 16:40:19.804951240+00:00,,5,4.609999999999999,9,511.0
11804,Luis,Lopez,72.0,Bogotá,Basico,7,296.0,2,14.969999999999999,2023.0,2023-05-09 23:14:37.719429856+00:00,,2,14.969999999999999,7,296.0
11805,Luis,Torres,51.0,Bogotá,Premium,5,305.0,3,22.43,2023.0,2023-05-10 05:48:55.633908480+00:00,,3,22.43,5,305.0
11806,Mariana,Torres,48.0,MTY,Basico,4,169.0,2,3.16,2023.0,2023-05-10 12:23:13.548387096+00:00,,2,3.16,4,169.0
11807,Mateo,Lopez,26.0,Medellín,Premium,7,394.0,4,16.43,2023.0,2023-05-10 18:57:31.462865720+00:00,,4,16.43,7,394.0
11808,Carlos,Gomez,77.0,CDMX,Basico,9,492.0,1,6.42,2023.0,2023-05-11 01:31:49.377344336+00:00,,1,6.42,9,492.0
11809,Carlos,Ramirez,78.0,Desconocido,Basico,5,318.0,1,4.23,2023.0,2023-05-11 08:06:07.291822960+00:00,,1,4.23,5,318.0
11810,Sofia,Torres,66.0,CDMX,Basico,5,207.0,2,14.77,2023.0,2023-05-11 14:40:25.206301576+00:00,,2,14.77,5,207.0
11811,Sofia,Torres,50.0,Desconocido,Basico,3,214.0,4,5.91,2023.0,2023-05-11 21:14:43.120780200+00:00,,4,5.91,3,214.0
11812,Carlos,Ramirez,68.0,Bogotá,Basico,3,148.0,3,11.52,2023.0,2023-05-12 03:49:01.035258816+00:00,,3,11.52,3,148.0
11813,Mateo,Lopez,77.0,Bogotá,Basico,4,223.0,2,8.24,2023.0,2023-05-12 10:23:18.949737440+00:00,,2,8.24,4,223.0
11814,Carlos,Gomez,23.0,GDL,Basico,4,164.0,4,23.54,2023.0,2023-05-12 16:57:36.864216056+00:00,,4,23.54,4,164.0
11815,Mateo,Lopez,54.0,CDMX,Basico,3,171.0,3,6.4,2023.0,2023-05-12 23:31:54.778694680+00:00,,3,6.4,3,171.0
11816,Sofia,Garcia,48.0,GDL,Premium,12,751.0,5,25.95,2023.0,2023-05-13 06:06:12.693173296+00:00,,5,25.95,12,724.02
11817,Ana,Torres,51.0,CDMX,Basico,3,177.0,6,39.33,2023.0,2023-05-13 12:40:30.607651912+00:00,2024-08-08 23:33:20+00:00,6,39.33,3,177.0
11818,Mariana,Garcia,58.0,Medellín,Basico,3,103.0,2,9.23,2023.0,2023-05-13 19:14:48.522130536+00:00,2024-06-27 23:13:20+00:00,2,9.23,3,103.0
11819,Sofia,Torres,79.0,MTY,Premium,9,494.0,2,6.66,2023.0,2023-05-14 01:49:06.436609152+00:00,,2,6.66,9,494.0
11820,Sofia,Torres,46.0,Cali,Basico,4,175.0,6,21.33,2023.0,2023-05-14 08:23:24.351087776+00:00,,6,21.33,4,175.0
11821,Luis,Garcia,75.0,GDL,Basico,4,138.0,1,11.17,2023.0,2023-05-14 14:57:42.265566392+00:00,,1,11.17,4,138.0
11822,Luis,Garcia,31.0,Desconocido,Basico,3,191.0,6,27.17,2023.0,2023-05-14 21:32:00.180045016+00:00,,6,27.17,3,191.0
11823,Luis,Lopez,53.0,Bogotá,Premium,4,184.0,7,40.53,2023.0,2023-05-15 04:06:18.094523632+00:00,,7,40.53,4,184.0
11824,Mariana,Garcia,53.0,CDMX,Basico,8,476.0,7,42.4,2023.0,2023-05-15 10:40:36.009002256+00:00,,7,42.4,8,476.0
11825,Luis,Lopez,70.0,Bogotá,Basico,6,314.0,4,9.1,2023.0,2023-05-15 17:14:53.923480872+00:00,,4,9.1,6,314.0
11826,Mateo,Lopez,32.0,GDL,Premium,6,249.0,3,8.79,2023.0,2023-05-15 23:49:11.837959496+00:00,,3,8.79,6,249.0
11827,Carlos,Lopez,25.0,GDL,Basico,6,211.0,5,10.64,2023.0,2023-05-16 06:23:29.752438112+00:00,,5,10.64,6,211.0
11828,Ana,Torres,43.0,Bogotá,Premium,8,439.0,6,43.37,2023.0,2023-05-16 12:57:47.666916728+00:00,,6,43.37,8,439.0
11829,Sofia,Torres,53.0,Medellín,Basico,4,204.0,3,15.39,2023.0,2023-05-16 19:32:05.581395352+00:00,,3,15.39,4,204.0
11830,Mateo,Garcia,65.0,Desconocido,Basico,9,495.0,7,41.57,2023.0,2023-05-17 02:06:23.495873968+00:00,,7,41.57,9,495.0
11831,Ana,Torres,38.0,Bogotá,Premium,13,670.0,3,8.94,2023.0,2023-05-17 08:40:41.410352592+00:00,,3,8.94,12,670.0
11832,Mateo,Garcia,45.0,Desconocido,Basico,7,438.0,4,14.05,2023.0,2023-05-17 15:14:59.324831208+00:00,,4,14.05,7,438.0
11833,Mateo,Torres,21.0,Desconocido,Premium,6,300.0,2,15.82,2023.0,2023-05-17 21:49:17.239309832+00:00,,2,15.82,6,300.0
11834,Sofia,Gomez,79.0,Desconocido,Premium,4,209.0,2,7.95,2023.0,2023-05-18 04:23:35.153788448+00:00,,2,7.95,4,209.0
11835,Carlos,Gomez,33.0,Bogotá,Basico,4,249.0,2,8.52,2023.0,2023-05-18 10:57:53.068267072+00:00,,2,8.52,4,249.0
11836,Luis,Garcia,39.0,CDMX,Premium,7,379.0,9,78.2,2023.0,2023-05-18 17:32:10.982745688+00:00,,9,78.2,7,379.0
11837,Mariana,Torres,29.0,GDL,Basico,3,87.0,8,63.9,2023.0,2023-05-19 00:06:28.897224312+00:00,,8,63.9,3,87.0
11838,Carlos,Torres,33.0,Medellín,Premium,7,391.0,2,44.3,2023.0,2023-05-19 06:40:46.811702928+00:00,,2,44.3,7,391.0
11839,Mariana,Lopez,68.0,Bogotá,Basico,3,93.0,4,16.58,2023.0,2023-05-19 13:15:04.726181544+00:00,,4,16.58,3,93.0
11840,Sofia,Ramirez,57.0,CDMX,Basico,4,193.0,6,35.3,2023.0,2023-05-19 19:49:22.640660168+00:00,,6,35.3,4,193.0
11841,Sofia,Garcia,55.0,Bogotá,Basico,7,395.0,1,3.37,2023.0,2023-05-20 02:23:40.555138784+00:00,,1,3.37,7,395.0
11842,Sofia,Ramirez,59.0,CDMX,Basico,4,204.0,6,30.6,2023.0,2023-05-20 08:57:58.469617408+00:00,,6,30.6,4,204.0
11843,Ana,Ramirez,54.0,Medellín,Basico,10,420.0,5,19.59,2023.0,2023-05-20 15:32:16.384096024+00:00,,5,19.59,10,420.0
11844,Mariana,Garcia,46.0,CDMX,Premium,5,317.0,2,11.73,2023.0,2023-05-20 22:06:34.298574648+00:00,,2,11.73,5,317.0
11845,Carlos,Torres,48.0,Medellín,Premium,7,363.0,3,28.36,2023.0,2023-05-21 04:40:52.213053264+00:00,,3,28.36,7,363.0
11846,Carlos,Garcia,35.0,Cali,Basico,4,185.0,1,15.71,2023.0,2023-05-21 11:15:10.127531888+00:00,2024-11-24 01:00:00+00:00,1,15.71,4,185.0
11847,Mateo,Ramirez,27.0,CDMX,Basico,1,29.0,8,18.67,2023.0,2023-05-21 17:49:28.042010504+00:00,,8,18.67,1,34.0
11848,Mateo,Torres,59.0,Bogotá,Premium,6,294.0,9,25.81,2023.0,2023-05-22 00:23:45.956489128+00:00,,9,25.81,6,294.0
11849,Mateo,Gomez,56.0,Cali,Basico,3,153.0,4,16.7,2023.0,2023-05-22 06:58:03.870967744+00:00,,4,16.7,3,153.0
11850,Sofia,Garcia,35.0,GDL,Basico,3,144.0,1,7.96,2023.0,2023-05-22 13:32:21.785446368+00:00,,1,7.96,3,144.0
11851,Carlos,Garcia,18.0,CDMX,Basico,4,202.0,5,22.11,2023.0,2023-05-22 20:06:39.699924984+00:00,,5,22.11,4,202.0
11852,Mariana,Torres,56.0,MTY,Basico,3,148.0,4,21.81,2023.0,2023-05-23 02:40:57.614403600+00:00,,4,21.81,3,148.0
11853,Sofia,Gomez,38.0,Bogotá,Basico,5,214.0,4,16.36,2023.0,2023-05-23 09:15:15.528882224+00:00,,4,16.36,5,214.0
11854,Ana,Gomez,18.0,Bogotá,Premium,4,163.0,1,1.72,2023.0,2023-05-23 15:49:33.443360840+00:00,,1,1.72,4,163.0
11855,Mateo,Torres,32.0,CDMX,Basico,10,501.0,4,35.96,2023.0,2023-05-23 22:23:51.357839464+00:00,,4,35.96,10,501.0
11856,Sofia,Lopez,21.0,Bogotá,Basico,5,221.0,5,23.900000000000002,2023.0,2023-05-24 04:58:09.272318080+00:00,,5,23.900000000000002,5,221.0
11857,Sofia,Garcia,77.0,GDL,Premium,6,285.0,5,22.82,2023.0,2023-05-24 11:32:27.186796704+00:00,,5,22.82,6,285.0
11858,Ana,Garcia,78.0,Cali,Basico,5,254.0,6,12.22,2023.0,2023-05-24 18:06:45.101275320+00:00,2024-12-19 23:13:20+00:00,6,12.22,5,254.0
11859,Luis,Ramirez,37.0,MTY,Basico,5,250.0,7,41.95,2023.0,2023-05-25 00:41:03.015753944+00:00,,7,41.95,5,250.0
11860,Carlos,Torres,27.0,Cali,Basico,5,264.0,2,6.51,2023.0,2023-05-25 07:15:20.930232560+00:00,,2,6.51,5,264.0
11861,Mariana,Ramirez,40.0,Bogotá,Basico,5,280.0,4,6.51,2023.0,2023-05-25 13:49:38.844711184+00:00,,4,6.51,5,280.0
11862,Luis,Ramirez,58.0,Medellín,Basico,4,222.0,2,10.950000000000001,,,,2,10.950000000000001,4,222.0
11863,Mateo,Gomez,51.0,Bogotá,Basico,2,111.0,5,27.2,2023.0,2023-05-26 02:58:14.673668416+00:00,,5,27.2,2,111.0
11864,Sofia,Garcia,77.0,Medellín,Basico,3,105.0,2,19.21,2023.0,2023-05-26 09:32:32.588147040+00:00,,2,19.21,3,105.0
11865,Ana,Ramirez,63.0,MTY,Basico,5,266.0,1,8.65,2023.0,2023-05-26 16:06:50.502625656+00:00,,1,8.65,5,266.0
11866,Ana,Gomez,65.0,Cali,Premium,3,142.0,7,68.16,2023.0,2023-05-26 22:41:08.417104280+00:00,,7,68.16,3,142.0
11867,Carlos,Torres,50.0,Bogotá,Premium,4,201.0,6,36.51,2023.0,2023-05-27 05:15:26.331582896+00:00,,6,36.51,4,201.0
11868,Luis,Ramirez,51.0,Bogotá,Basico,8,372.0,8,43.81,2023.0,2023-05-27 11:49:44.246061520+00:00,,8,43.81,8,372.0
11869,Carlos,Garcia,56.0,Bogotá,Premium,4,211.0,4,35.209999999999994,2023.0,2023-05-27 18:24:02.160540136+00:00,,4,35.209999999999994,4,211.0
11870,Sofia,Ramirez,78.0,Cali,Premium,3,194.0,6,20.939999999999998,2023.0,2023-05-28 00:58:20.075018760+00:00,2024-09-09 00:00:00+00:00,6,20.939999999999998,3,194.0
11871,Carlos,Torres,27.0,Medellín,Basico,8,381.0,5,52.220000000000006,2023.0,2023-05-28 07:32:37.989497376+00:00,,5,52.220000000000006,8,381.0
11872,Mariana,Ramirez,71.0,MTY,Basico,6,300.0,3,12.15,2023.0,2023-05-28 14:06:55.903976+00:00,,3,12.15,6,300.0
11873,Ana,Garcia,37.0,Medellín,Basico,4,199.0,10,46.6,2023.0,2023-05-28 20:41:13.818454616+00:00,,10,46.6,4,199.0
11874,Ana,Gomez,18.0,Medellín,Premium,5,286.0,1,10.39,2023.0,2023-05-29 03:15:31.732933232+00:00,,1,10.39,5,286.0
11875,Mateo,Garcia,30.0,Desconocido,Basico,4,292.0,4,28.650000000000002,2023.0,2023-05-29 09:49:49.647411856+00:00,,4,28.650000000000002,4,292.0
11876,Mateo,Gomez,18.0,Cali,Basico,8,394.0,5,10.03,2023.0,2023-05-29 16:24:07.561890472+00:00,,5,10.03,8,394.0
11877,Sofia,Lopez,22.0,Medellín,Basico,9,435.0,4,13.219999999999999,2023.0,2023-05-29 22:58:25.476369096+00:00,,4,13.219999999999999,9,435.0
11878,Mariana,Garcia,33.0,MTY,Premium,5,198.0,4,13.2,2023.0,2023-05-30 05:32:43.390847712+00:00,,4,13.2,5,198.0
11879,Luis,Garcia,32.0,Cali,Premium,3,161.0,9,44.22,2023.0,2023-05-30 12:07:01.305326336+00:00,,9,44.22,3,161.0
11880,Carlos,Torres,66.0,Bogotá,Basico,3,172.0,1,17.71,,,,1,17.71,3,172.0
11881,Sofia,Ramirez,45.0,Desconocido,Basico,6,221.0,9,77.5,2023.0,2023-05-31 01:15:37.134283576+00:00,,9,77.5,6,221.0
11882,Mateo,Gomez,48.0,GDL,Premium,7,415.0,6,42.480000000000004,2023.0,2023-05-31 07:49:55.048762192+00:00,,6,42.480000000000004,7,415.0
11883,Carlos,Gomez,40.0,CDMX,Basico,6,334.0,4,17.66,2023.0,2023-05-31 14:24:12.963240816+00:00,,4,17.66,6,334.0
11884,Mateo,Torres,65.0,CDMX,Basico,4,177.0,3,9.6,2023.0,2023-05-31 20:58:30.877719432+00:00,,3,9.6,4,177.0
11885,Carlos,Torres,62.0,Medellín,Basico,4,198.0,3,20.28,2023.0,2023-06-01 03:32:48.792198056+00:00,2024-10-08 01:13:20+00:00,3,20.28,4,198.0
11886,Luis,Ramirez,60.0,Desconocido,Premium,6,326.0,2,10.879999999999999,2023.0,2023-06-01 10:07:06.706676672+00:00,,2,10.879999999999999,6,326.0
11887,Sofia,Ramirez,34.0,CDMX,Premium,4,218.0,6,18.43,2023.0,2023-06-01 16:41:24.621155288+00:00,,6,18.43,4,218.0
11888,Carlos,Garcia,66.0,Medellín,Premium,9,512.0,6,21.11,2023.0,2023-06-01 23:15:42.535633912+00:00,,6,21.11,9,512.0
11889,Mariana,Lopez,51.0,Medellín,Basico,2,83.0,6,30.06,2023.0,2023-06-02 05:50:00.450112528+00:00,,6,30.06,2,83.0
11890,Ana,Ramirez,30.0,Medellín,Basico,8,451.0,6,18.76,2023.0,2023-06-02 12:24:18.364591152+00:00,,6,18.76,8,451.0
11891,Mariana,Torres,31.0,MTY,Basico,1,37.0,1,5.99,2023.0,2023-06-02 18:58:36.279069768+00:00,,1,5.99,1,37.0
11892,Mariana,Ramirez,28.0,Cali,Premium,4,148.0,8,27.75,2023.0,2023-06-03 01:32:54.193548392+00:00,,8,27.75,4,148.0
11893,Ana,Gomez,45.0,CDMX,Basico,6,322.0,5,19.869999999999997,2023.0,2023-06-03 08:07:12.108027008+00:00,,5,19.869999999999997,6,322.0
11894,Mariana,Lopez,59.0,Cali,Basico,7,349.0,3,21.689999999999998,2023.0,2023-06-03 14:41:30.022505632+00:00,,3,21.689999999999998,7,349.0
11895,Carlos,Garcia,49.0,GDL,Premium,5,164.0,5,32.96,2023.0,2023-06-03 21:15:47.936984248+00:00,,5,32.96,5,164.0
11896,Carlos,Gomez,52.0,Bogotá,Basico,5,280.0,7,32.089999999999996,,,,7,32.089999999999996,5,280.0
11897,Carlos,Gomez,78.0,Cali,Basico,8,343.0,2,7.71,2023.0,2023-06-04 10:24:23.765941488+00:00,2024-08-02 23:06:40+00:00,2,7.71,8,343.0
11898,Ana,Lopez,76.0,GDL,Premium,5,260.0,6,19.09,2023.0,2023-06-04 16:58:41.680420104+00:00,,6,19.09,5,260.0
11899,Mariana,Garcia,48.0,GDL,Basico,2,111.0,3,12.7,2023.0,2023-06-04 23:32:59.594898728+00:00,,3,12.7,2,111.0
11900,Ana,Torres,34.0,Medellín,Basico,3,165.0,5,47.95,2023.0,2023-06-05 06:07:17.509377344+00:00,,5,47.95,3,165.0
11901,Carlos,Garcia,64.0,Bogotá,Basico,1,49.0,5,27.6,2023.0,2023-06-05 12:41:35.423855968+00:00,,5,27.6,1,49.0
11902,Mariana,Ramirez,26.0,Bogotá,Basico,6,302.0,4,6.590000000000001,2023.0,2023-06-05 19:15:53.338334584+00:00,,4,6.590000000000001,6,302.0
11903,Mariana,Gomez,27.0,GDL,Basico,2,74.0,5,18.94,2023.0,2023-06-06 01:50:11.252813208+00:00,,5,18.94,2,74.0
11904,Mateo,Ramirez,25.0,CDMX,Premium,7,364.0,4,9.93,2023.0,2023-06-06 08:24:29.167291824+00:00,,4,9.93,7,364.0
11905,Mateo,Torres,38.0,Bogotá,Basico,6,373.0,4,17.369999999999997,2023.0,2023-06-06 14:58:47.081770448+00:00,,4,17.369999999999997,6,373.0
11906,Luis,Ramirez,30.0,CDMX,Premium,4,159.0,4,20.900000000000002,2023.0,2023-06-06 21:33:04.996249064+00:00,,4,20.900000000000002,4,159.0
11907,Sofia,Garcia,76.0,Desconocido,Basico,4,161.0,3,9.39,2023.0,2023-06-07 04:07:22.910727688+00:00,,3,9.39,4,161.0
11908,Mateo,Ramirez,67.0,CDMX,Basico,8,441.0,2,15.84,2023.0,2023-06-07 10:41:40.825206304+00:00,,2,15.84,8,441.0
11909,Ana,Torres,22.0,Bogotá,Basico,5,265.0,5,32.81,2023.0,2023-06-07 17:15:58.739684920+00:00,,5,32.81,5,265.0
11910,Mateo,Torres,23.0,CDMX,Premium,10,391.0,5,29.34,2023.0,2023-06-07 23:50:16.654163544+00:00,,5,29.34,10,391.0
11911,Luis,Torres,47.0,CDMX,Basico,11,534.0,3,17.2,2023.0,2023-06-08 06:24:34.568642160+00:00,,3,17.2,11,534.0
11912,Mariana,Garcia,48.0,Medellín,Premium,2,62.0,11,65.71,2023.0,2023-06-08 12:58:52.483120784+00:00,,10,65.71,2,62.0
11913,Luis,Torres,34.0,Medellín,Premium,3,139.0,5,21.26,2023.0,2023-06-08 19:33:10.397599400+00:00,,5,21.26,3,139.0
11914,Mariana,Gomez,28.0,CDMX,Premium,5,267.0,5,13.34,2023.0,2023-06-09 02:07:28.312078024+00:00,,5,13.34,5,267.0
11915,Mariana,Torres,37.0,CDMX,Premium,10,560.0,4,34.18,2023.0,2023-06-09 08:41:46.226556640+00:00,,4,34.18,10,560.0
11916,Sofia,Ramirez,65.0,CDMX,Basico,3,121.0,7,29.619999999999997,2023.0,2023-06-09 15:16:04.141035264+00:00,,7,29.619999999999997,3,121.0
11917,Mateo,Ramirez,26.0,Cali,Premium,9,404.0,4,18.6,2023.0,2023-06-09 21:50:22.055513880+00:00,,4,18.6,9,404.0
11918,Ana,Ramirez,19.0,Bogotá,Premium,5,231.0,1,1.2,2023.0,2023-06-10 04:24:39.969992504+00:00,,1,1.2,5,231.0
11919,Ana,Garcia,54.0,CDMX,Premium,1,77.0,2,8.729999999999999,2023.0,2023-06-10 10:58:57.884471120+00:00,,2,8.729999999999999,1,77.0
11920,Carlos,Ramirez,18.0,Bogotá,Basico,11,617.0,2,10.7,2023.0,2023-06-10 17:33:15.798949744+00:00,,2,10.7,11,617.0
11921,Mariana,Garcia,21.0,Medellín,Basico,7,354.0,4,8.41,2023.0,2023-06-11 00:07:33.713428360+00:00,,4,8.41,7,354.0
11922,Ana,Garcia,53.0,Desconocido,Basico,4,206.0,3,3.4899999999999998,2023.0,2023-06-11 06:41:51.627906976+00:00,,3,3.4899999999999998,4,206.0
11923,Sofia,Torres,71.0,Desconocido,Basico,5,239.0,2,5.34,2023.0,2023-06-11 13:16:09.542385600+00:00,,2,5.34,5,239.0
11924,Mariana,Gomez,75.0,MTY,Premium,2,107.0,1,2.56,2023.0,2023-06-11 19:50:27.456864216+00:00,,1,2.56,2,107.0
11925,Sofia,Torres,42.0,CDMX,Premium,7,346.0,6,62.42,2023.0,2023-06-12 02:24:45.371342840+00:00,,6,62.42,7,346.0
11926,Ana,Torres,20.0,GDL,Basico,8,419.0,3,4.52,2023.0,2023-06-12 08:59:03.285821456+00:00,,3,4.52,8,419.0
11927,Ana,Garcia,26.0,Cali,Premium,5,239.0,6,62.989999999999995,2023.0,2023-06-12 15:33:21.200300080+00:00,,6,62.989999999999995,5,239.0
11928,Carlos,Garcia,39.0,Desconocido,Basico,6,387.0,3,7.62,2023.0,2023-06-12 22:07:39.114778696+00:00,,3,7.62,6,387.0
11929,Ana,Ramirez,40.0,Bogotá,Basico,1,72.0,2,15.9,2023.0,2023-06-13 04:41:57.029257320+00:00,,2,15.9,1,72.0
11930,Mariana,Ramirez,29.0,MTY,Basico,3,214.0,4,14.690000000000001,2023.0,2023-06-13 11:16:14.943735936+00:00,,4,14.690000000000001,3,214.0
11931,Mariana,Torres,27.0,Bogotá,Basico,6,1733.0,9,50.74,2023.0,2023-06-13 17:50:32.858214560+00:00,,9,50.74,6,724.02
11932,Mariana,Lopez,51.0,MTY,Premium,7,369.0,7,41.22,2023.0,2023-06-14 00:24:50.772693176+00:00,,7,41.22,7,369.0
11933,Carlos,Lopez,60.0,GDL,Basico,2,128.0,3,38.55,2023.0,2023-06-14 06:59:08.687171792+00:00,,3,38.55,2,128.0
11934,Carlos,Ramirez,27.0,Bogotá,Basico,6,306.0,3,14.260000000000002,2023.0,2023-06-14 13:33:26.601650416+00:00,,3,14.260000000000002,6,306.0
11935,Ana,Lopez,47.0,CDMX,Basico,2,54.0,6,26.12,2023.0,2023-06-14 20:07:44.516129032+00:00,,6,26.12,2,54.0
11936,Luis,Ramirez,39.0,GDL,Basico,5,291.0,4,14.879999999999999,2023.0,2023-06-15 02:42:02.430607656+00:00,,4,14.879999999999999,5,291.0
11937,Luis,Garcia,23.0,Medellín,Premium,8,389.0,3,4.16,2023.0,2023-06-15 09:16:20.345086272+00:00,,3,4.16,8,389.0
11938,Carlos,Torres,67.0,CDMX,Basico,1,72.0,2,8.77,2023.0,2023-06-15 15:50:38.259564896+00:00,,2,8.77,1,72.0
11939,Ana,Gomez,19.0,CDMX,Basico,5,269.0,10,25.439999999999998,2023.0,2023-06-15 22:24:56.174043512+00:00,,10,25.439999999999998,5,269.0
11940,Luis,Torres,47.0,GDL,Premium,6,293.0,6,27.880000000000003,2023.0,2023-06-16 04:59:14.088522136+00:00,,6,27.880000000000003,6,293.0
11941,Ana,Ramirez,19.0,Desconocido,Basico,5,228.0,2,5.64,2023.0,2023-06-16 11:33:32.003000752+00:00,,2,5.64,5,228.0
11942,Ana,Ramirez,49.0,Cali,Premium,3,198.0,7,24.819999999999997,2023.0,2023-06-16 18:07:49.917479376+00:00,2024-08-21 22:40:00+00:00,7,24.819999999999997,3,198.0
11943,Ana,Torres,59.0,CDMX,Basico,6,304.0,4,15.67,2023.0,2023-06-17 00:42:07.831957992+00:00,,4,15.67,6,304.0
11944,Mateo,Ramirez,33.0,Bogotá,Basico,3,110.0,7,21.11,2023.0,2023-06-17 07:16:25.746436608+00:00,,7,21.11,3,110.0
11945,Mariana,Lopez,29.0,GDL,Premium,6,255.0,1,17.89,2023.0,2023-06-17 13:50:43.660915232+00:00,,1,17.89,6,255.0
11946,Ana,Lopez,18.0,Medellín,Premium,4,185.0,5,42.46,2023.0,2023-06-17 20:25:01.575393848+00:00,,5,42.46,4,185.0
11947,Mateo,Ramirez,70.0,Medellín,Basico,5,264.0,4,10.879999999999999,2023.0,2023-06-18 02:59:19.489872472+00:00,,4,10.879999999999999,5,264.0
11948,Carlos,Ramirez,25.0,Desconocido,Basico,7,402.0,5,29.2,2023.0,2023-06-18 09:33:37.404351088+00:00,,5,29.2,7,402.0
11949,Luis,Lopez,65.0,Bogotá,Premium,2,108.0,9,46.89,2023.0,2023-06-18 16:07:55.318829712+00:00,,9,46.89,2,108.0
11950,Mariana,Ramirez,67.0,Desconocido,Basico,3,130.0,2,9.74,2023.0,2023-06-18 22:42:13.233308328+00:00,,2,9.74,3,130.0
11951,Luis,Ramirez,30.0,Desconocido,Basico,6,339.0,5,44.53,2023.0,2023-06-19 05:16:31.147786952+00:00,,5,44.53,6,339.0
11952,Mariana,Torres,32.0,Desconocido,Basico,3,158.0,5,23.369999999999997,2023.0,2023-06-19 11:50:49.062265568+00:00,,5,23.369999999999997,3,158.0
11953,Luis,Gomez,70.0,Bogotá,Basico,7,337.0,1,3.89,2023.0,2023-06-19 18:25:06.976744192+00:00,,1,3.89,7,337.0
11954,Mariana,Lopez,61.0,MTY,Basico,8,337.0,3,5.8100000000000005,2023.0,2023-06-20 00:59:24.891222808+00:00,,3,5.8100000000000005,8,337.0
11955,Luis,Torres,25.0,MTY,Premium,2,106.0,2,18.950000000000003,2023.0,2023-06-20 07:33:42.805701424+00:00,,2,18.950000000000003,2,106.0
11956,Luis,Gomez,27.0,CDMX,Basico,2,127.0,1,0.11,2023.0,2023-06-20 14:08:00.720180048+00:00,,1,0.11,2,127.0
11957,Luis,Ramirez,63.0,GDL,Premium,7,347.0,4,34.72,2023.0,2023-06-20 20:42:18.634658664+00:00,,4,34.72,7,347.0
11958,Luis,Ramirez,22.0,Medellín,Basico,9,418.0,3,16.25,2023.0,2023-06-21 03:16:36.549137288+00:00,,3,16.25,9,418.0
11959,Carlos,Torres,67.0,Medellín,Basico,5,285.0,3,10.34,2023.0,2023-06-21 09:50:54.463615904+00:00,2024-12-11 01:20:00+00:00,3,10.34,5,285.0
11960,Ana,Ramirez,36.0,Desconocido,Premium,4,151.0,4,15.399999999999999,2023.0,2023-06-21 16:25:12.378094528+00:00,,4,15.399999999999999,4,151.0
11961,Sofia,Garcia,64.0,CDMX,Basico,6,349.0,4,31.0,2023.0,2023-06-21 22:59:30.292573144+00:00,,4,31.0,6,349.0
11962,Mateo,Torres,55.0,CDMX,Basico,8,482.0,0,0.0,2023.0,2023-06-22 05:33:48.207051768+00:00,,0,0.0,8,482.0
11963,Sofia,Gomez,76.0,Cali,Basico,6,273.0,6,6.62,2023.0,2023-06-22 12:08:06.121530384+00:00,,6,6.62,6,273.0
11964,Sofia,Torres,28.0,MTY,Premium,3,87.0,7,43.49,2023.0,2023-06-22 18:42:24.036009008+00:00,,7,43.49,3,87.0
11965,Mariana,Lopez,70.0,CDMX,Basico,5,345.0,4,19.9,2023.0,2023-06-23 01:16:41.950487624+00:00,,4,19.9,5,345.0
11966,Ana,Torres,60.0,Desconocido,Basico,5,278.0,3,7.75,2023.0,2023-06-23 07:50:59.864966248+00:00,,3,7.75,5,278.0
11967,Mariana,Ramirez,37.0,Cali,Premium,5,182.0,7,55.41,2023.0,2023-06-23 14:25:17.779444864+00:00,,7,55.41,5,182.0
11968,Ana,Ramirez,37.0,Bogotá,Premium,2,154.0,5,14.08,2023.0,2023-06-23 20:59:35.693923480+00:00,,5,14.08,2,154.0
11969,Ana,Garcia,38.0,Cali,Basico,1,58.0,1,4.1,2023.0,2023-06-24 03:33:53.608402104+00:00,,1,4.1,1,58.0
11970,Luis,Garcia,35.0,Medellín,Basico,1,28.0,8,63.25,2023.0,2023-06-24 10:08:11.522880720+00:00,,8,63.25,1,34.0
11971,Carlos,Garcia,74.0,Cali,Premium,4,125.0,5,32.58,2023.0,2023-06-24 16:42:29.437359344+00:00,2024-09-29 22:46:40+00:00,5,32.58,4,125.0
11972,Luis,Gomez,67.0,Cali,Premium,6,329.0,7,32.32,2023.0,2023-06-24 23:16:47.351837960+00:00,2024-10-19 01:06:40+00:00,7,32.32,6,329.0
11973,Carlos,Garcia,27.0,CDMX,Basico,5,284.0,4,10.68,2023.0,2023-06-25 05:51:05.266316584+00:00,,4,10.68,5,284.0
11974,Mariana,Gomez,51.0,Medellín,Basico,4,191.0,8,28.34,2023.0,2023-06-25 12:25:23.180795200+00:00,,8,28.34,4,191.0
11975,Carlos,Garcia,43.0,CDMX,Premium,3,151.0,3,8.870000000000001,2023.0,2023-06-25 18:59:41.095273824+00:00,,3,8.870000000000001,3,151.0
11976,Mariana,Gomez,47.0,CDMX,Premium,8,402.0,4,21.25,2023.0,2023-06-26 01:33:59.009752440+00:00,,4,21.25,8,402.0
11977,Sofia,Torres,26.0,Desconocido,Premium,5,304.0,3,16.97,2023.0,2023-06-26 08:08:16.924231064+00:00,,3,16.97,5,304.0
11978,Sofia,Torres,63.0,Bogotá,Basico,5,231.0,6,31.5,2023.0,2023-06-26 14:42:34.838709680+00:00,,6,31.5,5,231.0
11979,Carlos,Ramirez,68.0,Medellín,Basico,7,385.0,0,0.0,2023.0,2023-06-26 21:16:52.753188296+00:00,,0,0.0,7,385.0
11980,Carlos,Gomez,48.0,Cali,Basico,11,567.0,6,18.57,2023.0,2023-06-27 03:51:10.667666920+00:00,,6,18.57,11,567.0
11981,Mariana,Lopez,59.0,Desconocido,Basico,2,90.0,3,39.89,2023.0,2023-06-27 10:25:28.582145536+00:00,,3,39.89,2,90.0
11982,Luis,Ramirez,72.0,Desconocido,Basico,3,205.0,1,5.09,2023.0,2023-06-27 16:59:46.496624160+00:00,,1,5.09,3,205.0
11983,Mariana,Torres,21.0,Bogotá,Basico,6,261.0,2,17.689999999999998,2023.0,2023-06-27 23:34:04.411102776+00:00,,2,17.689999999999998,6,261.0
11984,Luis,Gomez,78.0,MTY,Basico,6,215.0,6,41.03,2023.0,2023-06-28 06:08:22.325581400+00:00,,6,41.03,6,215.0
11985,Sofia,Garcia,78.0,CDMX,Basico,6,295.0,6,29.66,2023.0,2023-06-28 12:42:40.240060016+00:00,2024-08-13 23:00:00+00:00,6,29.66,6,295.0
11986,Ana,Lopez,23.0,Bogotá,Premium,6,333.0,5,13.77,2023.0,2023-06-28 19:16:58.154538640+00:00,,5,13.77,6,333.0
11987,Carlos,Torres,31.0,MTY,Premium,6,388.0,2,19.05,2023.0,2023-06-29 01:51:16.069017256+00:00,,2,19.05,6,388.0
11988,Luis,Ramirez,21.0,Bogotá,Premium,4,169.0,4,25.45,2023.0,2023-06-29 08:25:33.983495880+00:00,,4,25.45,4,169.0
11989,Mariana,Gomez,43.0,Medellín,Premium,8,500.0,2,15.899999999999999,2023.0,2023-06-29 14:59:51.897974496+00:00,,2,15.899999999999999,8,500.0
11990,Sofia,Lopez,64.0,Desconocido,Basico,4,198.0,0,0.0,2023.0,2023-06-29 21:34:09.812453112+00:00,,0,0.0,4,198.0
11991,Luis,Gomez,65.0,Medellín,Basico,4,199.0,9,49.67,2023.0,2023-06-30 04:08:27.726931736+00:00,,9,49.67,4,199.0
11992,Mariana,Garcia,56.0,Medellín,Basico,5,160.0,3,22.72,2023.0,2023-06-30 10:42:45.641410352+00:00,,3,22.72,5,160.0
11993,Carlos,Ramirez,34.0,MTY,Basico,4,232.0,3,24.3,2023.0,2023-06-30 17:17:03.555888976+00:00,,3,24.3,4,232.0
11994,Carlos,Gomez,36.0,CDMX,Premium,9,397.0,5,27.88,2023.0,2023-06-30 23:51:21.470367592+00:00,,5,27.88,9,397.0
11995,Mateo,Torres,78.0,GDL,Basico,5,245.0,2,8.04,2023.0,2023-07-01 06:25:39.384846216+00:00,,2,8.04,5,245.0
11996,Ana,Ramirez,68.0,Cali,Basico,6,325.0,3,9.59,2023.0,2023-07-01 12:59:57.299324832+00:00,,3,9.59,6,325.0
11997,Mateo,Torres,66.0,GDL,Basico,4,191.0,4,14.27,2023.0,2023-07-01 19:34:15.213803456+00:00,,4,14.27,4,191.0
11998,Sofia,Gomez,23.0,Medellín,Basico,4,183.0,4,15.34,2023.0,2023-07-02 02:08:33.128282072+00:00,,4,15.34,4,183.0
11999,Luis,Ramirez,48.0,Bogotá,Premium,3,226.0,6,59.68,2023.0,2023-07-02 08:42:51.042760696+00:00,2024-07-14 23:33:20+00:00,6,59.68,3,226.0
12000,Sofia,Torres,46.0,CDMX,Basico,10,490.0,1,3.04,2023.0,2023-07-02 15:17:08.957239312+00:00,2024-06-16 23:20:00+00:00,1,3.04,10,490.0
12001,Mariana,Garcia,28.0,GDL,Basico,3,169.0,6,28.979999999999997,2023.0,2023-07-02 21:51:26.871717936+00:00,2024-11-16 01:20:00+00:00,6,28.979999999999997,3,169.0
12002,Carlos,Garcia,33.0,Bogotá,Basico,2,92.0,5,28.19,2023.0,2023-07-03 04:25:44.786196552+00:00,,5,28.19,2,92.0
12003,Mateo,Gomez,47.0,Bogotá,Premium,5,219.0,4,9.04,2023.0,2023-07-03 11:00:02.700675168+00:00,,4,9.04,5,219.0
12004,Mateo,Ramirez,42.0,Cali,Basico,5,264.0,6,9.690000000000001,2023.0,2023-07-03 17:34:20.615153792+00:00,2024-12-14 23:46:40+00:00,6,9.690000000000001,5,264.0
12005,Mateo,Lopez,57.0,Medellín,Basico,3,171.0,7,31.22,2023.0,2023-07-04 00:08:38.529632408+00:00,,7,31.22,3,171.0
12006,Sofia,Ramirez,28.0,Bogotá,Basico,8,341.0,4,52.93,2023.0,2023-07-04 06:42:56.444111032+00:00,,4,52.93,8,341.0
12007,Carlos,Garcia,24.0,Cali,Basico,2,95.0,2,10.09,2023.0,2023-07-04 13:17:14.358589648+00:00,,2,10.09,2,95.0
12008,Luis,Torres,43.0,Bogotá,Basico,2,111.0,2,6.68,2023.0,2023-07-04 19:51:32.273068272+00:00,,2,6.68,2,111.0
12009,Mariana,Lopez,73.0,Desconocido,Premium,6,352.0,2,7.68,2023.0,2023-07-05 02:25:50.187546888+00:00,,2,7.68,6,352.0
12010,Luis,Gomez,39.0,GDL,Premium,8,456.0,5,15.77,2023.0,2023-07-05 09:00:08.102025512+00:00,2024-08-11 23:46:40+00:00,5,15.77,8,456.0
12011,Sofia,Lopez,42.0,Medellín,Premium,7,331.0,5,23.62,2023.0,2023-07-05 15:34:26.016504128+00:00,,5,23.62,7,331.0
12012,Mariana,Gomez,36.0,MTY,Basico,5,182.0,5,38.910000000000004,2023.0,2023-07-05 22:08:43.930982752+00:00,,5,38.910000000000004,5,182.0
12013,Mateo,Lopez,48.0,GDL,Basico,2,34.0,12,65.55,2023.0,2023-07-06 04:43:01.845461368+00:00,,10,65.55,2,34.0
12014,Ana,Gomez,43.0,GDL,Basico,3,148.0,5,8.46,2023.0,2023-07-06 11:17:19.759939984+00:00,,5,8.46,3,148.0
12015,Sofia,Gomez,59.0,Bogotá,Basico,6,263.0,7,21.47,2023.0,2023-07-06 17:51:37.674418608+00:00,,7,21.47,6,263.0
12016,Sofia,Lopez,58.0,GDL,Basico,9,537.0,2,2.08,2023.0,2023-07-07 00:25:55.588897224+00:00,2024-10-13 22:53:20+00:00,2,2.08,9,537.0
12017,Carlos,Lopez,53.0,GDL,Basico,6,333.0,10,88.45,2023.0,2023-07-07 07:00:13.503375848+00:00,,10,82.19759999999998,6,333.0
12018,Luis,Gomez,40.0,Desconocido,Premium,6,315.0,4,37.78,2023.0,2023-07-07 13:34:31.417854464+00:00,,4,37.78,6,315.0
12019,Sofia,Garcia,64.0,Cali,Premium,5,236.0,5,25.669999999999998,2023.0,2023-07-07 20:08:49.332333088+00:00,,5,25.669999999999998,5,236.0
12020,Sofia,Lopez,30.0,Medellín,Premium,6,219.0,3,7.1899999999999995,2023.0,2023-07-08 02:43:07.246811704+00:00,,3,7.1899999999999995,6,219.0
12021,Mateo,Ramirez,42.0,Cali,Premium,7,362.0,4,8.549999999999999,2023.0,2023-07-08 09:17:25.161290328+00:00,,4,8.549999999999999,7,362.0
12022,Mateo,Torres,19.0,Desconocido,Basico,3,153.0,2,13.76,2023.0,2023-07-08 15:51:43.075768944+00:00,,2,13.76,3,153.0
12023,Mariana,Gomez,19.0,Bogotá,Basico,6,376.0,5,31.78,2023.0,2023-07-08 22:26:00.990247568+00:00,,5,31.78,6,376.0
12024,Ana,Gomez,33.0,GDL,Basico,9,461.0,3,6.430000000000001,2023.0,2023-07-09 05:00:18.904726184+00:00,,3,6.430000000000001,9,461.0
12025,Carlos,Torres,26.0,Desconocido,Basico,7,427.0,5,24.55,2023.0,2023-07-09 11:34:36.819204800+00:00,,5,24.55,7,427.0
12026,Ana,Garcia,45.0,Medellín,Basico,15,759.0,3,9.48,2023.0,2023-07-09 18:08:54.733683424+00:00,,3,9.48,12,724.02
12027,Mariana,Torres,30.0,Bogotá,Basico,2,102.0,8,29.04,2023.0,2023-07-10 00:43:12.648162040+00:00,,8,29.04,2,102.0
12028,Mateo,Lopez,52.0,Bogotá,Basico,4,181.0,6,41.92,2023.0,2023-07-10 07:17:30.562640664+00:00,,6,41.92,4,181.0
12029,Luis,Torres,58.0,Bogotá,Premium,6,245.0,2,6.17,2023.0,2023-07-10 13:51:48.477119280+00:00,,2,6.17,6,245.0
12030,Mateo,Gomez,30.0,Desconocido,Premium,7,320.0,4,21.13,2023.0,2023-07-10 20:26:06.391597904+00:00,2024-12-25 23:40:00+00:00,4,21.13,7,320.0
12031,Carlos,Torres,48.0,MTY,Basico,6,293.0,8,61.22,2023.0,2023-07-11 03:00:24.306076520+00:00,,8,61.22,6,293.0
12032,Mateo,Ramirez,38.0,Desconocido,Basico,4,270.0,4,18.369999999999997,2023.0,2023-07-11 09:34:42.220555144+00:00,,4,18.369999999999997,4,270.0
12033,Carlos,Lopez,49.0,Desconocido,Basico,5,232.0,6,16.43,2023.0,2023-07-11 16:09:00.135033760+00:00,,6,16.43,5,232.0
12034,Carlos,Torres,71.0,Medellín,Premium,9,347.0,3,14.12,2023.0,2023-07-11 22:43:18.049512384+00:00,,3,14.12,9,347.0
12035,Carlos,Gomez,51.0,Bogotá,Basico,7,328.0,6,28.04,2023.0,2023-07-12 05:17:35.963991+00:00,,6,28.04,7,328.0
12036,Mariana,Lopez,25.0,MTY,Premium,5,208.0,5,54.11,2023.0,2023-07-12 11:51:53.878469624+00:00,2024-06-02 01:00:00+00:00,5,54.11,5,208.0
12037,Carlos,Gomez,76.0,CDMX,Basico,2,78.0,3,32.28,2023.0,2023-07-12 18:26:11.792948240+00:00,,3,32.28,2,78.0
12038,Carlos,Garcia,58.0,CDMX,Basico,3,158.0,8,34.55,2023.0,2023-07-13 01:00:29.707426856+00:00,,8,34.55,3,158.0
12039,Luis,Ramirez,65.0,Cali,Basico,6,338.0,5,25.22,2023.0,2023-07-13 07:34:47.621905480+00:00,,5,25.22,6,338.0
12040,Ana,Garcia,19.0,Bogotá,Basico,5,223.0,3,10.09,2023.0,2023-07-13 14:09:05.536384096+00:00,2024-12-30 00:53:20+00:00,3,10.09,5,223.0
12041,Sofia,Ramirez,55.0,CDMX,Basico,6,357.0,8,25.8,2023.0,2023-07-13 20:43:23.450862720+00:00,,8,25.8,6,357.0
12042,Ana,Torres,49.0,GDL,Premium,4,231.0,5,30.59,2023.0,2023-07-14 03:17:41.365341336+00:00,,5,30.59,4,231.0
12043,Carlos,Lopez,71.0,Desconocido,Basico,7,307.0,1,1.59,2023.0,2023-07-14 09:51:59.279819960+00:00,,1,1.59,7,307.0
12044,Luis,Torres,57.0,MTY,Basico,12,606.0,4,16.46,2023.0,2023-07-14 16:26:17.194298576+00:00,,4,16.46,12,606.0
12045,Mateo,Ramirez,75.0,Desconocido,Premium,5,244.0,4,11.600000000000001,2023.0,2023-07-14 23:00:35.108777200+00:00,,4,11.600000000000001,5,244.0
12046,Luis,Ramirez,45.0,MTY,Basico,4,157.0,4,32.56,2023.0,2023-07-15 05:34:53.023255816+00:00,2024-07-11 23:20:00+00:00,4,32.56,4,157.0
12047,Carlos,Ramirez,54.0,Bogotá,Basico,3,157.0,3,2.85,2023.0,2023-07-15 12:09:10.937734440+00:00,2024-11-02 23:26:40+00:00,3,2.85,3,157.0
12048,Luis,Gomez,58.0,CDMX,Basico,3,188.0,5,12.68,2023.0,2023-07-15 18:43:28.852213056+00:00,,5,12.68,3,188.0
12049,Luis,Lopez,18.0,Bogotá,Premium,1,43.0,7,38.91,2023.0,2023-07-16 01:17:46.766691672+00:00,,7,38.91,1,43.0
12050,Carlos,Torres,58.0,Medellín,Basico,4,230.0,5,18.380000000000003,2023.0,2023-07-16 07:52:04.681170296+00:00,,5,18.380000000000003,4,230.0
12051,Mariana,Torres,27.0,GDL,Basico,5,269.0,9,41.92,2023.0,2023-07-16 14:26:22.595648912+00:00,,9,41.92,5,269.0
12052,Luis,Garcia,72.0,Bogotá,Premium,5,335.0,8,39.47,2023.0,2023-07-16 21:00:40.510127536+00:00,,8,39.47,5,335.0
12053,Sofia,Ramirez,21.0,Medellín,Premium,3,152.0,2,11.350000000000001,2023.0,2023-07-17 03:34:58.424606152+00:00,,2,11.350000000000001,3,152.0
12054,Sofia,Ramirez,52.0,Medellín,Basico,8,536.0,6,58.97,2023.0,2023-07-17 10:09:16.339084776+00:00,2024-09-19 23:53:20+00:00,6,58.97,8,536.0
12055,Luis,Ramirez,79.0,Cali,Premium,4,1653.0,8,56.11,,,,8,56.11,4,724.02
12056,Mariana,Torres,27.0,MTY,Basico,6,279.0,6,43.28,2023.0,2023-07-17 23:17:52.168042016+00:00,,6,43.28,6,279.0
12057,Mateo,Garcia,64.0,Bogotá,Premium,8,339.0,3,12.21,2023.0,2023-07-18 05:52:10.082520632+00:00,,3,12.21,8,339.0
12058,Carlos,Gomez,28.0,Desconocido,Basico,0,0.0,1,1.85,2023.0,2023-07-18 12:26:27.996999256+00:00,,1,1.85,1,34.0
12059,Sofia,Lopez,31.0,Desconocido,Premium,4,178.0,8,37.42,2023.0,2023-07-18 19:00:45.911477872+00:00,,8,37.42,4,178.0
12060,Mateo,Gomez,55.0,Desconocido,Basico,5,210.0,4,23.520000000000003,2023.0,2023-07-19 01:35:03.825956488+00:00,2024-11-27 01:13:20+00:00,4,23.520000000000003,5,210.0
12061,Luis,Torres,29.0,MTY,Premium,12,595.0,3,14.51,2023.0,2023-07-19 08:09:21.740435112+00:00,2024-08-29 00:06:40+00:00,3,14.51,12,595.0
12062,Mateo,Ramirez,62.0,Cali,Basico,7,292.0,3,8.43,2023.0,2023-07-19 14:43:39.654913728+00:00,,3,8.43,7,292.0
12063,Ana,Lopez,34.0,Medellín,Basico,9,422.0,4,11.25,2023.0,2023-07-19 21:17:57.569392352+00:00,,4,11.25,9,422.0
12064,Sofia,Torres,33.0,CDMX,Basico,4,220.0,1,16.9,2023.0,2023-07-20 03:52:15.483870968+00:00,,1,16.9,4,220.0
12065,Luis,Torres,52.0,Cali,Premium,4,188.0,4,20.85,2023.0,2023-07-20 10:26:33.398349592+00:00,,4,20.85,4,188.0
12066,Carlos,Torres,19.0,Medellín,Premium,10,518.0,8,43.230000000000004,2023.0,2023-07-20 17:00:51.312828208+00:00,2024-11-27 23:26:40+00:00,8,43.230000000000004,10,518.0
12067,Mariana,Lopez,28.0,GDL,Basico,5,188.0,2,5.91,2023.0,2023-07-20 23:35:09.227306832+00:00,,2,5.91,5,188.0
12068,Luis,Lopez,78.0,CDMX,Premium,2,91.0,5,27.910000000000004,2023.0,2023-07-21 06:09:27.141785448+00:00,,5,27.910000000000004,2,91.0
12069,Carlos,Garcia,58.0,Cali,Basico,8,469.0,7,27.220000000000002,2023.0,2023-07-21 12:43:45.056264072+00:00,2024-10-27 00:46:40+00:00,7,27.220000000000002,8,469.0
12070,Mariana,Garcia,20.0,CDMX,Premium,6,280.0,6,27.13,2023.0,2023-07-21 19:18:02.970742688+00:00,,6,27.13,6,280.0
12071,Mariana,Gomez,46.0,CDMX,Premium,2,79.0,3,4.88,2023.0,2023-07-22 01:52:20.885221312+00:00,,3,4.88,2,79.0
12072,Luis,Lopez,35.0,Bogotá,Basico,5,300.0,6,29.57,2023.0,2023-07-22 08:26:38.799699928+00:00,,6,29.57,5,300.0
12073,Mateo,Lopez,37.0,CDMX,Premium,6,272.0,6,17.14,2023.0,2023-07-22 15:00:56.714178544+00:00,,6,17.14,6,272.0
12074,Mateo,Lopez,64.0,Desconocido,Basico,9,468.0,3,16.86,2023.0,2023-07-22 21:35:14.628657168+00:00,,3,16.86,9,468.0
12075,Mariana,Garcia,31.0,Bogotá,Basico,10,423.0,2,11.51,2023.0,2023-07-23 04:09:32.543135784+00:00,,2,11.51,10,423.0
12076,Mateo,Torres,51.0,Bogotá,Premium,8,468.0,4,10.28,2023.0,2023-07-23 10:43:50.457614408+00:00,,4,10.28,8,468.0
12077,Ana,Ramirez,66.0,Desconocido,Premium,8,378.0,10,21.03,2023.0,2023-07-23 17:18:08.372093024+00:00,,10,21.03,8,378.0
12078,Mariana,Garcia,71.0,Bogotá,Basico,9,421.0,7,52.11,2023.0,2023-07-23 23:52:26.286571648+00:00,,7,52.11,9,421.0
12079,Mariana,Lopez,48.0,MTY,Basico,7,360.0,3,5.16,2023.0,2023-07-24 06:26:44.201050264+00:00,,3,5.16,7,360.0
12080,Carlos,Garcia,75.0,Cali,Premium,6,271.0,1,3.38,2023.0,2023-07-24 13:01:02.115528888+00:00,,1,3.38,6,271.0
12081,Mateo,Gomez,57.0,Bogotá,Basico,8,472.0,1,4.15,2023.0,2023-07-24 19:35:20.030007504+00:00,,1,4.15,8,472.0
12082,Mariana,Lopez,59.0,MTY,Premium,5,249.0,10,57.04,2023.0,2023-07-25 02:09:37.944486128+00:00,,10,57.04,5,249.0
12083,Ana,Gomez,75.0,Medellín,Premium,7,336.0,4,10.44,2023.0,2023-07-25 08:43:55.858964744+00:00,,4,10.44,7,336.0
12084,Carlos,Lopez,35.0,Cali,Basico,8,463.0,9,64.54,2023.0,2023-07-25 15:18:13.773443360+00:00,2024-06-27 01:00:00+00:00,9,64.54,8,463.0
12085,Luis,Garcia,47.0,Cali,Basico,4,197.0,2,20.65,2023.0,2023-07-25 21:52:31.687921984+00:00,,2,20.65,4,197.0
12086,Mariana,Torres,42.0,Desconocido,Basico,5,270.0,6,24.299999999999997,2023.0,2023-07-26 04:26:49.602400600+00:00,2024-12-11 01:20:00+00:00,6,24.299999999999997,5,270.0
12087,Ana,Ramirez,48.0,Cali,Basico,6,234.0,3,23.5,2023.0,2023-07-26 11:01:07.516879224+00:00,,3,23.5,6,234.0
12088,Sofia,Gomez,78.0,Cali,Premium,5,209.0,2,0.8099999999999999,2023.0,2023-07-26 17:35:25.431357840+00:00,,2,0.8099999999999999,5,209.0
12089,Ana,Garcia,36.0,Desconocido,Premium,6,319.0,4,7.43,2023.0,2023-07-27 00:09:43.345836464+00:00,2024-12-05 00:53:20+00:00,4,7.43,6,319.0
12090,Ana,Torres,25.0,CDMX,Basico,4,226.0,4,17.47,2023.0,2023-07-27 06:44:01.260315080+00:00,,4,17.47,4,226.0
12091,Carlos,Garcia,45.0,MTY,Basico,6,309.0,3,21.75,2023.0,2023-07-27 13:18:19.174793704+00:00,,3,21.75,6,309.0
12092,Luis,Gomez,25.0,Medellín,Basico,4,185.0,6,49.28,2023.0,2023-07-27 19:52:37.089272320+00:00,2024-08-08 01:20:00+00:00,6,49.28,4,185.0
12093,Sofia,Ramirez,48.0,Bogotá,Premium,5,254.0,4,14.15,,,,4,14.15,5,254.0
12094,Mateo,Garcia,20.0,CDMX,Premium,5,315.0,6,42.870000000000005,2023.0,2023-07-28 09:01:12.918229560+00:00,,6,42.870000000000005,5,315.0
12095,Mateo,Lopez,20.0,MTY,Premium,7,317.0,1,0.02,2023.0,2023-07-28 15:35:30.832708176+00:00,2024-09-07 00:46:40+00:00,1,0.02,7,317.0
12096,Ana,Torres,61.0,MTY,Basico,4,132.0,4,19.32,2023.0,2023-07-28 22:09:48.747186800+00:00,,4,19.32,4,132.0
12097,Carlos,Garcia,48.0,Bogotá,Premium,7,297.0,4,30.79,2023.0,2023-07-29 04:44:06.661665416+00:00,2024-12-11 23:33:20+00:00,4,30.79,7,297.0
12098,Carlos,Torres,39.0,Cali,Basico,7,233.0,12,83.06,2023.0,2023-07-29 11:18:24.576144040+00:00,,10,82.19759999999998,7,233.0
12099,Mateo,Lopez,34.0,Desconocido,Premium,7,1913.0,5,39.82,2023.0,2023-07-29 17:52:42.490622656+00:00,,5,39.82,7,724.02
12100,Sofia,Ramirez,53.0,Cali,Premium,3,183.0,5,28.939999999999998,2023.0,2023-07-30 00:27:00.405101280+00:00,,5,28.939999999999998,3,183.0
12101,Luis,Ramirez,34.0,Cali,Premium,3,138.0,2,3.95,2023.0,2023-07-30 07:01:18.319579896+00:00,,2,3.95,3,138.0
12102,Sofia,Lopez,31.0,Bogotá,Basico,6,216.0,4,16.490000000000002,2023.0,2023-07-30 13:35:36.234058520+00:00,,4,16.490000000000002,6,216.0
12103,Mariana,Torres,68.0,MTY,Basico,8,330.0,5,14.55,2023.0,2023-07-30 20:09:54.148537136+00:00,,5,14.55,8,330.0
12104,Mariana,Garcia,26.0,MTY,Basico,8,357.0,2,2.5,2023.0,2023-07-31 02:44:12.063015760+00:00,,2,2.5,8,357.0
12105,Luis,Lopez,79.0,Medellín,Premium,6,309.0,9,36.1,2023.0,2023-07-31 09:18:29.977494376+00:00,,9,36.1,6,309.0
12106,Mateo,Gomez,47.0,CDMX,Basico,3,190.0,4,14.02,2023.0,2023-07-31 15:52:47.891973+00:00,2024-06-10 22:53:20+00:00,4,14.02,3,190.0
12107,Luis,Torres,38.0,Bogotá,Basico,6,286.0,5,35.22,2023.0,2023-07-31 22:27:05.806451616+00:00,2024-10-11 23:40:00+00:00,5,35.22,6,286.0
12108,Carlos,Ramirez,29.0,Medellín,Basico,7,372.0,4,21.2,2023.0,2023-08-01 05:01:23.720930232+00:00,,4,21.2,7,372.0
12109,Mariana,Lopez,54.0,Bogotá,Premium,8,417.0,3,15.34,2023.0,2023-08-01 11:35:41.635408856+00:00,,3,15.34,8,417.0
12110,Ana,Ramirez,49.0,Desconocido,Basico,6,315.0,2,11.870000000000001,2023.0,2023-08-01 18:09:59.549887472+00:00,,2,11.870000000000001,6,315.0
12111,Ana,Torres,28.0,Medellín,Premium,7,354.0,2,11.91,,,,2,11.91,7,354.0
12112,Mateo,Ramirez,37.0,GDL,Premium,5,271.0,6,20.26,2023.0,2023-08-02 07:18:35.378844712+00:00,,6,20.26,5,271.0
12113,Carlos,Lopez,52.0,Bogotá,Premium,9,595.0,4,23.259999999999998,2023.0,2023-08-02 13:52:53.293323336+00:00,2024-12-24 00:26:40+00:00,4,23.259999999999998,9,595.0
12114,Sofia,Torres,70.0,Medellín,Basico,5,230.0,4,13.11,2023.0,2023-08-02 20:27:11.207801952+00:00,,4,13.11,5,230.0
12115,Carlos,Gomez,64.0,MTY,Premium,3,127.0,1,11.69,2023.0,2023-08-03 03:01:29.122280576+00:00,2024-10-22 23:33:20+00:00,1,11.69,3,127.0
12116,Ana,Lopez,63.0,CDMX,Basico,4,220.0,5,36.67,2023.0,2023-08-03 09:35:47.036759192+00:00,,5,36.67,4,220.0
12117,Ana,Garcia,28.0,Bogotá,Basico,5,214.0,3,2.6,2023.0,2023-08-03 16:10:04.951237816+00:00,,3,2.6,5,214.0
12118,Mariana,Lopez,69.0,Desconocido,Basico,7,291.0,2,16.8,2023.0,2023-08-03 22:44:22.865716432+00:00,,2,16.8,7,291.0
12119,Carlos,Torres,25.0,Bogotá,Basico,8,384.0,6,49.76,2023.0,2023-08-04 05:18:40.780195048+00:00,,6,49.76,8,384.0
12120,Carlos,Lopez,21.0,Desconocido,Basico,3,170.0,4,19.12,2023.0,2023-08-04 11:52:58.694673672+00:00,,4,19.12,3,170.0
12121,Ana,Gomez,44.0,Cali,Basico,4,185.0,5,15.719999999999999,2023.0,2023-08-04 18:27:16.609152288+00:00,,5,15.719999999999999,4,185.0
12122,Sofia,Gomez,61.0,CDMX,Basico,5,277.0,3,16.740000000000002,2023.0,2023-08-05 01:01:34.523630912+00:00,,3,16.740000000000002,5,277.0
12123,Mateo,Garcia,57.0,Medellín,Basico,7,364.0,2,2.5,2023.0,2023-08-05 07:35:52.438109528+00:00,,2,2.5,7,364.0
12124,Mateo,Ramirez,55.0,Bogotá,Basico,8,639.0,7,28.87,2023.0,2023-08-05 14:10:10.352588152+00:00,,7,28.87,8,639.0
12125,Carlos,Torres,64.0,GDL,Basico,6,272.0,9,30.75,2023.0,2023-08-05 20:44:28.267066768+00:00,,9,30.75,6,272.0
12126,Mateo,Torres,47.0,Medellín,Premium,8,395.0,4,52.21,2023.0,2023-08-06 03:18:46.181545392+00:00,,4,52.21,8,395.0
12127,Ana,Ramirez,61.0,Medellín,Basico,5,367.0,6,23.52,2023.0,2023-08-06 09:53:04.096024008+00:00,,6,23.52,5,367.0
12128,Ana,Gomez,65.0,CDMX,Basico,3,82.0,2,13.65,2023.0,2023-08-06 16:27:22.010502632+00:00,2024-08-10 00:33:20+00:00,2,13.65,3,82.0
12129,Carlos,Gomez,65.0,Desconocido,Basico,1,41.0,8,33.74,2023.0,2023-08-06 23:01:39.924981248+00:00,,8,33.74,1,41.0
12130,Carlos,Lopez,44.0,Cali,Basico,3,227.0,6,30.560000000000002,2023.0,2023-08-07 05:35:57.839459864+00:00,,6,30.560000000000002,3,227.0
12131,Mariana,Garcia,38.0,Desconocido,Basico,7,434.0,4,12.64,2023.0,2023-08-07 12:10:15.753938488+00:00,,4,12.64,7,434.0
12132,Carlos,Garcia,69.0,MTY,Basico,5,254.0,2,2.31,2023.0,2023-08-07 18:44:33.668417104+00:00,,2,2.31,5,254.0
12133,Sofia,Garcia,37.0,Desconocido,Premium,9,363.0,3,7.65,2023.0,2023-08-08 01:18:51.582895728+00:00,,3,7.65,9,363.0
12134,Mateo,Lopez,77.0,MTY,Premium,3,188.0,6,20.3,2023.0,2023-08-08 07:53:09.497374344+00:00,,6,20.3,3,188.0
12135,Carlos,Garcia,21.0,CDMX,Premium,5,258.0,4,31.189999999999998,2023.0,2023-08-08 14:27:27.411852968+00:00,,4,31.189999999999998,5,258.0
12136,Luis,Ramirez,28.0,Cali,Premium,4,204.0,2,0.9299999999999999,2023.0,2023-08-08 21:01:45.326331584+00:00,,2,0.9299999999999999,4,204.0
12137,Mariana,Lopez,30.0,Medellín,Premium,9,429.0,3,13.969999999999999,2023.0,2023-08-09 03:36:03.240810208+00:00,,3,13.969999999999999,9,429.0
12138,Luis,Ramirez,78.0,Bogotá,Premium,3,209.0,1,3.5,2023.0,2023-08-09 10:10:21.155288824+00:00,,1,3.5,3,209.0
12139,Ana,Lopez,26.0,Bogotá,Premium,4,223.0,6,26.25,2023.0,2023-08-09 16:44:39.069767448+00:00,,6,26.25,4,223.0
12140,Mateo,Garcia,21.0,CDMX,Basico,9,398.0,4,21.78,2023.0,2023-08-09 23:18:56.984246064+00:00,2024-12-25 23:40:00+00:00,4,21.78,9,398.0
12141,Carlos,Ramirez,29.0,Medellín,Basico,9,480.0,2,1.13,2023.0,2023-08-10 05:53:14.898724688+00:00,,2,1.13,9,480.0
12142,Luis,Ramirez,26.0,Bogotá,Basico,2,101.0,5,35.96,2023.0,2023-08-10 12:27:32.813203304+00:00,,5,35.96,2,101.0
12143,Mateo,Ramirez,30.0,Bogotá,Basico,6,264.0,2,9.95,2023.0,2023-08-10 19:01:50.727681920+00:00,,2,9.95,6,264.0
12144,Ana,Lopez,65.0,Bogotá,Premium,6,267.0,4,14.98,2023.0,2023-08-11 01:36:08.642160544+00:00,,4,14.98,6,267.0
12145,Sofia,Torres,43.0,Desconocido,Basico,5,259.0,4,14.540000000000001,2023.0,2023-08-11 08:10:26.556639160+00:00,,4,14.540000000000001,5,259.0
12146,Mariana,Garcia,55.0,Medellín,Premium,9,500.0,4,34.44,2023.0,2023-08-11 14:44:44.471117784+00:00,,4,34.44,9,500.0
12147,Mateo,Ramirez,59.0,Medellín,Basico,5,200.0,2,13.22,2023.0,2023-08-11 21:19:02.385596400+00:00,2024-10-05 01:00:00+00:00,2,13.22,5,200.0
12148,Mateo,Torres,30.0,Desconocido,Basico,7,360.0,2,5.32,2023.0,2023-08-12 03:53:20.300075024+00:00,,2,5.32,7,360.0
12149,Sofia,Garcia,56.0,Bogotá,Basico,5,319.0,1,10.18,2023.0,2023-08-12 10:27:38.214553640+00:00,,1,10.18,5,319.0
12150,Mateo,Garcia,45.0,CDMX,Basico,1,34.0,6,46.190000000000005,2023.0,2023-08-12 17:01:56.129032264+00:00,,6,46.190000000000005,1,34.0
12151,Ana,Ramirez,75.0,CDMX,Basico,4,226.0,6,47.22,2023.0,2023-08-12 23:36:14.043510880+00:00,,6,47.22,4,226.0
12152,Ana,Ramirez,36.0,Medellín,Basico,7,408.0,4,8.37,2023.0,2023-08-13 06:10:31.957989504+00:00,,4,8.37,7,408.0
12153,Sofia,Lopez,41.0,GDL,Basico,5,275.0,2,0.06,2023.0,2023-08-13 12:44:49.872468120+00:00,,2,0.06,5,275.0
12154,Mariana,Torres,36.0,Bogotá,Basico,4,149.0,3,24.990000000000002,2023.0,2023-08-13 19:19:07.786946736+00:00,,3,24.990000000000002,4,149.0
12155,Carlos,Torres,66.0,GDL,Basico,7,416.0,4,23.32,2023.0,2023-08-14 01:53:25.701425360+00:00,,4,23.32,7,416.0
12156,Luis,Ramirez,30.0,GDL,Basico,7,263.0,3,10.040000000000001,2023.0,2023-08-14 08:27:43.615903976+00:00,,3,10.040000000000001,7,263.0
12157,Carlos,Garcia,30.0,Bogotá,Basico,4,94.0,8,37.86,2023.0,2023-08-14 15:02:01.530382600+00:00,,8,37.86,4,94.0
12158,Mateo,Ramirez,75.0,Desconocido,Basico,4,215.0,2,3.4899999999999998,2023.0,2023-08-14 21:36:19.444861216+00:00,,2,3.4899999999999998,4,215.0
12159,Luis,Garcia,45.0,Medellín,Basico,6,345.0,2,3.05,2023.0,2023-08-15 04:10:37.359339840+00:00,,2,3.05,6,345.0
12160,Sofia,Garcia,70.0,Desconocido,Basico,8,301.0,3,6.859999999999999,2023.0,2023-08-15 10:44:55.273818456+00:00,,3,6.859999999999999,8,301.0
12161,Sofia,Ramirez,19.0,Desconocido,Basico,10,572.0,2,40.55,2023.0,2023-08-15 17:19:13.188297080+00:00,2024-09-05 23:46:40+00:00,2,40.55,10,572.0
12162,Mariana,Gomez,27.0,GDL,Basico,10,506.0,10,41.24,,,,10,41.24,10,506.0
12163,Luis,Torres,79.0,MTY,Premium,9,342.0,0,0.0,2023.0,2023-08-16 06:27:49.017254320+00:00,,0,0.0,9,342.0
12164,Ana,Garcia,39.0,Cali,Basico,5,248.0,5,11.6,2023.0,2023-08-16 13:02:06.931732936+00:00,,5,11.6,5,248.0
12165,Luis,Garcia,30.0,Desconocido,Basico,7,325.0,3,3.18,2023.0,2023-08-16 19:36:24.846211552+00:00,,3,3.18,7,325.0
12166,Mateo,Gomez,75.0,Bogotá,Basico,8,392.0,2,34.43,2023.0,2023-08-17 02:10:42.760690176+00:00,,2,34.43,8,392.0
12167,Ana,Lopez,26.0,Desconocido,Basico,8,418.0,2,28.130000000000003,2023.0,2023-08-17 08:45:00.675168792+00:00,,2,28.130000000000003,8,418.0
12168,Sofia,Gomez,50.0,CDMX,Basico,3,145.0,4,25.46,2023.0,2023-08-17 15:19:18.589647416+00:00,,4,25.46,3,145.0
12169,Luis,Gomez,31.0,GDL,Premium,7,353.0,5,33.57,2023.0,2023-08-17 21:53:36.504126032+00:00,,5,33.57,7,353.0
12170,Carlos,Garcia,78.0,Medellín,Premium,3,155.0,8,48.209999999999994,2023.0,2023-08-18 04:27:54.418604656+00:00,,8,48.209999999999994,3,155.0
12171,Mariana,Torres,65.0,Bogotá,Basico,9,430.0,3,11.26,2023.0,2023-08-18 11:02:12.333083272+00:00,,3,11.26,9,430.0
12172,Carlos,Gomez,37.0,CDMX,Premium,6,283.0,9,47.4,2023.0,2023-08-18 17:36:30.247561896+00:00,2024-07-30 22:53:20+00:00,9,47.4,6,283.0
12173,Mariana,Lopez,32.0,MTY,Basico,4,267.0,5,7.15,2023.0,2023-08-19 00:10:48.162040512+00:00,,5,7.15,4,267.0
12174,Mateo,Ramirez,49.0,CDMX,Basico,7,355.0,6,15.05,2023.0,2023-08-19 06:45:06.076519136+00:00,,6,15.05,7,355.0
12175,Carlos,Gomez,50.0,Medellín,Premium,6,326.0,8,47.709999999999994,2023.0,2023-08-19 13:19:23.990997752+00:00,,8,47.709999999999994,6,326.0
12176,Luis,Gomez,34.0,Desconocido,Premium,13,728.0,7,46.879999999999995,2023.0,2023-08-19 19:53:41.905476368+00:00,,7,46.879999999999995,12,724.02
12177,Luis,Lopez,41.0,Desconocido,Basico,7,372.0,4,15.569999999999999,2023.0,2023-08-20 02:27:59.819954992+00:00,,4,15.569999999999999,7,372.0
12178,Carlos,Torres,47.0,Medellín,Basico,6,369.0,5,11.99,2023.0,2023-08-20 09:02:17.734433608+00:00,,5,11.99,6,369.0
12179,Luis,Gomez,79.0,Bogotá,Basico,4,216.0,0,0.0,2023.0,2023-08-20 15:36:35.648912232+00:00,2024-11-01 00:13:20+00:00,0,0.0,4,216.0
12180,Mateo,Gomez,30.0,Bogotá,Basico,7,252.0,7,26.599999999999998,2023.0,2023-08-20 22:10:53.563390848+00:00,,7,26.599999999999998,7,252.0
12181,Ana,Torres,79.0,CDMX,Basico,8,388.0,6,7.129999999999999,2023.0,2023-08-21 04:45:11.477869472+00:00,,6,7.129999999999999,8,388.0
12182,Mateo,Lopez,76.0,MTY,Basico,7,345.0,5,21.34,2023.0,2023-08-21 11:19:29.392348088+00:00,2024-07-21 00:00:00+00:00,5,21.34,7,345.0
12183,Mariana,Gomez,64.0,GDL,Basico,5,257.0,2,19.93,2023.0,2023-08-21 17:53:47.306826712+00:00,,2,19.93,5,257.0
12184,Mateo,Torres,65.0,Cali,Premium,7,400.0,5,15.86,,,,5,15.86,7,400.0
12185,Mariana,Gomez,33.0,Desconocido,Basico,7,368.0,4,5.93,2023.0,2023-08-22 07:02:23.135783952+00:00,,4,5.93,7,368.0
12186,Luis,Ramirez,19.0,Bogotá,Premium,3,150.0,5,12.17,2023.0,2023-08-22 13:36:41.050262568+00:00,,5,12.17,3,150.0
12187,Ana,Garcia,34.0,Medellín,Basico,7,334.0,6,19.16,2023.0,2023-08-22 20:10:58.964741192+00:00,,6,19.16,7,334.0
12188,Luis,Ramirez,49.0,CDMX,Premium,9,328.0,6,41.35,2023.0,2023-08-23 02:45:16.879219808+00:00,,6,41.35,9,328.0
12189,Sofia,Gomez,60.0,Medellín,Basico,8,317.0,5,29.13,2023.0,2023-08-23 09:19:34.793698424+00:00,,5,29.13,8,317.0
12190,Luis,Lopez,25.0,Medellín,Basico,5,197.0,4,15.809999999999999,2023.0,2023-08-23 15:53:52.708177048+00:00,,4,15.809999999999999,5,197.0
12191,Mariana,Garcia,69.0,Bogotá,Premium,8,404.0,3,6.720000000000001,2023.0,2023-08-23 22:28:10.622655664+00:00,,3,6.720000000000001,8,404.0
12192,Luis,Ramirez,20.0,GDL,Basico,3,114.0,2,11.1,2023.0,2023-08-24 05:02:28.537134288+00:00,,2,11.1,3,114.0
12193,Luis,Torres,78.0,Desconocido,Basico,12,661.0,6,40.01,2023.0,2023-08-24 11:36:46.451612904+00:00,,6,40.01,12,661.0
12194,Ana,Lopez,29.0,Medellín,Basico,5,241.0,3,11.219999999999999,2023.0,2023-08-24 18:11:04.366091528+00:00,,3,11.219999999999999,5,241.0
12195,Luis,Ramirez,37.0,Desconocido,Basico,5,242.0,4,21.27,2023.0,2023-08-25 00:45:22.280570144+00:00,,4,21.27,5,242.0
12196,Ana,Torres,33.0,Cali,Basico,7,276.0,3,10.72,2023.0,2023-08-25 07:19:40.195048768+00:00,,3,10.72,7,276.0
12197,Carlos,Gomez,31.0,Desconocido,Basico,4,286.0,6,31.66,2023.0,2023-08-25 13:53:58.109527384+00:00,,6,31.66,4,286.0
12198,Sofia,Torres,33.0,GDL,Premium,6,249.0,3,13.9,2023.0,2023-08-25 20:28:16.024006008+00:00,,3,13.9,6,249.0
12199,Ana,Ramirez,76.0,CDMX,Basico,6,380.0,8,32.63,2023.0,2023-08-26 03:02:33.938484624+00:00,,8,32.63,6,380.0
12200,Mariana,Ramirez,70.0,MTY,Basico,4,187.0,1,2.55,,,,1,2.55,4,187.0
12201,Carlos,Gomez,66.0,CDMX,Premium,5,254.0,11,75.28,2023.0,2023-08-26 16:11:09.767441864+00:00,,10,75.28,5,254.0
12202,Ana,Torres,48.0,Bogotá,Basico,5,249.0,4,41.129999999999995,2023.0,2023-08-26 22:45:27.681920480+00:00,,4,41.129999999999995,5,249.0
12203,Ana,Torres,79.0,Medellín,Basico,8,497.0,2,6.62,2023.0,2023-08-27 05:19:45.596399104+00:00,,2,6.62,8,497.0
12204,Sofia,Gomez,60.0,Bogotá,Basico,7,294.0,1,2.79,2023.0,2023-08-27 11:54:03.510877720+00:00,,1,2.79,7,294.0
12205,Mariana,Torres,66.0,GDL,Basico,6,402.0,7,38.76,2023.0,2023-08-27 18:28:21.425356344+00:00,,7,38.76,6,402.0
12206,Mateo,Gomez,68.0,Desconocido,Basico,6,362.0,4,27.11,2023.0,2023-08-28 01:02:39.339834960+00:00,,4,27.11,6,362.0
12207,Mateo,Lopez,71.0,CDMX,Basico,2,121.0,4,28.490000000000002,2023.0,2023-08-28 07:36:57.254313584+00:00,,4,28.490000000000002,2,121.0
12208,Ana,Ramirez,50.0,MTY,Basico,5,249.0,4,25.62,2023.0,2023-08-28 14:11:15.168792200+00:00,,4,25.62,5,249.0
12209,Luis,Lopez,47.0,Medellín,Premium,3,165.0,2,4.609999999999999,2023.0,2023-08-28 20:45:33.083270824+00:00,,2,4.609999999999999,3,165.0
12210,Mariana,Garcia,76.0,Cali,Premium,5,200.0,4,27.480000000000004,2023.0,2023-08-29 03:19:50.997749440+00:00,,4,27.480000000000004,5,200.0
12211,Carlos,Garcia,29.0,Bogotá,Basico,5,224.0,4,21.39,2023.0,2023-08-29 09:54:08.912228056+00:00,,4,21.39,5,224.0
12212,Luis,Garcia,32.0,CDMX,Premium,8,387.0,5,8.41,2023.0,2023-08-29 16:28:26.826706680+00:00,,5,8.41,8,387.0
12213,Luis,Gomez,35.0,Medellín,Basico,3,159.0,5,28.09,2023.0,2023-08-29 23:02:44.741185296+00:00,,5,28.09,3,159.0
12214,Mariana,Torres,48.0,CDMX,Basico,8,512.0,2,12.469999999999999,2023.0,2023-08-30 05:37:02.655663920+00:00,,2,12.469999999999999,8,512.0
12215,Ana,Lopez,45.0,CDMX,Basico,0,0.0,3,13.82,2023.0,2023-08-30 12:11:20.570142536+00:00,,3,13.82,1,34.0
12216,Ana,Lopez,79.0,Medellín,Basico,5,262.0,5,13.08,2023.0,2023-08-30 18:45:38.484621160+00:00,,5,13.08,5,262.0
12217,Ana,Lopez,40.0,MTY,Premium,6,228.0,4,32.81,2023.0,2023-08-31 01:19:56.399099776+00:00,,4,32.81,6,228.0
12218,Ana,Lopez,31.0,MTY,Basico,5,245.0,3,7.6,2023.0,2023-08-31 07:54:14.313578400+00:00,,3,7.6,5,245.0
12219,Mateo,Garcia,47.0,Bogotá,Basico,3,167.0,7,26.869999999999997,2023.0,2023-08-31 14:28:32.228057016+00:00,,7,26.869999999999997,3,167.0
12220,Ana,Lopez,50.0,Desconocido,Basico,7,232.0,11,60.77,2023.0,2023-08-31 21:02:50.142535640+00:00,,10,60.77,7,232.0
12221,Mateo,Torres,62.0,Desconocido,Basico,5,285.0,9,62.160000000000004,2023.0,2023-09-01 03:37:08.057014256+00:00,,9,62.160000000000004,5,285.0
12222,Mateo,Garcia,79.0,Bogotá,Basico,5,263.0,4,36.980000000000004,2023.0,2023-09-01 10:11:25.971492880+00:00,,4,36.980000000000004,5,263.0
12223,Ana,Lopez,32.0,GDL,Premium,4,216.0,3,35.65,2023.0,2023-09-01 16:45:43.885971496+00:00,,3,35.65,4,216.0
12224,Sofia,Gomez,24.0,MTY,Premium,8,434.0,6,24.5,2023.0,2023-09-01 23:20:01.800450112+00:00,,6,24.5,8,434.0
12225,Carlos,Ramirez,32.0,GDL,Basico,6,354.0,12,31.36,2023.0,2023-09-02 05:54:19.714928736+00:00,,10,31.36,6,354.0
12226,Luis,Ramirez,69.0,Bogotá,Basico,4,170.0,1,0.81,2023.0,2023-09-02 12:28:37.629407352+00:00,,1,0.81,4,170.0
12227,Mateo,Ramirez,59.0,Medellín,Basico,10,489.0,4,8.36,2023.0,2023-09-02 19:02:55.543885976+00:00,,4,8.36,10,489.0
12228,Mariana,Garcia,63.0,Bogotá,Premium,7,327.0,6,49.379999999999995,2023.0,2023-09-03 01:37:13.458364592+00:00,,6,49.379999999999995,7,327.0
12229,Mariana,Lopez,55.0,Bogotá,Basico,9,456.0,2,11.799999999999999,2023.0,2023-09-03 08:11:31.372843216+00:00,,2,11.799999999999999,9,456.0
12230,Carlos,Garcia,63.0,GDL,Basico,3,131.0,4,44.73,2023.0,2023-09-03 14:45:49.287321832+00:00,,4,44.73,3,131.0
12231,Mariana,Torres,73.0,Bogotá,Premium,3,92.0,3,18.91,2023.0,2023-09-03 21:20:07.201800456+00:00,,3,18.91,3,92.0
12232,Sofia,Gomez,74.0,MTY,Basico,3,193.0,5,24.03,2023.0,2023-09-04 03:54:25.116279072+00:00,,5,24.03,3,193.0
12233,Mariana,Gomez,71.0,Bogotá,Basico,4,143.0,4,29.04,2023.0,2023-09-04 10:28:43.030757696+00:00,,4,29.04,4,143.0
12234,Luis,Ramirez,61.0,Medellín,Basico,7,309.0,7,53.31,2023.0,2023-09-04 17:03:00.945236312+00:00,,7,53.31,7,309.0
12235,Luis,Ramirez,28.0,Medellín,Basico,5,282.0,2,16.78,,,,2,16.78,5,282.0
12236,Mateo,Ramirez,46.0,Bogotá,Basico,4,217.0,5,23.57,2023.0,2023-09-05 06:11:36.774193552+00:00,2024-07-11 01:06:40+00:00,5,23.57,4,217.0
12237,Ana,Lopez,48.0,Bogotá,Basico,10,532.0,9,47.59,2023.0,2023-09-05 12:45:54.688672168+00:00,,9,47.59,10,532.0
12238,Sofia,Torres,79.0,GDL,Basico,3,193.0,5,36.84,2023.0,2023-09-05 19:20:12.603150792+00:00,,5,36.84,3,193.0
12239,Mateo,Torres,42.0,CDMX,Basico,6,259.0,6,24.880000000000003,2023.0,2023-09-06 01:54:30.517629408+00:00,,6,24.880000000000003,6,259.0
12240,Sofia,Torres,69.0,Medellín,Premium,5,289.0,3,9.28,2023.0,2023-09-06 08:28:48.432108032+00:00,,3,9.28,5,289.0
12241,Ana,Torres,71.0,GDL,Basico,5,274.0,2,5.140000000000001,2023.0,2023-09-06 15:03:06.346586648+00:00,,2,5.140000000000001,5,274.0
12242,Mariana,Ramirez,41.0,Medellín,Premium,6,204.0,2,14.73,2023.0,2023-09-06 21:37:24.261065272+00:00,,2,14.73,6,204.0
12243,Mariana,Gomez,74.0,Medellín,Basico,5,247.0,2,8.610000000000001,2023.0,2023-09-07 04:11:42.175543888+00:00,,2,8.610000000000001,5,247.0
12244,Ana,Ramirez,36.0,Desconocido,Basico,9,399.0,2,17.46,2023.0,2023-09-07 10:46:00.090022512+00:00,,2,17.46,9,399.0
12245,Mateo,Torres,19.0,Desconocido,Basico,5,329.0,2,28.009999999999998,2023.0,2023-09-07 17:20:18.004501128+00:00,,2,28.009999999999998,5,329.0
12246,Ana,Ramirez,39.0,CDMX,Basico,4,181.0,1,6.38,2023.0,2023-09-07 23:54:35.918979744+00:00,2024-11-16 01:20:00+00:00,1,6.38,4,181.0
12247,Carlos,Torres,37.0,Desconocido,Basico,5,268.0,0,0.0,2023.0,2023-09-08 06:28:53.833458368+00:00,,0,0.0,5,268.0
12248,Luis,Garcia,50.0,Medellín,Basico,4,182.0,2,6.140000000000001,2023.0,2023-09-08 13:03:11.747936984+00:00,,2,6.140000000000001,4,182.0
12249,Mateo,Gomez,25.0,Medellín,Basico,4,221.0,4,13.219999999999999,2023.0,2023-09-08 19:37:29.662415608+00:00,2024-08-19 23:26:40+00:00,4,13.219999999999999,4,221.0
12250,Sofia,Garcia,42.0,CDMX,Basico,3,149.0,9,16.04,2023.0,2023-09-09 02:11:47.576894224+00:00,,9,16.04,3,149.0
12251,Carlos,Lopez,63.0,Desconocido,Premium,8,381.0,3,143.36,2023.0,2023-09-09 08:46:05.491372848+00:00,,3,82.19759999999998,8,381.0
12252,Mateo,Ramirez,26.0,CDMX,Basico,9,440.0,5,14.82,2023.0,2023-09-09 15:20:23.405851464+00:00,,5,14.82,9,440.0
12253,Ana,Lopez,51.0,Cali,Basico,5,266.0,7,32.0,2023.0,2023-09-09 21:54:41.320330088+00:00,,7,32.0,5,266.0
12254,Ana,Ramirez,74.0,CDMX,Basico,3,157.0,2,12.95,2023.0,2023-09-10 04:28:59.234808704+00:00,,2,12.95,3,157.0
12255,Ana,Garcia,40.0,Medellín,Basico,3,118.0,3,16.57,2023.0,2023-09-10 11:03:17.149287328+00:00,,3,16.57,3,118.0
12256,Ana,Torres,22.0,Bogotá,Premium,4,188.0,6,28.7,2023.0,2023-09-10 17:37:35.063765944+00:00,,6,28.7,4,188.0
12257,Sofia,Torres,72.0,GDL,Basico,4,176.0,6,22.04,2023.0,2023-09-11 00:11:52.978244568+00:00,,6,22.04,4,176.0
12258,Carlos,Ramirez,78.0,CDMX,Basico,3,95.0,3,9.07,2023.0,2023-09-11 06:46:10.892723184+00:00,,3,9.07,3,95.0
12259,Mariana,Torres,42.0,Bogotá,Basico,3,180.0,7,28.599999999999998,2023.0,2023-09-11 13:20:28.807201800+00:00,,7,28.599999999999998,3,180.0
12260,Luis,Garcia,25.0,CDMX,Premium,2,106.0,4,21.74,2023.0,2023-09-11 19:54:46.721680424+00:00,,4,21.74,2,106.0
12261,Sofia,Torres,33.0,Bogotá,Basico,6,304.0,7,26.87,2023.0,2023-09-12 02:29:04.636159040+00:00,,7,26.87,6,304.0
12262,Sofia,Garcia,71.0,Medellín,Basico,6,234.0,3,16.02,2023.0,2023-09-12 09:03:22.550637664+00:00,2024-12-02 22:53:20+00:00,3,16.02,6,234.0
12263,Mariana,Lopez,65.0,Cali,Basico,4,1708.0,7,19.999999999999996,2023.0,2023-09-12 15:37:40.465116280+00:00,2024-12-11 01:20:00+00:00,7,19.999999999999996,4,724.02
12264,Mariana,Garcia,62.0,Medellín,Basico,5,297.0,5,27.17,2023.0,2023-09-12 22:11:58.379594904+00:00,,5,27.17,5,297.0
12265,Luis,Gomez,69.0,CDMX,Basico,6,172.0,1,5.68,2023.0,2023-09-13 04:46:16.294073520+00:00,,1,5.68,6,172.0
12266,Luis,Gomez,78.0,MTY,Premium,7,300.0,6,19.16,2023.0,2023-09-13 11:20:34.208552144+00:00,2024-12-24 22:40:00+00:00,6,19.16,7,300.0
12267,Mariana,Gomez,32.0,GDL,Premium,3,107.0,7,47.84,2023.0,2023-09-13 17:54:52.123030760+00:00,,7,47.84,3,107.0
12268,Ana,Ramirez,18.0,Desconocido,Basico,3,127.0,2,13.07,2023.0,2023-09-14 00:29:10.037509384+00:00,2024-12-19 23:13:20+00:00,2,13.07,3,127.0
12269,Sofia,Ramirez,39.0,Desconocido,Basico,7,426.0,7,21.37,2023.0,2023-09-14 07:03:27.951988+00:00,,7,21.37,7,426.0
12270,Mateo,Ramirez,20.0,MTY,Basico,7,285.0,2,8.74,2023.0,2023-09-14 13:37:45.866466616+00:00,,2,8.74,7,285.0
12271,Luis,Garcia,55.0,CDMX,Basico,4,180.0,5,9.26,2023.0,2023-09-14 20:12:03.780945240+00:00,,5,9.26,4,180.0
12272,Luis,Ramirez,71.0,Desconocido,Basico,5,259.0,3,12.34,2023.0,2023-09-15 02:46:21.695423856+00:00,,3,12.34,5,259.0
12273,Mariana,Lopez,31.0,Desconocido,Basico,9,483.0,2,8.01,2023.0,2023-09-15 09:20:39.609902480+00:00,,2,8.01,9,483.0
12274,Carlos,Gomez,53.0,Desconocido,Premium,1,8.0,4,27.509999999999998,2023.0,2023-09-15 15:54:57.524381096+00:00,,4,27.509999999999998,1,34.0
12275,Mateo,Garcia,35.0,Cali,Basico,6,394.0,12,27.439999999999998,2023.0,2023-09-15 22:29:15.438859720+00:00,,10,27.439999999999998,6,394.0
12276,Mateo,Gomez,64.0,Bogotá,Premium,4,155.0,5,31.29,2023.0,2023-09-16 05:03:33.353338336+00:00,2024-12-18 00:00:00+00:00,5,31.29,4,155.0
12277,Luis,Ramirez,58.0,CDMX,Basico,10,366.0,6,28.3,2023.0,2023-09-16 11:37:51.267816960+00:00,,6,28.3,10,366.0
12278,Ana,Garcia,35.0,Bogotá,Basico,2,127.0,3,15.11,2023.0,2023-09-16 18:12:09.182295576+00:00,,3,15.11,2,127.0
12279,Carlos,Torres,20.0,Bogotá,Basico,8,489.0,3,14.530000000000001,2023.0,2023-09-17 00:46:27.096774200+00:00,,3,14.530000000000001,8,489.0
12280,Mateo,Lopez,27.0,Bogotá,Premium,6,361.0,3,4.1,2023.0,2023-09-17 07:20:45.011252816+00:00,,3,4.1,6,361.0
12281,Luis,Ramirez,66.0,Bogotá,Basico,9,509.0,1,2.13,2023.0,2023-09-17 13:55:02.925731432+00:00,,1,2.13,9,509.0
12282,Mateo,Ramirez,56.0,GDL,Premium,4,145.0,9,48.870000000000005,2023.0,2023-09-17 20:29:20.840210056+00:00,2024-08-25 23:53:20+00:00,9,48.870000000000005,4,145.0
12283,Carlos,Lopez,64.0,MTY,Premium,8,473.0,6,36.4,2023.0,2023-09-18 03:03:38.754688672+00:00,2024-12-19 23:13:20+00:00,6,36.4,8,473.0
12284,Carlos,Lopez,18.0,Bogotá,Premium,3,143.0,6,27.05,2023.0,2023-09-18 09:37:56.669167296+00:00,,6,27.05,3,143.0
12285,Sofia,Torres,44.0,CDMX,Premium,5,247.0,4,45.03,2023.0,2023-09-18 16:12:14.583645912+00:00,,4,45.03,5,247.0
12286,Mariana,Ramirez,74.0,Bogotá,Premium,7,339.0,7,20.13,2023.0,2023-09-18 22:46:32.498124536+00:00,,7,20.13,7,339.0
12287,Mariana,Ramirez,44.0,Cali,Premium,5,253.0,6,39.43,2023.0,2023-09-19 05:20:50.412603152+00:00,,6,39.43,5,253.0
12288,Luis,Gomez,28.0,Cali,Basico,9,469.0,5,37.14,2023.0,2023-09-19 11:55:08.327081776+00:00,,5,37.14,9,469.0
12289,Carlos,Garcia,66.0,Bogotá,Premium,9,436.0,3,10.379999999999999,2023.0,2023-09-19 18:29:26.241560392+00:00,2024-08-07 00:20:00+00:00,3,10.379999999999999,9,436.0
12290,Sofia,Garcia,22.0,Bogotá,Premium,6,243.0,6,18.599999999999998,2023.0,2023-09-20 01:03:44.156039016+00:00,,6,18.599999999999998,6,243.0
12291,Sofia,Gomez,24.0,CDMX,Basico,4,250.0,2,7.07,2023.0,2023-09-20 07:38:02.070517632+00:00,,2,7.07,4,250.0
12292,Mateo,Garcia,36.0,Medellín,Premium,7,258.0,9,33.17,2023.0,2023-09-20 14:12:19.984996256+00:00,,9,33.17,7,258.0
12293,Mateo,Lopez,74.0,Bogotá,Basico,5,280.0,5,29.020000000000003,2023.0,2023-09-20 20:46:37.899474872+00:00,,5,29.020000000000003,5,280.0
12294,Sofia,Garcia,73.0,Bogotá,Basico,8,425.0,1,3.47,2023.0,2023-09-21 03:20:55.813953488+00:00,,1,3.47,8,425.0
12295,Mateo,Garcia,46.0,Desconocido,Basico,5,254.0,1,31.63,2023.0,2023-09-21 09:55:13.728432112+00:00,,1,31.63,5,254.0
12296,Carlos,Gomez,32.0,Bogotá,Basico,9,452.0,5,23.119999999999997,2023.0,2023-09-21 16:29:31.642910728+00:00,,5,23.119999999999997,9,452.0
12297,Ana,Torres,52.0,CDMX,Premium,7,356.0,5,34.78,2023.0,2023-09-21 23:03:49.557389352+00:00,2024-11-16 23:33:20+00:00,5,34.78,7,356.0
12298,Carlos,Garcia,64.0,GDL,Premium,4,256.0,8,48.57,2023.0,2023-09-22 05:38:07.471867968+00:00,,8,48.57,4,256.0
12299,Sofia,Garcia,54.0,Bogotá,Premium,7,372.0,4,14.4,2023.0,2023-09-22 12:12:25.386346592+00:00,,4,14.4,7,372.0
12300,Sofia,Torres,72.0,Bogotá,Premium,3,157.0,1,0.22,2023.0,2023-09-22 18:46:43.300825208+00:00,,1,0.22,3,157.0
12301,Carlos,Gomez,29.0,Desconocido,Basico,7,343.0,7,47.5,2023.0,2023-09-23 01:21:01.215303832+00:00,,7,47.5,7,343.0
12302,Mateo,Torres,47.0,Bogotá,Basico,15,809.0,5,23.259999999999998,2023.0,2023-09-23 07:55:19.129782448+00:00,,5,23.259999999999998,12,724.02
12303,Mateo,Gomez,37.0,Medellín,Basico,3,144.0,2,2.71,2023.0,2023-09-23 14:29:37.044261072+00:00,,2,2.71,3,144.0
12304,Mariana,Lopez,54.0,Bogotá,Premium,2,110.0,1,4.09,2023.0,2023-09-23 21:03:54.958739688+00:00,,1,4.09,2,110.0
12305,Sofia,Gomez,20.0,Bogotá,Basico,2,123.0,4,19.790000000000003,2023.0,2023-09-24 03:38:12.873218304+00:00,2024-12-14 23:46:40+00:00,4,19.790000000000003,2,123.0
12306,Luis,Lopez,26.0,Bogotá,Premium,2,72.0,2,5.41,2023.0,2023-09-24 10:12:30.787696928+00:00,,2,5.41,2,72.0
12307,Mariana,Lopez,75.0,Bogotá,Basico,2,145.0,8,47.78,,,,8,47.78,2,145.0
12308,Mateo,Gomez,58.0,Bogotá,Premium,5,187.0,4,18.380000000000003,2023.0,2023-09-24 23:21:06.616654168+00:00,2024-10-02 23:00:00+00:00,4,18.380000000000003,5,187.0
12309,Carlos,Ramirez,56.0,GDL,Basico,5,244.0,8,30.36,2023.0,2023-09-25 05:55:24.531132784+00:00,,8,30.36,5,244.0
12310,Mateo,Gomez,43.0,Desconocido,Basico,6,195.0,3,12.600000000000001,2023.0,2023-09-25 12:29:42.445611408+00:00,,3,12.600000000000001,6,195.0
12311,Carlos,Garcia,19.0,MTY,Premium,2,152.0,4,24.23,2023.0,2023-09-25 19:04:00.360090024+00:00,,4,24.23,2,152.0
12312,Mariana,Garcia,40.0,CDMX,Premium,6,319.0,2,5.12,2023.0,2023-09-26 01:38:18.274568648+00:00,,2,5.12,6,319.0
12313,Sofia,Ramirez,40.0,CDMX,Basico,5,177.0,7,50.8,2023.0,2023-09-26 08:12:36.189047264+00:00,,7,50.8,5,177.0
12314,Mateo,Lopez,76.0,CDMX,Premium,5,214.0,5,20.84,2023.0,2023-09-26 14:46:54.103525888+00:00,,5,20.84,5,214.0
12315,Carlos,Ramirez,38.0,Bogotá,Premium,3,146.0,3,34.52,2023.0,2023-09-26 21:21:12.018004504+00:00,,3,34.52,3,146.0
12316,Sofia,Garcia,33.0,GDL,Basico,6,270.0,4,21.04,2023.0,2023-09-27 03:55:29.932483120+00:00,,4,21.04,6,270.0
12317,Luis,Ramirez,26.0,CDMX,Basico,3,206.0,7,34.95,2023.0,2023-09-27 10:29:47.846961744+00:00,,7,34.95,3,206.0
12318,Carlos,Gomez,30.0,Bogotá,Basico,6,435.0,7,18.89,2023.0,2023-09-27 17:04:05.761440360+00:00,,7,18.89,6,435.0
12319,Mariana,Ramirez,45.0,Medellín,Basico,3,144.0,5,22.65,2023.0,2023-09-27 23:38:23.675918984+00:00,,5,22.65,3,144.0
12320,Luis,Lopez,44.0,CDMX,Premium,3,130.0,4,16.68,2023.0,2023-09-28 06:12:41.590397600+00:00,,4,16.68,3,130.0
12321,Luis,Gomez,68.0,Bogotá,Basico,7,360.0,4,13.879999999999999,2023.0,2023-09-28 12:46:59.504876224+00:00,,4,13.879999999999999,7,360.0
12322,Ana,Torres,69.0,Medellín,Basico,8,454.0,2,4.7,2023.0,2023-09-28 19:21:17.419354840+00:00,,2,4.7,8,454.0
12323,Mateo,Garcia,34.0,Desconocido,Basico,2,147.0,2,6.97,2023.0,2023-09-29 01:55:35.333833464+00:00,,2,6.97,2,147.0
12324,Carlos,Garcia,55.0,Medellín,Basico,5,271.0,3,9.52,2023.0,2023-09-29 08:29:53.248312080+00:00,,3,9.52,5,271.0
12325,Luis,Ramirez,53.0,GDL,Basico,4,177.0,7,24.55,2023.0,2023-09-29 15:04:11.162790704+00:00,,7,24.55,4,177.0
12326,Ana,Gomez,18.0,Medellín,Basico,12,633.0,7,15.25,2023.0,2023-09-29 21:38:29.077269320+00:00,,7,15.25,12,633.0
12327,Mariana,Torres,35.0,Bogotá,Basico,5,273.0,3,17.979999999999997,2023.0,2023-09-30 04:12:46.991747944+00:00,2024-12-22 01:13:20+00:00,3,17.979999999999997,5,273.0
12328,Sofia,Gomez,48.0,GDL,Basico,9,539.0,2,2.38,2023.0,2023-09-30 10:47:04.906226560+00:00,,2,2.38,9,539.0
12329,Carlos,Garcia,68.0,Desconocido,Premium,7,414.0,4,18.39,2023.0,2023-09-30 17:21:22.820705176+00:00,,4,18.39,7,414.0
12330,Luis,Gomez,26.0,Bogotá,Basico,9,438.0,6,28.64,2023.0,2023-09-30 23:55:40.735183800+00:00,,6,28.64,9,438.0
12331,Mateo,Torres,30.0,Desconocido,Basico,6,363.0,2,9.89,2023.0,2023-10-01 06:29:58.649662416+00:00,,2,9.89,6,363.0
12332,Ana,Ramirez,57.0,Medellín,Basico,7,423.0,6,16.12,2023.0,2023-10-01 13:04:16.564141040+00:00,,6,16.12,7,423.0
12333,Luis,Lopez,72.0,Medellín,Basico,7,451.0,6,31.8,2023.0,2023-10-01 19:38:34.478619656+00:00,,6,31.8,7,451.0
12334,Mateo,Gomez,62.0,Medellín,Basico,6,253.0,4,3.29,2023.0,2023-10-02 02:12:52.393098280+00:00,,4,3.29,6,253.0
12335,Luis,Lopez,32.0,Bogotá,Premium,6,297.0,4,11.989999999999998,2023.0,2023-10-02 08:47:10.307576896+00:00,,4,11.989999999999998,6,297.0
12336,Carlos,Garcia,60.0,Bogotá,Basico,6,280.0,5,39.83,2023.0,2023-10-02 15:21:28.222055520+00:00,,5,39.83,6,280.0
12337,Carlos,Ramirez,61.0,Desconocido,Premium,6,239.0,3,7.17,2023.0,2023-10-02 21:55:46.136534136+00:00,,3,7.17,6,239.0
12338,Carlos,Ramirez,63.0,Medellín,Basico,8,401.0,5,42.879999999999995,2023.0,2023-10-03 04:30:04.051012760+00:00,,5,42.879999999999995,8,401.0
12339,Mariana,Gomez,21.0,Desconocido,Premium,2,74.0,4,16.34,2023.0,2023-10-03 11:04:21.965491376+00:00,,4,16.34,2,74.0
12340,Mariana,Ramirez,50.0,Desconocido,Premium,2,109.0,5,38.57,2023.0,2023-10-03 17:38:39.879969992+00:00,,5,38.57,2,109.0
12341,Ana,Gomez,41.0,Desconocido,Basico,6,283.0,7,26.82,2023.0,2023-10-04 00:12:57.794448616+00:00,,7,26.82,6,283.0
12342,Carlos,Gomez,53.0,Medellín,Basico,6,321.0,5,41.2,2023.0,2023-10-04 06:47:15.708927232+00:00,2024-06-21 00:33:20+00:00,5,41.2,6,321.0
12343,Mateo,Lopez,68.0,Bogotá,Basico,7,358.0,6,19.71,2023.0,2023-10-04 13:21:33.623405856+00:00,,6,19.71,7,358.0
12344,Luis,Ramirez,58.0,CDMX,Basico,4,160.0,7,24.73,2023.0,2023-10-04 19:55:51.537884472+00:00,2024-06-11 23:53:20+00:00,7,24.73,4,160.0
12345,Sofia,Gomez,27.0,Medellín,Premium,3,166.0,3,9.59,2023.0,2023-10-05 02:30:09.452363096+00:00,,3,9.59,3,166.0
12346,Mateo,Lopez,53.0,GDL,Basico,3,125.0,5,8.28,2023.0,2023-10-05 09:04:27.366841712+00:00,,5,8.28,3,125.0
12347,Mariana,Torres,37.0,GDL,Basico,4,218.0,4,11.49,2023.0,2023-10-05 15:38:45.281320336+00:00,,4,11.49,4,218.0
12348,Mariana,Lopez,79.0,GDL,Premium,6,301.0,5,39.53,2023.0,2023-10-05 22:13:03.195798952+00:00,,5,39.53,6,301.0
12349,Mateo,Lopez,58.0,Desconocido,Premium,6,177.0,7,19.1,2023.0,2023-10-06 04:47:21.110277576+00:00,2024-06-15 00:06:40+00:00,7,19.1,6,177.0
12350,Mariana,Gomez,62.0,Desconocido,Basico,4,285.0,3,21.71,2023.0,2023-10-06 11:21:39.024756192+00:00,,3,21.71,4,285.0
12351,Carlos,Garcia,61.0,Medellín,Premium,6,227.0,3,15.42,2023.0,2023-10-06 17:55:56.939234808+00:00,,3,15.42,6,227.0
12352,Ana,Garcia,28.0,Bogotá,Basico,3,154.0,3,2.46,2023.0,2023-10-07 00:30:14.853713432+00:00,,3,2.46,3,154.0
12353,Luis,Garcia,29.0,Medellín,Premium,3,141.0,8,36.949999999999996,2023.0,2023-10-07 07:04:32.768192048+00:00,,8,36.949999999999996,3,141.0
12354,Ana,Lopez,79.0,Medellín,Premium,6,224.0,6,22.22,2023.0,2023-10-07 13:38:50.682670672+00:00,,6,22.22,6,224.0
12355,Luis,Gomez,35.0,Bogotá,Premium,3,114.0,6,32.26,2023.0,2023-10-07 20:13:08.597149288+00:00,,6,32.26,3,114.0
12356,Luis,Ramirez,47.0,MTY,Basico,4,118.0,3,12.649999999999999,2023.0,2023-10-08 02:47:26.511627912+00:00,,3,12.649999999999999,4,118.0
12357,Ana,Lopez,61.0,MTY,Basico,6,273.0,6,15.98,2023.0,2023-10-08 09:21:44.426106528+00:00,,6,15.98,6,273.0
12358,Mateo,Lopez,65.0,Bogotá,Basico,6,329.0,1,2.09,2023.0,2023-10-08 15:56:02.340585152+00:00,,1,2.09,6,329.0
12359,Luis,Gomez,54.0,Medellín,Basico,7,273.0,10,66.61,2023.0,2023-10-08 22:30:20.255063768+00:00,2024-12-22 23:26:40+00:00,10,66.61,7,273.0
12360,Ana,Torres,48.0,Bogotá,Basico,8,459.0,6,30.72,2023.0,2023-10-09 05:04:38.169542392+00:00,,6,30.72,8,459.0
12361,Luis,Lopez,37.0,Desconocido,Premium,1,53.0,4,32.68,2023.0,2023-10-09 11:38:56.084021008+00:00,,4,32.68,1,53.0
12362,Sofia,Torres,42.0,CDMX,Basico,5,241.0,7,47.43,2023.0,2023-10-09 18:13:13.998499632+00:00,2024-12-02 00:40:00+00:00,7,47.43,5,241.0
12363,Mateo,Torres,29.0,MTY,Basico,4,200.0,6,36.730000000000004,2023.0,2023-10-10 00:47:31.912978248+00:00,2024-07-02 00:26:40+00:00,6,36.730000000000004,4,200.0
12364,Carlos,Garcia,38.0,Bogotá,Premium,7,321.0,6,40.29,2023.0,2023-10-10 07:21:49.827456864+00:00,,6,40.29,7,321.0
12365,Luis,Gomez,42.0,CDMX,Premium,7,326.0,3,17.42,2023.0,2023-10-10 13:56:07.741935488+00:00,,3,17.42,7,326.0
12366,Sofia,Torres,28.0,MTY,Basico,7,378.0,6,21.05,2023.0,2023-10-10 20:30:25.656414104+00:00,,6,21.05,7,378.0
12367,Carlos,Gomez,26.0,GDL,Basico,8,395.0,6,47.27,2023.0,2023-10-11 03:04:43.570892728+00:00,,6,47.27,8,395.0
12368,Carlos,Garcia,79.0,Bogotá,Premium,4,250.0,3,19.5,2023.0,2023-10-11 09:39:01.485371344+00:00,,3,19.5,4,250.0
12369,Luis,Gomez,67.0,MTY,Premium,7,349.0,4,9.33,2023.0,2023-10-11 16:13:19.399849968+00:00,,4,9.33,7,349.0
12370,Ana,Lopez,79.0,Medellín,Basico,7,365.0,7,19.17,2023.0,2023-10-11 22:47:37.314328584+00:00,,7,19.17,7,365.0
12371,Luis,Torres,48.0,Bogotá,Basico,4,152.0,7,39.54,2023.0,2023-10-12 05:21:55.228807208+00:00,,7,39.54,4,152.0
12372,Sofia,Gomez,42.0,CDMX,Basico,10,547.0,5,38.160000000000004,2023.0,2023-10-12 11:56:13.143285824+00:00,,5,38.160000000000004,10,547.0
12373,Carlos,Ramirez,52.0,Cali,Premium,2,70.0,3,15.56,2023.0,2023-10-12 18:30:31.057764448+00:00,,3,15.56,2,70.0
12374,Luis,Gomez,69.0,CDMX,Basico,2,89.0,4,20.86,2023.0,2023-10-13 01:04:48.972243064+00:00,2024-08-13 23:00:00+00:00,4,20.86,2,89.0
12375,Ana,Torres,49.0,Cali,Basico,3,154.0,3,29.67,2023.0,2023-10-13 07:39:06.886721680+00:00,,3,29.67,3,154.0
12376,Luis,Garcia,66.0,Desconocido,Basico,12,628.0,2,7.47,2023.0,2023-10-13 14:13:24.801200304+00:00,,2,7.47,12,628.0
12377,Mateo,Garcia,31.0,MTY,Premium,5,276.0,3,24.96,2023.0,2023-10-13 20:47:42.715678920+00:00,,3,24.96,5,276.0
12378,Ana,Torres,18.0,Desconocido,Basico,5,224.0,4,14.209999999999999,2023.0,2023-10-14 03:22:00.630157544+00:00,,4,14.209999999999999,5,224.0
12379,Sofia,Lopez,34.0,Cali,Basico,6,193.0,3,14.030000000000001,2023.0,2023-10-14 09:56:18.544636160+00:00,,3,14.030000000000001,6,193.0
12380,Carlos,Lopez,42.0,Desconocido,Premium,6,311.0,5,8.5,2023.0,2023-10-14 16:30:36.459114784+00:00,,5,8.5,6,311.0
12381,Luis,Garcia,76.0,Medellín,Basico,2,79.0,3,10.92,2023.0,2023-10-14 23:04:54.373593400+00:00,,3,10.92,2,79.0
12382,Ana,Garcia,25.0,GDL,Basico,9,456.0,6,33.82,2023.0,2023-10-15 05:39:12.288072024+00:00,,6,33.82,9,456.0
12383,Mateo,Torres,22.0,Desconocido,Premium,8,429.0,7,29.45,2023.0,2023-10-15 12:13:30.202550640+00:00,,7,29.45,8,429.0
12384,Ana,Lopez,22.0,GDL,Basico,5,158.0,6,29.69,2023.0,2023-10-15 18:47:48.117029264+00:00,,6,29.69,5,158.0
12385,Mariana,Garcia,58.0,GDL,Premium,9,361.0,2,6.18,2023.0,2023-10-16 01:22:06.031507880+00:00,,2,6.18,9,361.0
12386,Mateo,Lopez,52.0,GDL,Basico,7,298.0,5,34.11,2023.0,2023-10-16 07:56:23.945986496+00:00,,5,34.11,7,298.0
12387,Sofia,Garcia,36.0,MTY,Basico,5,221.0,1,1.4,2023.0,2023-10-16 14:30:41.860465120+00:00,,1,1.4,5,221.0
12388,Carlos,Gomez,40.0,Bogotá,Premium,2,59.0,1,9.64,2023.0,2023-10-16 21:04:59.774943736+00:00,,1,9.64,2,59.0
12389,Sofia,Ramirez,26.0,Medellín,Basico,0,0.0,9,27.39,2023.0,2023-10-17 03:39:17.689422360+00:00,,9,27.39,1,34.0
12390,Luis,Gomez,71.0,Desconocido,Premium,6,251.0,5,38.76,2023.0,2023-10-17 10:13:35.603900976+00:00,,5,38.76,6,251.0
12391,Ana,Garcia,47.0,CDMX,Basico,4,208.0,6,12.540000000000001,2023.0,2023-10-17 16:47:53.518379600+00:00,,6,12.540000000000001,4,208.0
12392,Mariana,Ramirez,67.0,Desconocido,Basico,4,228.0,1,3.29,2023.0,2023-10-17 23:22:11.432858216+00:00,,1,3.29,4,228.0
12393,Mateo,Ramirez,33.0,Desconocido,Premium,4,174.0,0,0.0,2023.0,2023-10-18 05:56:29.347336840+00:00,,0,0.0,4,174.0
12394,Mateo,Garcia,50.0,CDMX,Basico,3,138.0,5,22.34,2023.0,2023-10-18 12:30:47.261815456+00:00,,5,22.34,3,138.0
12395,Ana,Garcia,19.0,MTY,Basico,5,183.0,4,12.43,2023.0,2023-10-18 19:05:05.176294080+00:00,,4,12.43,5,183.0
12396,Mariana,Lopez,31.0,Cali,Basico,6,342.0,3,11.17,2023.0,2023-10-19 01:39:23.090772696+00:00,,3,11.17,6,342.0
12397,Ana,Garcia,63.0,Medellín,Basico,5,252.0,2,4.88,2023.0,2023-10-19 08:13:41.005251320+00:00,,2,4.88,5,252.0
12398,Luis,Torres,18.0,Cali,Premium,7,362.0,8,38.699999999999996,2023.0,2023-10-19 14:47:58.919729936+00:00,,8,38.699999999999996,7,362.0
12399,Sofia,Garcia,43.0,Medellín,Premium,7,369.0,5,78.6,2023.0,2023-10-19 21:22:16.834208552+00:00,,5,78.6,7,369.0
12400,Mateo,Torres,75.0,Bogotá,Premium,4,1700.0,4,35.91,2023.0,2023-10-20 03:56:34.748687176+00:00,,4,35.91,4,724.02
12401,Luis,Garcia,42.0,CDMX,Premium,6,269.0,1,0.14,2023.0,2023-10-20 10:30:52.663165792+00:00,2024-09-02 01:20:00+00:00,1,0.14,6,269.0
12402,Sofia,Lopez,33.0,Bogotá,Basico,2,96.0,2,10.96,2023.0,2023-10-20 17:05:10.577644416+00:00,,2,10.96,2,96.0
12403,Luis,Torres,32.0,CDMX,Basico,4,180.0,3,5.94,2023.0,2023-10-20 23:39:28.492123032+00:00,,3,5.94,4,180.0
12404,Mariana,Gomez,43.0,Medellín,Premium,5,218.0,8,17.2,2023.0,2023-10-21 06:13:46.406601656+00:00,,8,17.2,5,218.0
12405,Mateo,Torres,64.0,Cali,Basico,9,454.0,4,22.71,2023.0,2023-10-21 12:48:04.321080272+00:00,,4,22.71,9,454.0
12406,Ana,Lopez,61.0,Bogotá,Basico,5,282.0,3,14.64,2023.0,2023-10-21 19:22:22.235558896+00:00,,3,14.64,5,282.0
12407,Ana,Torres,33.0,Desconocido,Premium,1,38.0,5,25.93,2023.0,2023-10-22 01:56:40.150037512+00:00,,5,25.93,1,38.0
12408,Sofia,Garcia,31.0,Bogotá,Basico,8,328.0,4,24.39,2023.0,2023-10-22 08:30:58.064516136+00:00,,4,24.39,8,328.0
12409,Carlos,Garcia,46.0,Medellín,Basico,8,310.0,1,7.33,2023.0,2023-10-22 15:05:15.978994752+00:00,2024-06-29 00:13:20+00:00,1,7.33,8,310.0
12410,Mariana,Lopez,41.0,Medellín,Basico,6,348.0,4,19.79,2023.0,2023-10-22 21:39:33.893473368+00:00,,4,19.79,6,348.0
12411,Sofia,Ramirez,64.0,Desconocido,Premium,3,119.0,4,10.76,2023.0,2023-10-23 04:13:51.807951992+00:00,2024-08-24 00:40:00+00:00,4,10.76,3,119.0
12412,Carlos,Garcia,72.0,Medellín,Basico,1,55.0,7,19.939999999999998,2023.0,2023-10-23 10:48:09.722430608+00:00,,7,19.939999999999998,1,55.0
12413,Luis,Gomez,32.0,CDMX,Basico,4,212.0,6,13.51,2023.0,2023-10-23 17:22:27.636909232+00:00,,6,13.51,4,212.0
12414,Mariana,Lopez,36.0,Desconocido,Premium,3,232.0,3,18.27,2023.0,2023-10-23 23:56:45.551387848+00:00,,3,18.27,3,232.0
12415,Luis,Torres,25.0,Medellín,Premium,4,158.0,5,129.75,2023.0,2023-10-24 06:31:03.465866472+00:00,,5,82.19759999999998,4,158.0
12416,Mateo,Torres,51.0,CDMX,Premium,7,308.0,6,15.25,2023.0,2023-10-24 13:05:21.380345088+00:00,2024-12-05 23:06:40+00:00,6,15.25,7,308.0
12417,Mariana,Gomez,19.0,Medellín,Basico,6,274.0,5,42.6,2023.0,2023-10-24 19:39:39.294823712+00:00,,5,42.6,6,274.0
12418,Carlos,Garcia,44.0,Desconocido,Basico,7,359.0,7,49.8,2023.0,2023-10-25 02:13:57.209302328+00:00,,7,49.8,7,359.0
12419,Mateo,Lopez,27.0,Bogotá,Basico,4,203.0,5,17.37,2023.0,2023-10-25 08:48:15.123780952+00:00,,5,17.37,4,203.0
12420,Ana,Gomez,52.0,MTY,Basico,5,226.0,4,31.98,2023.0,2023-10-25 15:22:33.038259568+00:00,,4,31.98,5,226.0
12421,Carlos,Garcia,40.0,Cali,Basico,5,286.0,5,28.1,2023.0,2023-10-25 21:56:50.952738184+00:00,,5,28.1,5,286.0
12422,Sofia,Lopez,66.0,Cali,Basico,5,237.0,7,29.11,2023.0,2023-10-26 04:31:08.867216808+00:00,2024-11-01 00:13:20+00:00,7,29.11,5,237.0
12423,Ana,Torres,25.0,Bogotá,Basico,9,487.0,6,65.84,2023.0,2023-10-26 11:05:26.781695424+00:00,,6,65.84,9,487.0
12424,Ana,Lopez,45.0,CDMX,Premium,11,536.0,6,24.740000000000002,2023.0,2023-10-26 17:39:44.696174048+00:00,2024-09-01 00:20:00+00:00,6,24.740000000000002,11,536.0
12425,Sofia,Ramirez,40.0,GDL,Premium,9,498.0,6,29.71,2023.0,2023-10-27 00:14:02.610652664+00:00,,6,29.71,9,498.0
12426,Mariana,Lopez,21.0,Medellín,Basico,1,39.0,6,32.02,2023.0,2023-10-27 06:48:20.525131288+00:00,,6,32.02,1,39.0
12427,Ana,Ramirez,31.0,Cali,Basico,8,353.0,4,7.99,2023.0,2023-10-27 13:22:38.439609904+00:00,,4,7.99,8,353.0
12428,Carlos,Lopez,48.0,GDL,Basico,8,377.0,5,31.509999999999998,2023.0,2023-10-27 19:56:56.354088528+00:00,,5,31.509999999999998,8,377.0
12429,Mateo,Ramirez,70.0,MTY,Basico,8,350.0,7,31.189999999999998,2023.0,2023-10-28 02:31:14.268567144+00:00,,7,31.189999999999998,8,350.0
12430,Ana,Torres,59.0,CDMX,Basico,6,345.0,6,26.089999999999996,2023.0,2023-10-28 09:05:32.183045768+00:00,,6,26.089999999999996,6,345.0
12431,Carlos,Garcia,46.0,Medellín,Basico,4,150.0,3,2.8600000000000003,2023.0,2023-10-28 15:39:50.097524384+00:00,2024-11-16 01:20:00+00:00,3,2.8600000000000003,4,150.0
12432,Luis,Ramirez,18.0,CDMX,Premium,6,251.0,2,11.11,2023.0,2023-10-28 22:14:08.012003008+00:00,,2,11.11,6,251.0
12433,Carlos,Ramirez,21.0,CDMX,Premium,8,423.0,3,5.319999999999999,2023.0,2023-10-29 04:48:25.926481624+00:00,,3,5.319999999999999,8,423.0
12434,Mateo,Torres,48.0,CDMX,Basico,1,47.0,2,44.43,2023.0,2023-10-29 11:22:43.840960240+00:00,,2,44.43,1,47.0
12435,Carlos,Ramirez,49.0,Medellín,Premium,5,271.0,4,19.78,2023.0,2023-10-29 17:57:01.755438864+00:00,,4,19.78,5,271.0
12436,Sofia,Gomez,50.0,Bogotá,Premium,3,147.0,3,19.82,2023.0,2023-10-30 00:31:19.669917480+00:00,,3,19.82,3,147.0
12437,Mateo,Torres,66.0,GDL,Premium,4,181.0,6,27.479999999999997,2023.0,2023-10-30 07:05:37.584396104+00:00,,6,27.479999999999997,4,181.0
12438,Mariana,Gomez,43.0,Desconocido,Basico,4,175.0,6,28.03,2023.0,2023-10-30 13:39:55.498874720+00:00,,6,28.03,4,175.0
12439,Luis,Torres,34.0,GDL,Basico,4,1664.0,4,16.119999999999997,2023.0,2023-10-30 20:14:13.413353344+00:00,2024-06-13 23:06:40+00:00,4,16.119999999999997,4,724.02
12440,Sofia,Ramirez,56.0,MTY,Premium,2,134.0,7,32.51,2023.0,2023-10-31 02:48:31.327831960+00:00,,7,32.51,2,134.0
12441,Mariana,Gomez,40.0,Desconocido,Basico,6,272.0,7,41.910000000000004,2023.0,2023-10-31 09:22:49.242310584+00:00,,7,41.910000000000004,6,272.0
12442,Carlos,Ramirez,49.0,Bogotá,Premium,1,41.0,6,12.34,2023.0,2023-10-31 15:57:07.156789200+00:00,,6,12.34,1,41.0
12443,Mateo,Torres,69.0,Bogotá,Premium,10,484.0,4,28.77,2023.0,2023-10-31 22:31:25.071267824+00:00,,4,28.77,10,484.0
12444,Luis,Ramirez,32.0,CDMX,Premium,4,193.0,2,8.75,2023.0,2023-11-01 05:05:42.985746440+00:00,,2,8.75,4,193.0
12445,Sofia,Gomez,30.0,Cali,Basico,4,192.0,6,32.74,2023.0,2023-11-01 11:40:00.900225056+00:00,,6,32.74,4,192.0
12446,Mariana,Gomez,77.0,Bogotá,Basico,6,313.0,6,9.48,2023.0,2023-11-01 18:14:18.814703680+00:00,,6,9.48,6,313.0
12447,Mariana,Ramirez,19.0,Cali,Premium,4,227.0,5,10.68,2023.0,2023-11-02 00:48:36.729182296+00:00,,5,10.68,4,227.0
12448,Luis,Lopez,77.0,GDL,Premium,1,48.0,1,1.75,2023.0,2023-11-02 07:22:54.643660920+00:00,,1,1.75,1,48.0
12449,Carlos,Torres,36.0,Bogotá,Basico,5,351.0,4,28.69,2023.0,2023-11-02 13:57:12.558139536+00:00,,4,28.69,5,351.0
12450,Luis,Torres,41.0,Cali,Premium,5,306.0,5,18.68,2023.0,2023-11-02 20:31:30.472618160+00:00,,5,18.68,5,306.0
12451,Mariana,Ramirez,62.0,Desconocido,Premium,4,190.0,9,51.35,2023.0,2023-11-03 03:05:48.387096776+00:00,,9,51.35,4,190.0
12452,Ana,Lopez,41.0,CDMX,Basico,4,207.0,6,8.36,2023.0,2023-11-03 09:40:06.301575400+00:00,,6,8.36,4,207.0
12453,Sofia,Gomez,28.0,Cali,Premium,6,352.0,8,41.07,2023.0,2023-11-03 16:14:24.216054016+00:00,,8,41.07,6,352.0
12454,Luis,Garcia,76.0,MTY,Basico,11,572.0,4,1.17,2023.0,2023-11-03 22:48:42.130532640+00:00,2024-11-16 23:33:20+00:00,4,1.17,11,572.0
12455,Mariana,Garcia,39.0,Bogotá,Basico,4,238.0,2,1.66,2023.0,2023-11-04 05:23:00.045011256+00:00,,2,1.66,4,238.0
12456,Carlos,Ramirez,32.0,GDL,Basico,3,207.0,1,5.45,2023.0,2023-11-04 11:57:17.959489872+00:00,,1,5.45,3,207.0
12457,Mariana,Lopez,27.0,Medellín,Premium,8,396.0,7,24.25,2023.0,2023-11-04 18:31:35.873968496+00:00,,7,24.25,8,396.0
12458,Carlos,Lopez,58.0,MTY,Premium,6,254.0,7,42.32,2023.0,2023-11-05 01:05:53.788447112+00:00,,7,42.32,6,254.0
12459,Luis,Torres,44.0,MTY,Basico,1,56.0,2,14.01,2023.0,2023-11-05 07:40:11.702925736+00:00,,2,14.01,1,56.0
12460,Carlos,Gomez,77.0,CDMX,Premium,10,381.0,6,29.64,2023.0,2023-11-05 14:14:29.617404352+00:00,,6,29.64,10,381.0
12461,Mateo,Lopez,26.0,CDMX,Premium,4,176.0,5,49.35,2023.0,2023-11-05 20:48:47.531882976+00:00,,5,49.35,4,176.0
12462,Mateo,Garcia,69.0,Desconocido,Premium,7,338.0,6,48.519999999999996,2023.0,2023-11-06 03:23:05.446361592+00:00,,6,48.519999999999996,7,338.0
12463,Mateo,Gomez,45.0,Desconocido,Basico,10,497.0,2,11.92,2023.0,2023-11-06 09:57:23.360840216+00:00,,2,11.92,10,497.0
12464,Ana,Gomez,18.0,Cali,Basico,6,357.0,6,53.85,2023.0,2023-11-06 16:31:41.275318832+00:00,,6,53.85,6,357.0
12465,Luis,Ramirez,34.0,GDL,Basico,7,343.0,5,26.93,2023.0,2023-11-06 23:05:59.189797456+00:00,2024-06-05 01:13:20+00:00,5,26.93,7,343.0
12466,Mariana,Lopez,48.0,Bogotá,Premium,7,410.0,1,6.19,2023.0,2023-11-07 05:40:17.104276072+00:00,,1,6.19,7,410.0
12467,Mariana,Ramirez,61.0,Medellín,Basico,6,314.0,4,9.41,2023.0,2023-11-07 12:14:35.018754688+00:00,,4,9.41,6,314.0
12468,Ana,Lopez,27.0,Desconocido,Premium,8,320.0,4,17.77,2023.0,2023-11-07 18:48:52.933233312+00:00,,4,17.77,8,320.0
12469,Carlos,Torres,48.0,Bogotá,Premium,10,404.0,4,8.78,2023.0,2023-11-08 01:23:10.847711928+00:00,,4,8.78,10,404.0
12470,Ana,Ramirez,54.0,Cali,Premium,4,244.0,6,47.39,2023.0,2023-11-08 07:57:28.762190552+00:00,,6,47.39,4,244.0
12471,Carlos,Ramirez,79.0,Desconocido,Premium,10,527.0,5,24.53,2023.0,2023-11-08 14:31:46.676669168+00:00,2024-06-02 23:13:20+00:00,5,24.53,10,527.0
12472,Carlos,Garcia,46.0,Desconocido,Basico,6,276.0,7,141.37,2023.0,2023-11-08 21:06:04.591147792+00:00,2024-06-24 00:46:40+00:00,7,82.19759999999998,6,276.0
12473,Sofia,Ramirez,35.0,GDL,Premium,7,336.0,3,23.630000000000003,2023.0,2023-11-09 03:40:22.505626408+00:00,,3,23.630000000000003,7,336.0
12474,Mariana,Lopez,64.0,CDMX,Basico,5,200.0,3,15.86,2023.0,2023-11-09 10:14:40.420105032+00:00,,3,15.86,5,200.0
12475,Mateo,Garcia,55.0,Bogotá,Premium,7,348.0,4,8.49,,,,4,8.49,7,348.0
12476,Carlos,Ramirez,56.0,Bogotá,Premium,4,282.0,4,14.959999999999999,2023.0,2023-11-09 23:23:16.249062272+00:00,,4,14.959999999999999,4,282.0
12477,Sofia,Ramirez,66.0,GDL,Premium,4,166.0,3,8.4,2023.0,2023-11-10 05:57:34.163540888+00:00,,3,8.4,4,166.0
12478,Mariana,Torres,23.0,GDL,Premium,6,328.0,6,10.18,2023.0,2023-11-10 12:31:52.078019512+00:00,2024-07-11 23:20:00+00:00,6,10.18,6,328.0
12479,Mateo,Ramirez,57.0,Cali,Basico,9,379.0,7,24.13,2023.0,2023-11-10 19:06:09.992498128+00:00,,7,24.13,9,379.0
12480,Carlos,Gomez,29.0,Bogotá,Basico,3,192.0,2,7.0600000000000005,2023.0,2023-11-11 01:40:27.906976744+00:00,,2,7.0600000000000005,3,192.0
12481,Carlos,Garcia,70.0,MTY,Premium,3,213.0,5,36.56,2023.0,2023-11-11 08:14:45.821455368+00:00,,5,36.56,3,213.0
12482,Ana,Gomez,31.0,Medellín,Basico,6,357.0,4,14.15,2023.0,2023-11-11 14:49:03.735933984+00:00,,4,14.15,6,357.0
12483,Ana,Garcia,61.0,Medellín,Basico,3,131.0,2,3.6100000000000003,2023.0,2023-11-11 21:23:21.650412608+00:00,,2,3.6100000000000003,3,131.0
12484,Mariana,Torres,72.0,Cali,Basico,5,308.0,4,31.660000000000004,2023.0,2023-11-12 03:57:39.564891224+00:00,2024-06-05 23:26:40+00:00,4,31.660000000000004,5,308.0
12485,Mateo,Ramirez,27.0,CDMX,Basico,5,250.0,2,4.949999999999999,2023.0,2023-11-12 10:31:57.479369848+00:00,,2,4.949999999999999,5,250.0
12486,Carlos,Ramirez,71.0,Medellín,Basico,3,136.0,7,24.86,2023.0,2023-11-12 17:06:15.393848464+00:00,,7,24.86,3,136.0
12487,Mariana,Ramirez,37.0,Bogotá,Premium,8,439.0,3,24.58,2023.0,2023-11-12 23:40:33.308327088+00:00,,3,24.58,8,439.0
12488,Mariana,Garcia,32.0,CDMX,Basico,2,128.0,7,18.88,2023.0,2023-11-13 06:14:51.222805704+00:00,,7,18.88,2,128.0
12489,Luis,Ramirez,48.0,Cali,Basico,7,429.0,6,37.269999999999996,2023.0,2023-11-13 12:49:09.137284328+00:00,,6,37.269999999999996,7,429.0
12490,Ana,Gomez,24.0,MTY,Premium,6,318.0,6,16.84,2023.0,2023-11-13 19:23:27.051762944+00:00,,6,16.84,6,318.0
12491,Mateo,Ramirez,75.0,MTY,Basico,3,207.0,7,29.060000000000002,2023.0,2023-11-14 01:57:44.966241560+00:00,2024-06-02 23:13:20+00:00,7,29.060000000000002,3,207.0
12492,Carlos,Torres,58.0,Bogotá,Basico,7,325.0,12,50.02,2023.0,2023-11-14 08:32:02.880720184+00:00,2024-09-15 22:40:00+00:00,10,50.02,7,325.0
12493,Mariana,Gomez,27.0,MTY,Premium,7,436.0,6,13.81,2023.0,2023-11-14 15:06:20.795198800+00:00,,6,13.81,7,436.0
12494,Carlos,Ramirez,27.0,MTY,Premium,5,262.0,5,49.32,2023.0,2023-11-14 21:40:38.709677424+00:00,,5,49.32,5,262.0
12495,Luis,Ramirez,65.0,Cali,Basico,5,243.0,4,8.95,2023.0,2023-11-15 04:14:56.624156040+00:00,,4,8.95,5,243.0
12496,Mateo,Lopez,78.0,CDMX,Premium,4,134.0,5,19.44,2023.0,2023-11-15 10:49:14.538634664+00:00,2024-08-21 22:40:00+00:00,5,19.44,4,134.0
12497,Mariana,Garcia,56.0,Desconocido,Premium,5,235.0,3,25.740000000000002,2023.0,2023-11-15 17:23:32.453113280+00:00,,3,25.740000000000002,5,235.0
12498,Carlos,Gomez,45.0,Bogotá,Basico,9,383.0,4,8.8,2023.0,2023-11-15 23:57:50.367591904+00:00,,4,8.8,9,383.0
12499,Ana,Lopez,47.0,GDL,Basico,1,39.0,4,26.689999999999998,2023.0,2023-11-16 06:32:08.282070520+00:00,,4,26.689999999999998,1,39.0
12500,Luis,Torres,54.0,CDMX,Premium,9,467.0,2,20.64,2023.0,2023-11-16 13:06:26.196549144+00:00,,2,20.64,9,467.0
12501,Mateo,Garcia,72.0,Bogotá,Basico,3,159.0,1,3.1,2023.0,2023-11-16 19:40:44.111027760+00:00,,1,3.1,3,159.0
12502,Luis,Gomez,20.0,Medellín,Basico,2,100.0,6,51.97,2023.0,2023-11-17 02:15:02.025506376+00:00,,6,51.97,2,100.0
12503,Ana,Ramirez,67.0,CDMX,Premium,8,546.0,7,38.660000000000004,2023.0,2023-11-17 08:49:19.939985+00:00,,7,38.660000000000004,8,546.0
12504,Mateo,Gomez,60.0,GDL,Basico,2,81.0,5,12.639999999999999,2023.0,2023-11-17 15:23:37.854463616+00:00,,5,12.639999999999999,2,81.0
12505,Luis,Ramirez,32.0,Cali,Basico,5,204.0,5,12.36,2023.0,2023-11-17 21:57:55.768942240+00:00,,5,12.36,5,204.0
12506,Sofia,Garcia,38.0,CDMX,Basico,9,456.0,6,26.48,2023.0,2023-11-18 04:32:13.683420856+00:00,2024-10-04 00:00:00+00:00,6,26.48,9,456.0
12507,Ana,Ramirez,69.0,Desconocido,Premium,6,330.0,1,12.3,2023.0,2023-11-18 11:06:31.597899480+00:00,,1,12.3,6,330.0
12508,Ana,Torres,54.0,Medellín,Basico,5,224.0,3,16.07,2023.0,2023-11-18 17:40:49.512378096+00:00,2024-07-08 23:06:40+00:00,3,16.07,5,224.0
12509,Ana,Ramirez,73.0,Bogotá,Basico,4,189.0,5,28.32,2023.0,2023-11-19 00:15:07.426856720+00:00,,5,28.32,4,189.0
12510,Sofia,Torres,29.0,MTY,Basico,1,27.0,5,19.509999999999998,2023.0,2023-11-19 06:49:25.341335336+00:00,,5,19.509999999999998,1,34.0
12511,Sofia,Garcia,21.0,CDMX,Basico,6,323.0,11,48.75,2023.0,2023-11-19 13:23:43.255813960+00:00,2024-11-13 01:06:40+00:00,10,48.75,6,323.0
12512,Carlos,Garcia,64.0,Cali,Premium,4,238.0,3,22.78,2023.0,2023-11-19 19:58:01.170292576+00:00,,3,22.78,4,238.0
12513,Mariana,Gomez,26.0,CDMX,Premium,6,176.0,5,16.71,2023.0,2023-11-20 02:32:19.084771200+00:00,,5,16.71,6,176.0
12514,Luis,Torres,56.0,MTY,Basico,1,30.0,6,10.950000000000001,2023.0,2023-11-20 09:06:36.999249816+00:00,,6,10.950000000000001,1,34.0
12515,Carlos,Torres,59.0,Bogotá,Premium,5,242.0,7,52.61,2023.0,2023-11-20 15:40:54.913728432+00:00,,7,52.61,5,242.0
12516,Luis,Lopez,78.0,GDL,Premium,3,231.0,8,33.26,2023.0,2023-11-20 22:15:12.828207056+00:00,,8,33.26,3,231.0
12517,Mariana,Lopez,45.0,Bogotá,Premium,4,159.0,3,15.66,2023.0,2023-11-21 04:49:30.742685672+00:00,,3,15.66,4,159.0
12518,Sofia,Lopez,40.0,Cali,Basico,3,124.0,5,20.51,2023.0,2023-11-21 11:23:48.657164296+00:00,,5,20.51,3,124.0
12519,Mariana,Ramirez,48.0,Bogotá,Basico,4,206.0,10,30.13,2023.0,2023-11-21 17:58:06.571642912+00:00,,10,30.13,4,206.0
12520,Sofia,Lopez,62.0,Desconocido,Premium,8,353.0,8,20.94,2023.0,2023-11-22 00:32:24.486121536+00:00,2024-07-14 23:33:20+00:00,8,20.94,8,353.0
12521,Mariana,Torres,78.0,Cali,Basico,5,217.0,3,29.21,2023.0,2023-11-22 07:06:42.400600152+00:00,2024-12-18 00:00:00+00:00,3,29.21,5,217.0
12522,Carlos,Ramirez,57.0,MTY,Basico,6,301.0,6,14.74,2023.0,2023-11-22 13:41:00.315078776+00:00,,6,14.74,6,301.0
12523,Mateo,Garcia,61.0,MTY,Basico,1,47.0,4,10.93,2023.0,2023-11-22 20:15:18.229557392+00:00,,4,10.93,1,47.0
12524,Carlos,Gomez,39.0,Bogotá,Premium,4,134.0,6,39.47,2023.0,2023-11-23 02:49:36.144036016+00:00,,6,39.47,4,134.0
12525,Luis,Lopez,41.0,Medellín,Basico,5,225.0,1,0.32,2023.0,2023-11-23 09:23:54.058514632+00:00,,1,0.32,5,225.0
12526,Carlos,Garcia,68.0,GDL,Basico,4,164.0,9,35.57,2023.0,2023-11-23 15:58:11.972993248+00:00,,9,35.57,4,164.0
12527,Ana,Torres,75.0,Desconocido,Basico,8,460.0,9,44.35,2023.0,2023-11-23 22:32:29.887471872+00:00,,9,44.35,8,460.0
12528,Luis,Gomez,43.0,Medellín,Premium,5,345.0,3,37.82,2023.0,2023-11-24 05:06:47.801950488+00:00,,3,37.82,5,345.0
12529,Mariana,Garcia,47.0,MTY,Basico,4,205.0,6,27.38,2023.0,2023-11-24 11:41:05.716429112+00:00,2024-09-09 00:00:00+00:00,6,27.38,4,205.0
12530,Luis,Gomez,50.0,Medellín,Basico,6,216.0,4,10.89,2023.0,2023-11-24 18:15:23.630907728+00:00,,4,10.89,6,216.0
12531,Mateo,Lopez,33.0,MTY,Basico,3,158.0,4,15.39,2023.0,2023-11-25 00:49:41.545386352+00:00,,4,15.39,3,158.0
12532,Sofia,Torres,39.0,Cali,Basico,7,441.0,2,7.470000000000001,2023.0,2023-11-25 07:23:59.459864968+00:00,,2,7.470000000000001,7,441.0
12533,Mariana,Gomez,66.0,Bogotá,Basico,5,146.0,7,19.14,2023.0,2023-11-25 13:58:17.374343592+00:00,,7,19.14,5,146.0
12534,Luis,Garcia,74.0,CDMX,Basico,5,258.0,2,3.72,2023.0,2023-11-25 20:32:35.288822208+00:00,,2,3.72,5,258.0
12535,Mariana,Lopez,79.0,CDMX,Premium,9,423.0,5,23.73,2023.0,2023-11-26 03:06:53.203300832+00:00,2024-12-16 00:46:40+00:00,5,23.73,9,423.0
12536,Mariana,Lopez,67.0,Desconocido,Basico,7,364.0,3,19.66,2023.0,2023-11-26 09:41:11.117779448+00:00,,3,19.66,7,364.0
12537,Mariana,Garcia,60.0,Bogotá,Premium,5,188.0,0,0.0,2023.0,2023-11-26 16:15:29.032258064+00:00,,0,0.0,5,188.0
12538,Sofia,Garcia,35.0,Desconocido,Basico,7,366.0,3,10.01,2023.0,2023-11-26 22:49:46.946736688+00:00,2024-12-19 01:00:00+00:00,3,10.01,7,366.0
12539,Carlos,Gomez,24.0,CDMX,Basico,3,212.0,0,0.0,2023.0,2023-11-27 05:24:04.861215304+00:00,,0,0.0,3,212.0
12540,Mariana,Ramirez,67.0,GDL,Basico,6,315.0,4,20.130000000000003,2023.0,2023-11-27 11:58:22.775693928+00:00,,4,20.130000000000003,6,315.0
12541,Ana,Lopez,43.0,GDL,Basico,5,221.0,5,30.46,2023.0,2023-11-27 18:32:40.690172544+00:00,,5,30.46,5,221.0
12542,Mateo,Gomez,25.0,Bogotá,Basico,7,357.0,7,46.769999999999996,2023.0,2023-11-28 01:06:58.604651168+00:00,2024-11-04 00:26:40+00:00,7,46.769999999999996,7,357.0
12543,Sofia,Garcia,23.0,MTY,Basico,4,218.0,4,12.17,2023.0,2023-11-28 07:41:16.519129784+00:00,2024-11-27 23:26:40+00:00,4,12.17,4,218.0
12544,Luis,Gomez,47.0,CDMX,Premium,6,337.0,5,27.95,2023.0,2023-11-28 14:15:34.433608408+00:00,,5,27.95,6,337.0
12545,Sofia,Garcia,56.0,Medellín,Basico,3,163.0,6,28.560000000000002,2023.0,2023-11-28 20:49:52.348087024+00:00,,6,28.560000000000002,3,163.0
12546,Luis,Torres,40.0,Bogotá,Basico,6,246.0,2,20.16,2023.0,2023-11-29 03:24:10.262565648+00:00,,2,20.16,6,246.0
12547,Sofia,Garcia,49.0,GDL,Basico,7,399.0,5,22.98,2023.0,2023-11-29 09:58:28.177044264+00:00,,5,22.98,7,399.0
12548,Luis,Garcia,39.0,Bogotá,Basico,4,221.0,4,23.17,2023.0,2023-11-29 16:32:46.091522888+00:00,,4,23.17,4,221.0
12549,Mariana,Garcia,59.0,Medellín,Basico,3,172.0,11,65.79,2023.0,2023-11-29 23:07:04.006001504+00:00,,10,65.79,3,172.0
12550,Carlos,Ramirez,60.0,GDL,Basico,9,400.0,6,17.44,2023.0,2023-11-30 05:41:21.920480120+00:00,,6,17.44,9,400.0
12551,Luis,Garcia,74.0,GDL,Basico,9,468.0,5,27.52,2023.0,2023-11-30 12:15:39.834958744+00:00,,5,27.52,9,468.0
12552,Luis,Lopez,62.0,MTY,Basico,7,368.0,8,50.81,2023.0,2023-11-30 18:49:57.749437360+00:00,,8,50.81,7,368.0
12553,Ana,Lopez,26.0,Medellín,Basico,6,337.0,6,34.09,2023.0,2023-12-01 01:24:15.663915984+00:00,,6,34.09,6,337.0
12554,Luis,Gomez,48.0,Cali,Basico,5,227.0,5,12.84,2023.0,2023-12-01 07:58:33.578394600+00:00,2024-12-10 00:20:00+00:00,5,12.84,5,227.0
12555,Ana,Ramirez,24.0,MTY,Basico,1,54.0,5,32.15,2023.0,2023-12-01 14:32:51.492873224+00:00,,5,32.15,1,54.0
12556,Mateo,Gomez,26.0,GDL,Basico,7,346.0,10,34.699999999999996,2023.0,2023-12-01 21:07:09.407351840+00:00,,10,34.699999999999996,7,346.0
12557,Mariana,Lopez,30.0,Desconocido,Basico,3,108.0,4,29.92,2023.0,2023-12-02 03:41:27.321830464+00:00,,4,29.92,3,108.0
12558,Ana,Lopez,75.0,Desconocido,Basico,7,348.0,3,13.72,2023.0,2023-12-02 10:15:45.236309080+00:00,,3,13.72,7,348.0
12559,Carlos,Torres,20.0,Medellín,Basico,2,96.0,4,9.31,2023.0,2023-12-02 16:50:03.150787704+00:00,,4,9.31,2,96.0
12560,Mariana,Garcia,52.0,Desconocido,Basico,3,157.0,5,18.07,2023.0,2023-12-02 23:24:21.065266320+00:00,,5,18.07,3,157.0
12561,Ana,Lopez,50.0,Medellín,Basico,4,145.0,4,14.719999999999999,2023.0,2023-12-03 05:58:38.979744936+00:00,2024-06-30 23:26:40+00:00,4,14.719999999999999,4,145.0
12562,Mariana,Gomez,38.0,Medellín,Basico,8,383.0,6,34.64,2023.0,2023-12-03 12:32:56.894223560+00:00,,6,34.64,8,383.0
12563,Mariana,Gomez,48.0,MTY,Basico,6,316.0,7,19.27,2023.0,2023-12-03 19:07:14.808702176+00:00,2024-12-18 00:00:00+00:00,7,19.27,6,316.0
12564,Mariana,Garcia,69.0,Bogotá,Basico,7,391.0,9,35.599999999999994,2023.0,2023-12-04 01:41:32.723180800+00:00,,9,35.599999999999994,7,391.0
12565,Mateo,Garcia,51.0,CDMX,Basico,7,303.0,5,35.75,2023.0,2023-12-04 08:15:50.637659416+00:00,,5,35.75,7,303.0
12566,Carlos,Torres,49.0,Cali,Premium,9,482.0,5,18.75,2023.0,2023-12-04 14:50:08.552138040+00:00,,5,18.75,9,482.0
12567,Sofia,Ramirez,74.0,Desconocido,Premium,9,466.0,4,11.969999999999999,2023.0,2023-12-04 21:24:26.466616656+00:00,,4,11.969999999999999,9,466.0
12568,Sofia,Gomez,52.0,Medellín,Basico,4,84.0,3,7.84,2023.0,2023-12-05 03:58:44.381095280+00:00,,3,7.84,4,84.0
12569,Ana,Garcia,32.0,MTY,Premium,4,230.0,5,20.259999999999998,2023.0,2023-12-05 10:33:02.295573896+00:00,,5,20.259999999999998,4,230.0
12570,Mariana,Gomez,73.0,CDMX,Basico,5,207.0,5,4.96,2023.0,2023-12-05 17:07:20.210052520+00:00,,5,4.96,5,207.0
12571,Ana,Garcia,49.0,GDL,Basico,4,250.0,0,0.0,2023.0,2023-12-05 23:41:38.124531136+00:00,,0,0.0,4,250.0
12572,Mateo,Lopez,23.0,GDL,Premium,2,82.0,4,26.93,2023.0,2023-12-06 06:15:56.039009752+00:00,,4,26.93,2,82.0
12573,Mateo,Gomez,79.0,Medellín,Premium,4,130.0,3,21.45,2023.0,2023-12-06 12:50:13.953488376+00:00,,3,21.45,4,130.0
12574,Luis,Lopez,62.0,Desconocido,Premium,10,505.0,4,15.8,2023.0,2023-12-06 19:24:31.867966992+00:00,,4,15.8,10,505.0
12575,Mateo,Gomez,38.0,CDMX,Basico,6,223.0,3,16.63,2023.0,2023-12-07 01:58:49.782445616+00:00,,3,16.63,6,223.0
12576,Luis,Ramirez,50.0,CDMX,Basico,5,324.0,4,8.59,2023.0,2023-12-07 08:33:07.696924232+00:00,2024-09-18 22:53:20+00:00,4,8.59,5,324.0
12577,Carlos,Torres,49.0,Medellín,Basico,7,299.0,4,20.759999999999998,2023.0,2023-12-07 15:07:25.611402856+00:00,2024-07-30 22:53:20+00:00,4,20.759999999999998,7,299.0
12578,Ana,Lopez,69.0,GDL,Basico,3,147.0,4,28.749999999999996,2023.0,2023-12-07 21:41:43.525881472+00:00,,4,28.749999999999996,3,147.0
12579,Carlos,Garcia,36.0,Desconocido,Basico,2,100.0,8,39.21,2023.0,2023-12-08 04:16:01.440360096+00:00,,8,39.21,2,100.0
12580,Mateo,Ramirez,50.0,MTY,Premium,5,267.0,2,11.629999999999999,2023.0,2023-12-08 10:50:19.354838712+00:00,,2,11.629999999999999,5,267.0
12581,Carlos,Gomez,45.0,GDL,Basico,4,225.0,5,16.990000000000002,2023.0,2023-12-08 17:24:37.269317336+00:00,2024-08-18 00:13:20+00:00,5,16.990000000000002,4,225.0
12582,Carlos,Lopez,48.0,GDL,Basico,5,274.0,2,10.98,2023.0,2023-12-08 23:58:55.183795952+00:00,,2,10.98,5,274.0
12583,Carlos,Gomez,38.0,CDMX,Basico,3,140.0,2,14.790000000000001,2023.0,2023-12-09 06:33:13.098274576+00:00,,2,14.790000000000001,3,140.0
12584,Mateo,Gomez,71.0,Bogotá,Basico,3,188.0,4,18.46,2023.0,2023-12-09 13:07:31.012753192+00:00,,4,18.46,3,188.0
12585,Mariana,Gomez,51.0,CDMX,Basico,11,534.0,6,26.29,2023.0,2023-12-09 19:41:48.927231808+00:00,,6,26.29,11,534.0
12586,Carlos,Torres,32.0,Bogotá,Premium,5,136.0,6,43.05,2023.0,2023-12-10 02:16:06.841710432+00:00,,6,43.05,5,136.0
12587,Luis,Torres,31.0,Bogotá,Basico,5,241.0,4,32.46,2023.0,2023-12-10 08:50:24.756189048+00:00,,4,32.46,5,241.0
12588,Mateo,Garcia,36.0,CDMX,Basico,2,100.0,5,14.93,2023.0,2023-12-10 15:24:42.670667672+00:00,,5,14.93,2,100.0
12589,Carlos,Lopez,60.0,CDMX,Premium,4,187.0,3,19.42,2023.0,2023-12-10 21:59:00.585146288+00:00,,3,19.42,4,187.0
12590,Mariana,Ramirez,79.0,Bogotá,Premium,6,299.0,4,12.01,2023.0,2023-12-11 04:33:18.499624912+00:00,,4,12.01,6,299.0
12591,Mateo,Ramirez,32.0,Medellín,Premium,5,292.0,2,8.39,2023.0,2023-12-11 11:07:36.414103528+00:00,,2,8.39,5,292.0
12592,Sofia,Ramirez,23.0,Desconocido,Premium,6,286.0,7,29.349999999999998,2023.0,2023-12-11 17:41:54.328582152+00:00,,7,29.349999999999998,6,286.0
12593,Mariana,Gomez,69.0,CDMX,Basico,5,139.0,9,36.43,2023.0,2023-12-12 00:16:12.243060768+00:00,,9,36.43,5,139.0
12594,Luis,Torres,26.0,CDMX,Premium,4,188.0,6,22.01,2023.0,2023-12-12 06:50:30.157539392+00:00,,6,22.01,4,188.0
12595,Carlos,Lopez,54.0,CDMX,Basico,11,582.0,1,0.88,2023.0,2023-12-12 13:24:48.072018008+00:00,,1,0.88,11,582.0
12596,Sofia,Gomez,37.0,Bogotá,Premium,7,253.0,7,21.65,2023.0,2023-12-12 19:59:05.986496624+00:00,,7,21.65,7,253.0
12597,Sofia,Torres,51.0,Medellín,Premium,6,262.0,3,4.529999999999999,2023.0,2023-12-13 02:33:23.900975248+00:00,,3,4.529999999999999,6,262.0
12598,Mateo,Torres,55.0,Cali,Basico,5,240.0,7,39.98,2023.0,2023-12-13 09:07:41.815453864+00:00,,7,39.98,5,240.0
12599,Sofia,Lopez,43.0,Medellín,Basico,7,349.0,3,8.879999999999999,2023.0,2023-12-13 15:41:59.729932488+00:00,,3,8.879999999999999,7,349.0
12600,Luis,Lopez,35.0,GDL,Basico,4,140.0,4,7.93,2023.0,2023-12-13 22:16:17.644411104+00:00,,4,7.93,4,140.0
12601,Luis,Lopez,45.0,Bogotá,Premium,2,91.0,2,4.46,2023.0,2023-12-14 04:50:35.558889728+00:00,,2,4.46,2,91.0
12602,Ana,Gomez,78.0,Desconocido,Basico,3,138.0,5,19.91,2023.0,2023-12-14 11:24:53.473368344+00:00,,5,19.91,3,138.0
12603,Luis,Garcia,72.0,MTY,Premium,4,203.0,6,52.04,2023.0,2023-12-14 17:59:11.387846968+00:00,,6,52.04,4,203.0
12604,Mariana,Lopez,68.0,Bogotá,Basico,4,225.0,9,49.25,2023.0,2023-12-15 00:33:29.302325584+00:00,,9,49.25,4,225.0
12605,Sofia,Garcia,26.0,Desconocido,Basico,6,271.0,5,34.09,2023.0,2023-12-15 07:07:47.216804208+00:00,,5,34.09,6,271.0
12606,Luis,Gomez,49.0,Medellín,Premium,7,282.0,6,35.35,2023.0,2023-12-15 13:42:05.131282824+00:00,,6,35.35,7,282.0
12607,Mateo,Garcia,76.0,Medellín,Basico,6,319.0,4,42.81,2023.0,2023-12-15 20:16:23.045761440+00:00,,4,42.81,6,319.0
12608,Ana,Ramirez,70.0,GDL,Basico,4,269.0,5,18.9,2023.0,2023-12-16 02:50:40.960240064+00:00,,5,18.9,4,269.0
12609,Sofia,Garcia,73.0,Bogotá,Basico,5,234.0,5,38.78,2023.0,2023-12-16 09:24:58.874718680+00:00,,5,38.78,5,234.0
12610,Ana,Lopez,76.0,CDMX,Premium,9,362.0,1,0.18,2023.0,2023-12-16 15:59:16.789197304+00:00,,1,0.18,9,362.0
12611,Sofia,Gomez,23.0,Medellín,Premium,8,490.0,3,12.56,2023.0,2023-12-16 22:33:34.703675920+00:00,2024-08-18 00:13:20+00:00,3,12.56,8,490.0
12612,Mateo,Lopez,31.0,CDMX,Premium,3,64.0,8,54.879999999999995,2023.0,2023-12-17 05:07:52.618154544+00:00,,8,54.879999999999995,3,64.0
12613,Ana,Ramirez,45.0,Cali,Premium,3,113.0,4,20.23,2023.0,2023-12-17 11:42:10.532633160+00:00,,4,20.23,3,113.0
12614,Carlos,Lopez,75.0,Cali,Basico,2,121.0,7,27.240000000000002,2023.0,2023-12-17 18:16:28.447111784+00:00,,7,27.240000000000002,2,121.0
12615,Mariana,Lopez,41.0,Bogotá,Basico,4,209.0,7,52.55,2023.0,2023-12-18 00:50:46.361590400+00:00,2024-09-23 00:06:40+00:00,7,52.55,4,209.0
12616,Mariana,Lopez,78.0,CDMX,Basico,2,79.0,5,24.9,2023.0,2023-12-18 07:25:04.276069024+00:00,,5,24.9,2,79.0
12617,Sofia,Torres,30.0,CDMX,Basico,5,268.0,6,30.22,2023.0,2023-12-18 13:59:22.190547640+00:00,,6,30.22,5,268.0
12618,Carlos,Ramirez,60.0,Cali,Basico,4,203.0,4,8.94,2023.0,2023-12-18 20:33:40.105026264+00:00,,4,8.94,4,203.0
12619,Ana,Lopez,29.0,Medellín,Basico,7,350.0,4,18.97,2023.0,2023-12-19 03:07:58.019504880+00:00,,4,18.97,7,350.0
12620,Carlos,Lopez,68.0,Medellín,Basico,4,214.0,2,2.3600000000000003,2023.0,2023-12-19 09:42:15.933983496+00:00,,2,2.3600000000000003,4,214.0
12621,Carlos,Lopez,36.0,MTY,Basico,4,181.0,4,18.48,2023.0,2023-12-19 16:16:33.848462120+00:00,,4,18.48,4,181.0
12622,Ana,Gomez,38.0,Bogotá,Premium,6,351.0,3,18.939999999999998,2023.0,2023-12-19 22:50:51.762940736+00:00,2024-12-11 23:33:20+00:00,3,18.939999999999998,6,351.0
12623,Mateo,Torres,44.0,Medellín,Premium,3,157.0,3,14.86,2023.0,2023-12-20 05:25:09.677419360+00:00,,3,14.86,3,157.0
12624,Carlos,Gomez,75.0,Bogotá,Basico,3,116.0,4,9.44,2023.0,2023-12-20 11:59:27.591897976+00:00,,4,9.44,3,116.0
12625,Carlos,Torres,36.0,Medellín,Premium,7,323.0,5,52.28,2023.0,2023-12-20 18:33:45.506376600+00:00,,5,52.28,7,323.0
12626,Mateo,Lopez,41.0,Cali,Premium,7,465.0,4,18.07,2023.0,2023-12-21 01:08:03.420855216+00:00,,4,18.07,7,465.0
12627,Carlos,Ramirez,43.0,GDL,Basico,9,380.0,9,29.33,2023.0,2023-12-21 07:42:21.335333840+00:00,,9,29.33,9,380.0
12628,Carlos,Garcia,62.0,CDMX,Basico,4,188.0,4,25.080000000000002,2023.0,2023-12-21 14:16:39.249812456+00:00,,4,25.080000000000002,4,188.0
12629,Carlos,Garcia,45.0,Bogotá,Basico,7,392.0,2,13.02,2023.0,2023-12-21 20:50:57.164291080+00:00,,2,13.02,7,392.0
12630,Mariana,Lopez,63.0,CDMX,Basico,7,371.0,6,36.260000000000005,2023.0,2023-12-22 03:25:15.078769696+00:00,,6,36.260000000000005,7,371.0
12631,Luis,Gomez,73.0,Cali,Premium,5,289.0,7,29.21,2023.0,2023-12-22 09:59:32.993248312+00:00,,7,29.21,5,289.0
12632,Mateo,Ramirez,35.0,Medellín,Premium,5,251.0,5,17.349999999999998,2023.0,2023-12-22 16:33:50.907726936+00:00,,5,17.349999999999998,5,251.0
12633,Carlos,Torres,61.0,Desconocido,Premium,6,264.0,7,70.11999999999999,2023.0,2023-12-22 23:08:08.822205552+00:00,,7,70.11999999999999,6,264.0
12634,Mariana,Lopez,53.0,Medellín,Basico,5,223.0,2,19.740000000000002,2023.0,2023-12-23 05:42:26.736684176+00:00,,2,19.740000000000002,5,223.0
12635,Mateo,Ramirez,59.0,CDMX,Premium,8,487.0,4,16.95,2023.0,2023-12-23 12:16:44.651162792+00:00,,4,16.95,8,487.0
12636,Sofia,Ramirez,46.0,GDL,Basico,7,440.0,9,23.51,2023.0,2023-12-23 18:51:02.565641416+00:00,,9,23.51,7,440.0
12637,Sofia,Torres,34.0,Cali,Premium,5,212.0,7,45.06,2023.0,2023-12-24 01:25:20.480120032+00:00,,7,45.06,5,212.0
12638,Carlos,Ramirez,21.0,CDMX,Basico,9,477.0,5,10.17,2023.0,2023-12-24 07:59:38.394598656+00:00,,5,10.17,9,477.0
12639,Mariana,Gomez,61.0,Medellín,Basico,6,243.0,7,34.18,2023.0,2023-12-24 14:33:56.309077272+00:00,,7,34.18,6,243.0
12640,Mariana,Gomez,62.0,Cali,Basico,8,391.0,8,31.65,2023.0,2023-12-24 21:08:14.223555896+00:00,,8,31.65,8,391.0
12641,Mateo,Gomez,78.0,MTY,Premium,3,174.0,3,19.28,2023.0,2023-12-25 03:42:32.138034512+00:00,,3,19.28,3,174.0
12642,Mateo,Ramirez,76.0,MTY,Basico,2,136.0,5,11.9,2023.0,2023-12-25 10:16:50.052513128+00:00,,5,11.9,2,136.0
12643,Mariana,Gomez,46.0,Bogotá,Basico,6,288.0,6,20.96,2023.0,2023-12-25 16:51:07.966991752+00:00,,6,20.96,6,288.0
12644,Mateo,Torres,21.0,Desconocido,Premium,3,166.0,3,8.69,2023.0,2023-12-25 23:25:25.881470368+00:00,,3,8.69,3,166.0
12645,Mariana,Ramirez,27.0,GDL,Premium,10,416.0,6,39.339999999999996,2023.0,2023-12-26 05:59:43.795948992+00:00,,6,39.339999999999996,10,416.0
12646,Luis,Garcia,42.0,Desconocido,Basico,6,249.0,6,41.48,2023.0,2023-12-26 12:34:01.710427608+00:00,,6,41.48,6,249.0
12647,Mariana,Ramirez,48.0,Bogotá,Premium,8,440.0,4,13.21,2023.0,2023-12-26 19:08:19.624906232+00:00,,4,13.21,8,440.0
12648,Sofia,Torres,20.0,Desconocido,Basico,11,572.0,5,18.48,2023.0,2023-12-27 01:42:37.539384848+00:00,,5,18.48,11,572.0
12649,Mateo,Garcia,64.0,CDMX,Basico,2,85.0,4,34.949999999999996,2023.0,2023-12-27 08:16:55.453863472+00:00,,4,34.949999999999996,2,85.0
12650,Mariana,Ramirez,19.0,CDMX,Basico,8,420.0,4,11.08,2023.0,2023-12-27 14:51:13.368342088+00:00,,4,11.08,8,420.0
12651,Mariana,Gomez,74.0,Cali,Basico,3,115.0,6,41.41,2023.0,2023-12-27 21:25:31.282820712+00:00,,6,41.41,3,115.0
12652,Mateo,Lopez,42.0,Desconocido,Basico,4,183.0,1,7.45,2023.0,2023-12-28 03:59:49.197299328+00:00,,1,7.45,4,183.0
12653,Luis,Lopez,66.0,Bogotá,Basico,6,303.0,4,20.31,2023.0,2023-12-28 10:34:07.111777952+00:00,,4,20.31,6,303.0
12654,Luis,Gomez,23.0,Medellín,Basico,7,373.0,3,21.32,2023.0,2023-12-28 17:08:25.026256568+00:00,,3,21.32,7,373.0
12655,Mateo,Lopez,43.0,Desconocido,Premium,1,70.0,8,33.72,2023.0,2023-12-28 23:42:42.940735184+00:00,2024-08-16 23:13:20+00:00,8,33.72,1,70.0
12656,Ana,Lopez,25.0,CDMX,Premium,1,55.0,6,68.04,2023.0,2023-12-29 06:17:00.855213808+00:00,2024-06-05 01:13:20+00:00,6,68.04,1,55.0
12657,Mateo,Gomez,52.0,Bogotá,Basico,7,1805.0,1,1.96,2023.0,2023-12-29 12:51:18.769692424+00:00,,1,1.96,7,724.02
12658,Mateo,Gomez,44.0,Desconocido,Basico,6,307.0,4,26.830000000000002,2023.0,2023-12-29 19:25:36.684171048+00:00,,4,26.830000000000002,6,307.0
12659,Luis,Ramirez,42.0,MTY,Basico,7,321.0,3,16.27,2023.0,2023-12-30 01:59:54.598649664+00:00,,3,16.27,7,321.0
12660,Luis,Ramirez,35.0,MTY,Premium,6,323.0,6,27.19,2023.0,2023-12-30 08:34:12.513128288+00:00,,6,27.19,6,323.0
12661,Mateo,Gomez,71.0,Cali,Basico,7,486.0,4,9.780000000000001,2023.0,2023-12-30 15:08:30.427606904+00:00,,4,9.780000000000001,7,486.0
12662,Mateo,Torres,18.0,MTY,Basico,5,217.0,2,10.49,2023.0,2023-12-30 21:42:48.342085528+00:00,,2,10.49,5,217.0
12663,Mateo,Lopez,78.0,CDMX,Basico,7,389.0,5,16.39,2023.0,2023-12-31 04:17:06.256564144+00:00,,5,16.39,7,389.0
12664,Luis,Ramirez,65.0,Desconocido,Basico,8,411.0,6,19.75,2023.0,2023-12-31 10:51:24.171042768+00:00,,6,19.75,8,411.0
12665,Mateo,Lopez,56.0,Bogotá,Basico,7,506.0,6,31.560000000000002,2023.0,2023-12-31 17:25:42.085521384+00:00,,6,31.560000000000002,7,506.0
12666,Mateo,Garcia,20.0,Cali,Premium,13,610.0,3,11.5,2024.0,2024-01-01 00:00:00+00:00,,3,11.5,12,610.0
12667,Carlos,Gomez,72.0,Cali,Premium,3,133.0,7,33.269999999999996,2024.0,2024-01-01 06:34:17.914478624+00:00,,7,33.269999999999996,3,133.0
12668,Ana,Torres,21.0,CDMX,Basico,5,189.0,7,87.56,2024.0,2024-01-01 13:08:35.828957240+00:00,,7,82.19759999999998,5,189.0
12669,Sofia,Garcia,58.0,CDMX,Basico,4,179.0,5,27.62,2024.0,2024-01-01 19:42:53.743435864+00:00,,5,27.62,4,179.0
12670,Ana,Garcia,54.0,MTY,Premium,9,496.0,4,31.9,2024.0,2024-01-02 02:17:11.657914480+00:00,,4,31.9,9,496.0
12671,Carlos,Garcia,68.0,MTY,Basico,7,267.0,3,7.73,2024.0,2024-01-02 08:51:29.572393104+00:00,,3,7.73,7,267.0
12672,Sofia,Gomez,32.0,Medellín,Basico,6,342.0,5,17.64,2024.0,2024-01-02 15:25:47.486871720+00:00,,5,17.64,6,342.0
12673,Mateo,Ramirez,25.0,Medellín,Premium,4,1636.0,3,1.75,2024.0,2024-01-02 22:00:05.401350344+00:00,,3,1.75,4,724.02
12674,Carlos,Gomez,55.0,Bogotá,Premium,5,276.0,3,2.61,2024.0,2024-01-03 04:34:23.315828960+00:00,2024-07-05 22:53:20+00:00,3,2.61,5,276.0
12675,Mateo,Ramirez,67.0,GDL,Basico,3,147.0,4,31.57,2024.0,2024-01-03 11:08:41.230307584+00:00,,4,31.57,3,147.0
12676,Luis,Garcia,36.0,MTY,Basico,15,813.0,3,24.98,2024.0,2024-01-03 17:42:59.144786200+00:00,,3,24.98,12,724.02
12677,Mariana,Garcia,73.0,Bogotá,Premium,9,465.0,6,73.0,2024.0,2024-01-04 00:17:17.059264816+00:00,,6,73.0,9,465.0
12678,Carlos,Torres,64.0,Bogotá,Premium,8,462.0,6,18.49,2024.0,2024-01-04 06:51:34.973743440+00:00,,6,18.49,8,462.0
12679,Luis,Ramirez,43.0,CDMX,Premium,8,473.0,8,51.11,2024.0,2024-01-04 13:25:52.888222056+00:00,2024-11-23 00:00:00+00:00,8,51.11,8,473.0
12680,Carlos,Garcia,56.0,Medellín,Premium,9,520.0,4,11.87,2024.0,2024-01-04 20:00:10.802700680+00:00,,4,11.87,9,520.0
12681,Carlos,Lopez,27.0,CDMX,Basico,4,226.0,7,25.29,2024.0,2024-01-05 02:34:28.717179296+00:00,,7,25.29,4,226.0
12682,Luis,Torres,55.0,MTY,Basico,3,222.0,1,5.47,2024.0,2024-01-05 09:08:46.631657920+00:00,,1,5.47,3,222.0
12683,Sofia,Gomez,31.0,Medellín,Basico,4,266.0,7,51.86,2024.0,2024-01-05 15:43:04.546136536+00:00,,7,51.86,4,266.0
12684,Ana,Torres,66.0,CDMX,Basico,6,282.0,2,6.6899999999999995,2024.0,2024-01-05 22:17:22.460615160+00:00,,2,6.6899999999999995,6,282.0
12685,Mateo,Lopez,58.0,Bogotá,Basico,6,232.0,3,5.2700000000000005,2024.0,2024-01-06 04:51:40.375093776+00:00,,3,5.2700000000000005,6,232.0
12686,Carlos,Ramirez,36.0,MTY,Basico,9,460.0,6,33.05,2024.0,2024-01-06 11:25:58.289572400+00:00,,6,33.05,9,460.0
12687,Mateo,Gomez,47.0,CDMX,Premium,3,195.0,1,11.68,2024.0,2024-01-06 18:00:16.204051016+00:00,,1,11.68,3,195.0
12688,Mariana,Gomez,22.0,GDL,Premium,3,107.0,3,11.86,2024.0,2024-01-07 00:34:34.118529632+00:00,,3,11.86,3,107.0
12689,Luis,Ramirez,72.0,Desconocido,Basico,4,168.0,4,19.55,2024.0,2024-01-07 07:08:52.033008256+00:00,,4,19.55,4,168.0
12690,Mateo,Torres,48.0,Bogotá,Basico,7,358.0,2,21.64,2024.0,2024-01-07 13:43:09.947486872+00:00,,2,21.64,7,358.0
12691,Luis,Garcia,24.0,Desconocido,Basico,3,87.0,1,6.26,2024.0,2024-01-07 20:17:27.861965496+00:00,,1,6.26,3,87.0
12692,Mateo,Torres,36.0,Bogotá,Basico,6,383.0,6,24.92,2024.0,2024-01-08 02:51:45.776444112+00:00,,6,24.92,6,383.0
12693,Ana,Lopez,48.0,Bogotá,Premium,7,235.0,3,7.76,2024.0,2024-01-08 09:26:03.690922736+00:00,,3,7.76,7,235.0
12694,Ana,Garcia,69.0,MTY,Basico,4,209.0,8,23.04,2024.0,2024-01-08 16:00:21.605401352+00:00,,8,23.04,4,209.0
12695,Ana,Torres,75.0,MTY,Basico,7,357.0,6,16.98,2024.0,2024-01-08 22:34:39.519879976+00:00,,6,16.98,7,357.0
12696,Ana,Ramirez,56.0,GDL,Basico,6,275.0,8,36.29,2024.0,2024-01-09 05:08:57.434358592+00:00,,8,36.29,6,275.0
12697,Ana,Lopez,41.0,MTY,Premium,3,158.0,6,48.339999999999996,2024.0,2024-01-09 11:43:15.348837216+00:00,,6,48.339999999999996,3,158.0
12698,Ana,Lopez,51.0,Bogotá,Premium,8,343.0,3,19.389999999999997,2024.0,2024-01-09 18:17:33.263315832+00:00,,3,19.389999999999997,8,343.0
12699,Luis,Lopez,74.0,GDL,Premium,13,616.0,2,10.180000000000001,2024.0,2024-01-10 00:51:51.177794456+00:00,,2,10.180000000000001,12,616.0
12700,Carlos,Garcia,40.0,GDL,Basico,1,53.0,8,22.7,2024.0,2024-01-10 07:26:09.092273072+00:00,2024-12-25 23:40:00+00:00,8,22.7,1,53.0
12701,Mateo,Gomez,65.0,GDL,Basico,8,370.0,3,38.239999999999995,2024.0,2024-01-10 14:00:27.006751688+00:00,,3,38.239999999999995,8,370.0
12702,Ana,Garcia,62.0,Bogotá,Basico,5,262.0,5,19.630000000000003,2024.0,2024-01-10 20:34:44.921230312+00:00,,5,19.630000000000003,5,262.0
12703,Luis,Torres,57.0,Medellín,Basico,8,367.0,5,40.72,2024.0,2024-01-11 03:09:02.835708928+00:00,,5,40.72,8,367.0
12704,Luis,Gomez,23.0,Desconocido,Basico,9,327.0,4,10.370000000000001,2024.0,2024-01-11 09:43:20.750187552+00:00,,4,10.370000000000001,9,327.0
12705,Luis,Torres,55.0,GDL,Basico,4,185.0,9,39.43,2024.0,2024-01-11 16:17:38.664666168+00:00,,9,39.43,4,185.0
12706,Carlos,Gomez,58.0,GDL,Basico,3,95.0,6,41.86,2024.0,2024-01-11 22:51:56.579144792+00:00,,6,41.86,3,95.0
12707,Mateo,Garcia,53.0,MTY,Basico,2,85.0,7,48.57,2024.0,2024-01-12 05:26:14.493623408+00:00,,7,48.57,2,85.0
12708,Carlos,Lopez,44.0,Desconocido,Basico,6,341.0,6,13.790000000000001,2024.0,2024-01-12 12:00:32.408102032+00:00,,6,13.790000000000001,6,341.0
12709,Sofia,Ramirez,28.0,CDMX,Basico,9,464.0,5,34.71,2024.0,2024-01-12 18:34:50.322580648+00:00,,5,34.71,9,464.0
12710,Luis,Lopez,22.0,Medellín,Premium,6,210.0,4,13.34,2024.0,2024-01-13 01:09:08.237059272+00:00,2024-07-08 00:53:20+00:00,4,13.34,6,210.0
12711,Sofia,Garcia,74.0,Bogotá,Premium,8,487.0,3,132.92,2024.0,2024-01-13 07:43:26.151537888+00:00,,3,82.19759999999998,8,487.0
12712,Mariana,Gomez,34.0,CDMX,Basico,7,1830.0,3,4.49,2024.0,2024-01-13 14:17:44.066016504+00:00,,3,4.49,7,724.02
12713,Ana,Lopez,69.0,MTY,Basico,7,388.0,5,26.35,2024.0,2024-01-13 20:52:01.980495128+00:00,,5,26.35,7,388.0
12714,Ana,Garcia,24.0,GDL,Premium,7,372.0,5,20.45,2024.0,2024-01-14 03:26:19.894973744+00:00,,5,20.45,7,372.0
12715,Carlos,Torres,44.0,Desconocido,Basico,5,206.0,3,8.57,2024.0,2024-01-14 10:00:37.809452368+00:00,2024-11-05 23:40:00+00:00,3,8.57,5,206.0
12716,Mateo,Ramirez,64.0,Bogotá,Premium,7,302.0,6,18.55,2024.0,2024-01-14 16:34:55.723930984+00:00,,6,18.55,7,302.0
12717,Sofia,Lopez,74.0,Bogotá,Basico,6,379.0,5,11.18,2024.0,2024-01-14 23:09:13.638409608+00:00,,5,11.18,6,379.0
12718,Mateo,Gomez,32.0,Bogotá,Premium,4,219.0,5,23.96,2024.0,2024-01-15 05:43:31.552888224+00:00,,5,23.96,4,219.0
12719,Carlos,Torres,63.0,Medellín,Premium,7,331.0,3,8.9,2024.0,2024-01-15 12:17:49.467366848+00:00,,3,8.9,7,331.0
12720,Ana,Garcia,30.0,Bogotá,Premium,5,238.0,5,20.96,2024.0,2024-01-15 18:52:07.381845464+00:00,,5,20.96,5,238.0
12721,Mateo,Ramirez,28.0,CDMX,Premium,9,417.0,5,46.14,2024.0,2024-01-16 01:26:25.296324088+00:00,,5,46.14,9,417.0
12722,Mateo,Gomez,77.0,MTY,Basico,7,405.0,2,8.48,2024.0,2024-01-16 08:00:43.210802704+00:00,2024-09-29 00:33:20+00:00,2,8.48,7,405.0
12723,Ana,Garcia,62.0,GDL,Basico,2,80.0,2,4.99,2024.0,2024-01-16 14:35:01.125281320+00:00,,2,4.99,2,80.0
12724,Sofia,Garcia,43.0,Medellín,Basico,4,129.0,5,37.13,2024.0,2024-01-16 21:09:19.039759944+00:00,,5,37.13,4,129.0
12725,Ana,Lopez,39.0,CDMX,Basico,2,137.0,6,32.0,2024.0,2024-01-17 03:43:36.954238560+00:00,,6,32.0,2,137.0
12726,Mateo,Lopez,45.0,Bogotá,Basico,8,427.0,7,27.509999999999998,2024.0,2024-01-17 10:17:54.868717184+00:00,,7,27.509999999999998,8,427.0
12727,Sofia,Gomez,41.0,GDL,Basico,3,153.0,3,19.37,2024.0,2024-01-17 16:52:12.783195800+00:00,,3,19.37,3,153.0
12728,Sofia,Garcia,46.0,Desconocido,Premium,8,406.0,3,27.919999999999998,2024.0,2024-01-17 23:26:30.697674424+00:00,,3,27.919999999999998,8,406.0
12729,Ana,Lopez,26.0,MTY,Basico,6,209.0,5,30.54,2024.0,2024-01-18 06:00:48.612153040+00:00,,5,30.54,6,209.0
12730,Mateo,Ramirez,59.0,MTY,Basico,9,372.0,3,16.880000000000003,2024.0,2024-01-18 12:35:06.526631664+00:00,,3,16.880000000000003,9,372.0
12731,Carlos,Ramirez,21.0,Desconocido,Basico,5,278.0,4,11.73,2024.0,2024-01-18 19:09:24.441110280+00:00,,4,11.73,5,278.0
12732,Mateo,Garcia,66.0,Bogotá,Basico,5,155.0,9,38.18,2024.0,2024-01-19 01:43:42.355588904+00:00,,9,38.18,5,155.0
12733,Luis,Lopez,63.0,Desconocido,Basico,4,91.0,6,32.11,2024.0,2024-01-19 08:18:00.270067520+00:00,2024-11-12 00:06:40+00:00,6,32.11,4,91.0
12734,Mariana,Gomez,73.0,CDMX,Premium,3,135.0,3,20.32,2024.0,2024-01-19 14:52:18.184546144+00:00,,3,20.32,3,135.0
12735,Carlos,Gomez,35.0,MTY,Basico,4,200.0,6,35.980000000000004,2024.0,2024-01-19 21:26:36.099024760+00:00,,6,35.980000000000004,4,200.0
12736,Sofia,Gomez,60.0,Medellín,Basico,7,369.0,11,87.38000000000001,2024.0,2024-01-20 04:00:54.013503376+00:00,,10,82.19759999999998,7,369.0
12737,Carlos,Ramirez,33.0,Desconocido,Basico,4,227.0,6,30.76,2024.0,2024-01-20 10:35:11.927982+00:00,,6,30.76,4,227.0
12738,Sofia,Lopez,50.0,GDL,Basico,4,201.0,6,31.0,2024.0,2024-01-20 17:09:29.842460616+00:00,,6,31.0,4,201.0
12739,Sofia,Lopez,46.0,Desconocido,Premium,7,396.0,5,12.22,2024.0,2024-01-20 23:43:47.756939240+00:00,,5,12.22,7,396.0
12740,Carlos,Ramirez,56.0,Bogotá,Basico,6,293.0,4,1.8599999999999999,2024.0,2024-01-21 06:18:05.671417856+00:00,,4,1.8599999999999999,6,293.0
12741,Sofia,Gomez,77.0,Cali,Basico,8,340.0,2,19.97,2024.0,2024-01-21 12:52:23.585896480+00:00,,2,19.97,8,340.0
12742,Sofia,Gomez,27.0,MTY,Basico,3,122.0,7,32.55,2024.0,2024-01-21 19:26:41.500375096+00:00,,7,32.55,3,122.0
12743,Luis,Garcia,26.0,GDL,Premium,3,192.0,4,41.57,,,2024-08-25 23:53:20+00:00,4,41.57,3,192.0
12744,Mateo,Torres,76.0,Desconocido,Basico,2,85.0,5,29.62,2024.0,2024-01-22 08:35:17.329332336+00:00,,5,29.62,2,85.0
12745,Mateo,Lopez,48.0,Desconocido,Premium,10,456.0,4,15.35,2024.0,2024-01-22 15:09:35.243810960+00:00,,4,15.35,10,456.0
12746,Mariana,Lopez,45.0,Bogotá,Basico,5,325.0,8,34.76,2024.0,2024-01-22 21:43:53.158289576+00:00,,8,34.76,5,325.0
12747,Mariana,Lopez,77.0,CDMX,Basico,6,253.0,6,45.33,2024.0,2024-01-23 04:18:11.072768192+00:00,,6,45.33,6,253.0
12748,Luis,Torres,74.0,CDMX,Premium,7,361.0,4,36.370000000000005,2024.0,2024-01-23 10:52:28.987246816+00:00,2024-12-21 00:13:20+00:00,4,36.370000000000005,7,361.0
12749,Mariana,Garcia,20.0,Bogotá,Basico,10,532.0,7,39.269999999999996,2024.0,2024-01-23 17:26:46.901725432+00:00,,7,39.269999999999996,10,532.0
12750,Carlos,Torres,71.0,CDMX,Basico,2,129.0,5,24.74,2024.0,2024-01-24 00:01:04.816204056+00:00,,5,24.74,2,129.0
12751,Ana,Gomez,72.0,MTY,Basico,1,7.0,6,10.85,2024.0,2024-01-24 06:35:22.730682672+00:00,,6,10.85,1,34.0
12752,Ana,Gomez,31.0,MTY,Basico,6,272.0,6,24.52,2024.0,2024-01-24 13:09:40.645161296+00:00,,6,24.52,6,272.0
12753,Ana,Lopez,75.0,Medellín,Premium,4,161.0,7,37.55,2024.0,2024-01-24 19:43:58.559639912+00:00,,7,37.55,4,161.0
12754,Luis,Ramirez,42.0,CDMX,Basico,3,140.0,1,2.27,2024.0,2024-01-25 02:18:16.474118536+00:00,,1,2.27,3,140.0
12755,Luis,Lopez,32.0,Bogotá,Premium,3,146.0,4,29.29,2024.0,2024-01-25 08:52:34.388597152+00:00,,4,29.29,3,146.0
12756,Sofia,Ramirez,19.0,Bogotá,Basico,5,192.0,5,6.21,2024.0,2024-01-25 15:26:52.303075776+00:00,2024-11-07 22:53:20+00:00,5,6.21,5,192.0
12757,Ana,Torres,41.0,Medellín,Basico,4,226.0,5,40.07,2024.0,2024-01-25 22:01:10.217554392+00:00,,5,40.07,4,226.0
12758,Carlos,Gomez,31.0,Bogotá,Premium,3,157.0,2,23.53,2024.0,2024-01-26 04:35:28.132033008+00:00,,2,23.53,3,157.0
12759,Mariana,Ramirez,65.0,MTY,Basico,2,85.0,9,32.06,2024.0,2024-01-26 11:09:46.046511632+00:00,,9,32.06,2,85.0
12760,Carlos,Torres,24.0,Medellín,Basico,5,220.0,7,19.05,2024.0,2024-01-26 17:44:03.960990248+00:00,,7,19.05,5,220.0
12761,Mariana,Gomez,53.0,Cali,Basico,8,356.0,4,11.35,2024.0,2024-01-27 00:18:21.875468872+00:00,,4,11.35,8,356.0
12762,Ana,Ramirez,67.0,Medellín,Basico,9,509.0,8,28.240000000000002,2024.0,2024-01-27 06:52:39.789947488+00:00,,8,28.240000000000002,9,509.0
12763,Ana,Lopez,41.0,Desconocido,Premium,3,159.0,3,2.0300000000000002,2024.0,2024-01-27 13:26:57.704426112+00:00,,3,2.0300000000000002,3,159.0
12764,Ana,Lopez,44.0,Medellín,Basico,5,274.0,5,23.98,2024.0,2024-01-27 20:01:15.618904728+00:00,,5,23.98,5,274.0
12765,Luis,Lopez,54.0,Cali,Basico,1,39.0,3,5.34,2024.0,2024-01-28 02:35:33.533383352+00:00,,3,5.34,1,39.0
12766,Mariana,Torres,55.0,CDMX,Premium,5,274.0,4,9.120000000000001,2024.0,2024-01-28 09:09:51.447861968+00:00,,4,9.120000000000001,5,274.0
12767,Luis,Lopez,47.0,Bogotá,Basico,6,309.0,11,44.59,2024.0,2024-01-28 15:44:09.362340592+00:00,2024-10-14 23:53:20+00:00,10,44.59,6,309.0
12768,Luis,Garcia,44.0,Bogotá,Basico,2,110.0,3,4.73,2024.0,2024-01-28 22:18:27.276819208+00:00,2024-10-30 01:00:00+00:00,3,4.73,2,110.0
12769,Mateo,Gomez,56.0,GDL,Basico,5,282.0,0,0.0,2024.0,2024-01-29 04:52:45.191297832+00:00,,0,0.0,5,282.0
12770,Carlos,Torres,48.0,Bogotá,Premium,6,300.0,3,17.52,2024.0,2024-01-29 11:27:03.105776448+00:00,,3,17.52,6,300.0
12771,Carlos,Lopez,32.0,GDL,Premium,2,110.0,8,63.830000000000005,2024.0,2024-01-29 18:01:21.020255064+00:00,,8,63.830000000000005,2,110.0
12772,Sofia,Gomez,43.0,Medellín,Premium,3,213.0,5,16.91,2024.0,2024-01-30 00:35:38.934733688+00:00,2024-07-11 01:06:40+00:00,5,16.91,3,213.0
12773,Luis,Ramirez,18.0,Bogotá,Basico,7,367.0,4,18.02,2024.0,2024-01-30 07:09:56.849212304+00:00,,4,18.02,7,367.0
12774,Mariana,Lopez,73.0,Bogotá,Basico,6,292.0,5,41.75,2024.0,2024-01-30 13:44:14.763690928+00:00,,5,41.75,6,292.0
12775,Mateo,Gomez,21.0,Desconocido,Basico,7,435.0,6,39.73,2024.0,2024-01-30 20:18:32.678169544+00:00,,6,39.73,7,435.0
12776,Mateo,Garcia,46.0,MTY,Basico,3,250.0,8,50.37,2024.0,2024-01-31 02:52:50.592648168+00:00,,8,50.37,3,250.0
12777,Carlos,Ramirez,74.0,MTY,Premium,4,250.0,5,9.79,2024.0,2024-01-31 09:27:08.507126784+00:00,,5,9.79,4,250.0
12778,Luis,Garcia,18.0,MTY,Basico,4,225.0,6,28.709999999999997,2024.0,2024-01-31 16:01:26.421605408+00:00,,6,28.709999999999997,4,225.0
12779,Sofia,Gomez,60.0,Desconocido,Basico,4,171.0,6,24.02,2024.0,2024-01-31 22:35:44.336084024+00:00,,6,24.02,4,171.0
12780,Luis,Garcia,67.0,Bogotá,Premium,6,214.0,10,61.38,2024.0,2024-02-01 05:10:02.250562648+00:00,,10,61.38,6,214.0
12781,Ana,Gomez,63.0,Medellín,Premium,9,495.0,7,44.74,2024.0,2024-02-01 11:44:20.165041264+00:00,,7,44.74,9,495.0
12782,Luis,Gomez,39.0,GDL,Basico,5,287.0,4,10.69,2024.0,2024-02-01 18:18:38.079519880+00:00,,4,10.69,5,287.0
12783,Ana,Garcia,28.0,Bogotá,Basico,4,207.0,2,6.8100000000000005,2024.0,2024-02-02 00:52:55.993998504+00:00,2024-11-21 23:00:00+00:00,2,6.8100000000000005,4,207.0
12784,Ana,Gomez,27.0,GDL,Basico,4,175.0,5,16.34,2024.0,2024-02-02 07:27:13.908477120+00:00,,5,16.34,4,175.0
12785,Sofia,Lopez,76.0,Medellín,Basico,5,262.0,3,16.240000000000002,2024.0,2024-02-02 14:01:31.822955744+00:00,,3,16.240000000000002,5,262.0
12786,Mariana,Gomez,79.0,Cali,Basico,7,372.0,4,137.05,2024.0,2024-02-02 20:35:49.737434360+00:00,,4,82.19759999999998,7,372.0
12787,Carlos,Torres,34.0,Medellín,Basico,4,228.0,1,4.17,2024.0,2024-02-03 03:10:07.651912984+00:00,,1,4.17,4,228.0
12788,Luis,Gomez,53.0,Medellín,Premium,6,272.0,2,5.19,2024.0,2024-02-03 09:44:25.566391600+00:00,,2,5.19,6,272.0
12789,Ana,Torres,73.0,Bogotá,Basico,5,335.0,9,32.06,2024.0,2024-02-03 16:18:43.480870224+00:00,2024-07-11 23:20:00+00:00,9,32.06,5,335.0
12790,Luis,Gomez,64.0,Medellín,Basico,2,109.0,6,14.77,2024.0,2024-02-03 22:53:01.395348840+00:00,2024-07-22 01:00:00+00:00,6,14.77,2,109.0
12791,Mariana,Gomez,43.0,Bogotá,Basico,5,284.0,3,14.08,2024.0,2024-02-04 05:27:19.309827464+00:00,,3,14.08,5,284.0
12792,Carlos,Garcia,65.0,Medellín,Basico,6,304.0,7,26.560000000000002,2024.0,2024-02-04 12:01:37.224306080+00:00,,7,26.560000000000002,6,304.0
12793,Mariana,Lopez,38.0,GDL,Basico,2,160.0,7,33.17,2024.0,2024-02-04 18:35:55.138784696+00:00,,7,33.17,2,160.0
12794,Carlos,Lopez,30.0,CDMX,Premium,12,668.0,3,7.01,2024.0,2024-02-05 01:10:13.053263320+00:00,,3,7.01,12,668.0
12795,Mateo,Ramirez,26.0,Bogotá,Premium,10,473.0,5,27.81,2024.0,2024-02-05 07:44:30.967741936+00:00,,5,27.81,10,473.0
12796,Carlos,Garcia,28.0,Bogotá,Basico,6,254.0,3,8.84,2024.0,2024-02-05 14:18:48.882220560+00:00,,3,8.84,6,254.0
12797,Sofia,Garcia,28.0,GDL,Premium,6,262.0,3,21.919999999999998,2024.0,2024-02-05 20:53:06.796699176+00:00,,3,21.919999999999998,6,262.0
12798,Mariana,Lopez,23.0,Medellín,Basico,10,382.0,6,20.490000000000002,2024.0,2024-02-06 03:27:24.711177800+00:00,,6,20.490000000000002,10,382.0
12799,Ana,Garcia,18.0,CDMX,Basico,5,324.0,4,27.83,2024.0,2024-02-06 10:01:42.625656416+00:00,,4,27.83,5,324.0
12800,Mateo,Lopez,71.0,GDL,Basico,2,100.0,3,9.27,2024.0,2024-02-06 16:36:00.540135040+00:00,,3,9.27,2,100.0
12801,Sofia,Garcia,23.0,Medellín,Premium,5,274.0,4,17.42,2024.0,2024-02-06 23:10:18.454613656+00:00,,4,17.42,5,274.0
12802,Luis,Gomez,30.0,Bogotá,Basico,9,383.0,5,17.18,2024.0,2024-02-07 05:44:36.369092280+00:00,,5,17.18,9,383.0
12803,Mariana,Lopez,39.0,Medellín,Basico,2,126.0,4,19.63,2024.0,2024-02-07 12:18:54.283570896+00:00,,4,19.63,2,126.0
12804,Ana,Lopez,73.0,Bogotá,Premium,5,195.0,3,15.14,2024.0,2024-02-07 18:53:12.198049520+00:00,,3,15.14,5,195.0
12805,Carlos,Torres,48.0,Desconocido,Basico,5,182.0,7,53.36,2024.0,2024-02-08 01:27:30.112528136+00:00,,7,53.36,5,182.0
12806,Ana,Garcia,39.0,Bogotá,Basico,8,321.0,5,47.04,2024.0,2024-02-08 08:01:48.027006752+00:00,,5,47.04,8,321.0
12807,Luis,Garcia,54.0,CDMX,Basico,1,76.0,1,0.25,2024.0,2024-02-08 14:36:05.941485376+00:00,,1,0.25,1,76.0
12808,Mateo,Lopez,64.0,MTY,Premium,4,200.0,3,8.49,2024.0,2024-02-08 21:10:23.855963992+00:00,,3,8.49,4,200.0
12809,Mateo,Gomez,44.0,CDMX,Basico,6,355.0,2,10.530000000000001,2024.0,2024-02-09 03:44:41.770442616+00:00,,2,10.530000000000001,6,355.0
12810,Mariana,Gomez,67.0,Desconocido,Basico,10,436.0,7,33.67,2024.0,2024-02-09 10:18:59.684921232+00:00,,7,33.67,10,436.0
12811,Mateo,Gomez,69.0,CDMX,Premium,2,99.0,8,46.39,2024.0,2024-02-09 16:53:17.599399856+00:00,,8,46.39,2,99.0
12812,Mariana,Garcia,31.0,MTY,Basico,2,81.0,3,17.79,2024.0,2024-02-09 23:27:35.513878472+00:00,,3,17.79,2,81.0
12813,Mariana,Torres,64.0,GDL,Basico,5,220.0,2,5.57,2024.0,2024-02-10 06:01:53.428357096+00:00,2024-09-02 23:33:20+00:00,2,5.57,5,220.0
12814,Mariana,Lopez,75.0,Cali,Premium,7,371.0,5,25.490000000000002,2024.0,2024-02-10 12:36:11.342835712+00:00,,5,25.490000000000002,7,371.0
12815,Carlos,Ramirez,22.0,MTY,Premium,3,208.0,1,1.47,2024.0,2024-02-10 19:10:29.257314336+00:00,,1,1.47,3,208.0
12816,Sofia,Torres,75.0,Desconocido,Premium,7,343.0,7,40.28,2024.0,2024-02-11 01:44:47.171792952+00:00,,7,40.28,7,343.0
12817,Mariana,Ramirez,53.0,CDMX,Basico,4,153.0,5,26.28,2024.0,2024-02-11 08:19:05.086271568+00:00,2024-06-15 00:06:40+00:00,5,26.28,4,153.0
12818,Mariana,Torres,49.0,CDMX,Basico,8,363.0,3,13.580000000000002,2024.0,2024-02-11 14:53:23.000750192+00:00,2024-12-08 01:06:40+00:00,3,13.580000000000002,8,363.0
12819,Sofia,Gomez,51.0,GDL,Premium,5,211.0,7,37.93,2024.0,2024-02-11 21:27:40.915228808+00:00,,7,37.93,5,211.0
12820,Ana,Garcia,24.0,Cali,Premium,6,331.0,6,18.53,2024.0,2024-02-12 04:01:58.829707432+00:00,,6,18.53,6,331.0
12821,Mariana,Ramirez,59.0,Desconocido,Basico,4,186.0,6,56.7,2024.0,2024-02-12 10:36:16.744186048+00:00,,6,56.7,4,186.0
12822,Carlos,Torres,65.0,CDMX,Basico,5,256.0,2,4.33,2024.0,2024-02-12 17:10:34.658664672+00:00,,2,4.33,5,256.0
12823,Mateo,Garcia,27.0,CDMX,Basico,6,250.0,7,44.45,2024.0,2024-02-12 23:44:52.573143288+00:00,2024-10-22 01:20:00+00:00,7,44.45,6,250.0
12824,Mateo,Ramirez,67.0,Medellín,Basico,6,282.0,6,50.32,2024.0,2024-02-13 06:19:10.487621912+00:00,,6,50.32,6,282.0
12825,Luis,Lopez,34.0,CDMX,Premium,8,386.0,4,40.26,2024.0,2024-02-13 12:53:28.402100528+00:00,,4,40.26,8,386.0
12826,Luis,Torres,47.0,CDMX,Basico,7,275.0,4,12.129999999999999,2024.0,2024-02-13 19:27:46.316579152+00:00,,4,12.129999999999999,7,275.0
12827,Mateo,Lopez,38.0,CDMX,Basico,7,373.0,5,16.5,2024.0,2024-02-14 02:02:04.231057768+00:00,,5,16.5,7,373.0
12828,Mateo,Gomez,77.0,CDMX,Basico,6,321.0,2,13.940000000000001,2024.0,2024-02-14 08:36:22.145536384+00:00,,2,13.940000000000001,6,321.0
12829,Carlos,Lopez,30.0,GDL,Basico,3,127.0,6,59.04,2024.0,2024-02-14 15:10:40.060015008+00:00,,6,59.04,3,127.0
12830,Sofia,Lopez,18.0,CDMX,Basico,5,293.0,2,1.0899999999999999,2024.0,2024-02-14 21:44:57.974493624+00:00,,2,1.0899999999999999,5,293.0
12831,Luis,Torres,18.0,MTY,Premium,6,274.0,7,34.47,2024.0,2024-02-15 04:19:15.888972248+00:00,,7,34.47,6,274.0
12832,Sofia,Gomez,64.0,Cali,Basico,6,352.0,5,31.740000000000002,2024.0,2024-02-15 10:53:33.803450864+00:00,,5,31.740000000000002,6,352.0
12833,Carlos,Lopez,50.0,MTY,Basico,3,73.0,7,43.67,2024.0,2024-02-15 17:27:51.717929488+00:00,,7,43.67,3,73.0
12834,Mateo,Garcia,55.0,Medellín,Basico,2,139.0,1,0.67,2024.0,2024-02-16 00:02:09.632408104+00:00,,1,0.67,2,139.0
12835,Mariana,Ramirez,42.0,CDMX,Premium,8,354.0,2,22.52,2024.0,2024-02-16 06:36:27.546886728+00:00,2024-06-18 00:20:00+00:00,2,22.52,8,354.0
12836,Sofia,Lopez,43.0,Medellín,Premium,6,241.0,3,19.729999999999997,2024.0,2024-02-16 13:10:45.461365344+00:00,,3,19.729999999999997,6,241.0
12837,Mateo,Gomez,30.0,MTY,Basico,10,510.0,2,5.66,2024.0,2024-02-16 19:45:03.375843968+00:00,2024-11-15 00:20:00+00:00,2,5.66,10,510.0
12838,Mateo,Lopez,76.0,Medellín,Premium,6,308.0,3,31.299999999999997,2024.0,2024-02-17 02:19:21.290322584+00:00,2024-06-05 23:26:40+00:00,3,31.299999999999997,6,308.0
12839,Ana,Ramirez,45.0,CDMX,Basico,5,275.0,4,6.029999999999999,2024.0,2024-02-17 08:53:39.204801208+00:00,,4,6.029999999999999,5,275.0
12840,Sofia,Gomez,50.0,Desconocido,Basico,5,246.0,5,16.509999999999998,2024.0,2024-02-17 15:27:57.119279824+00:00,,5,16.509999999999998,5,246.0
12841,Mariana,Torres,54.0,GDL,Premium,7,383.0,5,25.56,2024.0,2024-02-17 22:02:15.033758440+00:00,,5,25.56,7,383.0
12842,Sofia,Gomez,48.0,MTY,Basico,2,117.0,6,16.71,2024.0,2024-02-18 04:36:32.948237064+00:00,,6,16.71,2,117.0
12843,Mateo,Torres,58.0,Desconocido,Basico,3,155.0,8,37.15,2024.0,2024-02-18 11:10:50.862715680+00:00,,8,37.15,3,155.0
12844,Mariana,Gomez,47.0,Bogotá,Premium,4,260.0,3,4.3,2024.0,2024-02-18 17:45:08.777194304+00:00,,3,4.3,4,260.0
12845,Carlos,Ramirez,74.0,MTY,Premium,5,256.0,4,23.38,2024.0,2024-02-19 00:19:26.691672920+00:00,,4,23.38,5,256.0
12846,Ana,Ramirez,66.0,Desconocido,Basico,3,129.0,7,39.269999999999996,2024.0,2024-02-19 06:53:44.606151544+00:00,,7,39.269999999999996,3,129.0
12847,Mateo,Gomez,65.0,MTY,Premium,5,235.0,1,1.18,2024.0,2024-02-19 13:28:02.520630160+00:00,,1,1.18,5,235.0
12848,Luis,Lopez,25.0,CDMX,Basico,3,134.0,5,18.17,2024.0,2024-02-19 20:02:20.435108784+00:00,,5,18.17,3,134.0
12849,Luis,Ramirez,66.0,Desconocido,Basico,6,287.0,7,28.05,2024.0,2024-02-20 02:36:38.349587400+00:00,,7,28.05,6,287.0
12850,Ana,Torres,64.0,GDL,Basico,9,459.0,6,21.6,2024.0,2024-02-20 09:10:56.264066024+00:00,,6,21.6,9,459.0
12851,Carlos,Torres,73.0,Desconocido,Basico,4,206.0,3,13.25,2024.0,2024-02-20 15:45:14.178544640+00:00,,3,13.25,4,206.0
12852,Mateo,Garcia,18.0,CDMX,Premium,8,338.0,8,40.55,2024.0,2024-02-20 22:19:32.093023256+00:00,,8,40.55,8,338.0
12853,Sofia,Torres,29.0,Medellín,Basico,6,357.0,4,20.55,2024.0,2024-02-21 04:53:50.007501880+00:00,,4,20.55,6,357.0
12854,Ana,Garcia,22.0,Bogotá,Basico,4,212.0,9,44.3,2024.0,2024-02-21 11:28:07.921980496+00:00,,9,44.3,4,212.0
12855,Carlos,Gomez,41.0,Desconocido,Basico,4,198.0,5,14.440000000000001,2024.0,2024-02-21 18:02:25.836459120+00:00,,5,14.440000000000001,4,198.0
12856,Sofia,Gomez,23.0,Bogotá,Basico,3,149.0,5,9.89,2024.0,2024-02-22 00:36:43.750937736+00:00,2024-11-16 01:20:00+00:00,5,9.89,3,149.0
12857,Luis,Gomez,42.0,CDMX,Basico,10,446.0,3,13.64,2024.0,2024-02-22 07:11:01.665416360+00:00,,3,13.64,10,446.0
12858,Luis,Lopez,18.0,Medellín,Premium,8,418.0,1,1.59,2024.0,2024-02-22 13:45:19.579894976+00:00,,1,1.59,8,418.0
12859,Sofia,Lopez,42.0,CDMX,Basico,8,397.0,2,8.59,2024.0,2024-02-22 20:19:37.494373600+00:00,,2,8.59,8,397.0
12860,Ana,Garcia,18.0,Cali,Basico,2,91.0,3,8.9,2024.0,2024-02-23 02:53:55.408852216+00:00,,3,8.9,2,91.0
12861,Luis,Torres,49.0,Desconocido,Basico,3,187.0,6,39.39,2024.0,2024-02-23 09:28:13.323330840+00:00,,6,39.39,3,187.0
12862,Mateo,Torres,59.0,Bogotá,Premium,6,438.0,3,11.830000000000002,2024.0,2024-02-23 16:02:31.237809456+00:00,,3,11.830000000000002,6,438.0
12863,Mariana,Gomez,59.0,Cali,Basico,5,250.0,4,8.0,2024.0,2024-02-23 22:36:49.152288072+00:00,2024-08-29 00:06:40+00:00,4,8.0,5,250.0
12864,Sofia,Ramirez,20.0,CDMX,Basico,4,184.0,6,27.75,2024.0,2024-02-24 05:11:07.066766696+00:00,,6,27.75,4,184.0
12865,Sofia,Lopez,66.0,Bogotá,Basico,10,471.0,4,18.0,2024.0,2024-02-24 11:45:24.981245312+00:00,,4,18.0,10,471.0
12866,Luis,Lopez,36.0,MTY,Basico,8,419.0,6,48.41,2024.0,2024-02-24 18:19:42.895723936+00:00,,6,48.41,8,419.0
12867,Ana,Gomez,77.0,Medellín,Basico,7,288.0,4,35.730000000000004,2024.0,2024-02-25 00:54:00.810202552+00:00,,4,35.730000000000004,7,288.0
12868,Mateo,Lopez,60.0,CDMX,Premium,5,252.0,6,40.53,2024.0,2024-02-25 07:28:18.724681176+00:00,,6,40.53,5,252.0
12869,Ana,Gomez,46.0,Cali,Premium,3,183.0,4,24.259999999999998,2024.0,2024-02-25 14:02:36.639159792+00:00,,4,24.259999999999998,3,183.0
12870,Carlos,Garcia,67.0,CDMX,Basico,4,254.0,3,30.41,2024.0,2024-02-25 20:36:54.553638416+00:00,,3,30.41,4,254.0
12871,Carlos,Torres,19.0,Medellín,Premium,5,216.0,6,37.86,2024.0,2024-02-26 03:11:12.468117032+00:00,,6,37.86,5,216.0
12872,Mariana,Ramirez,26.0,CDMX,Premium,6,343.0,9,43.58,2024.0,2024-02-26 09:45:30.382595656+00:00,,9,43.58,6,343.0
12873,Luis,Torres,73.0,Cali,Premium,8,443.0,3,17.61,2024.0,2024-02-26 16:19:48.297074272+00:00,,3,17.61,8,443.0
12874,Luis,Torres,34.0,CDMX,Premium,6,292.0,2,13.84,2024.0,2024-02-26 22:54:06.211552896+00:00,,2,13.84,6,292.0
12875,Luis,Garcia,77.0,Bogotá,Premium,4,159.0,4,14.379999999999999,2024.0,2024-02-27 05:28:24.126031512+00:00,,4,14.379999999999999,4,159.0
12876,Mariana,Lopez,63.0,GDL,Basico,5,295.0,7,18.880000000000003,2024.0,2024-02-27 12:02:42.040510128+00:00,,7,18.880000000000003,5,295.0
12877,Carlos,Ramirez,53.0,Medellín,Basico,7,411.0,9,61.800000000000004,2024.0,2024-02-27 18:36:59.954988752+00:00,2024-09-10 23:13:20+00:00,9,61.800000000000004,7,411.0
12878,Ana,Lopez,78.0,MTY,Basico,2,97.0,5,15.9,2024.0,2024-02-28 01:11:17.869467368+00:00,,5,15.9,2,97.0
12879,Mariana,Torres,34.0,Medellín,Premium,7,351.0,7,20.16,2024.0,2024-02-28 07:45:35.783945992+00:00,,7,20.16,7,351.0
12880,Mariana,Gomez,66.0,GDL,Basico,9,461.0,4,16.65,2024.0,2024-02-28 14:19:53.698424608+00:00,2024-07-06 23:53:20+00:00,4,16.65,9,461.0
12881,Ana,Torres,29.0,Cali,Basico,7,335.0,5,45.07,2024.0,2024-02-28 20:54:11.612903232+00:00,,5,45.07,7,335.0
12882,Luis,Lopez,77.0,CDMX,Basico,7,446.0,2,8.71,2024.0,2024-02-29 03:28:29.527381848+00:00,,2,8.71,7,446.0
12883,Mateo,Torres,37.0,GDL,Premium,6,387.0,3,15.41,2024.0,2024-02-29 10:02:47.441860472+00:00,,3,15.41,6,387.0
12884,Ana,Gomez,67.0,Bogotá,Premium,6,292.0,8,24.650000000000002,2024.0,2024-02-29 16:37:05.356339088+00:00,,8,24.650000000000002,6,292.0
12885,Carlos,Garcia,20.0,CDMX,Basico,5,310.0,8,25.240000000000002,2024.0,2024-02-29 23:11:23.270817712+00:00,,8,25.240000000000002,5,310.0
12886,Sofia,Lopez,60.0,GDL,Basico,6,343.0,3,15.05,2024.0,2024-03-01 05:45:41.185296328+00:00,,3,15.05,6,343.0
12887,Sofia,Torres,74.0,Desconocido,Premium,6,363.0,4,9.4,2024.0,2024-03-01 12:19:59.099774944+00:00,,4,9.4,6,363.0
12888,Mariana,Lopez,67.0,Desconocido,Basico,4,181.0,2,29.89,2024.0,2024-03-01 18:54:17.014253568+00:00,2024-11-24 23:13:20+00:00,2,29.89,4,181.0
12889,Sofia,Garcia,21.0,Medellín,Basico,3,109.0,3,7.57,2024.0,2024-03-02 01:28:34.928732184+00:00,,3,7.57,3,109.0
12890,Mateo,Torres,34.0,GDL,Basico,10,556.0,3,18.259999999999998,2024.0,2024-03-02 08:02:52.843210808+00:00,,3,18.259999999999998,10,556.0
12891,Luis,Torres,67.0,GDL,Premium,3,140.0,4,22.52,2024.0,2024-03-02 14:37:10.757689424+00:00,,4,22.52,3,140.0
12892,Carlos,Lopez,54.0,Medellín,Basico,2,71.0,6,30.57,2024.0,2024-03-02 21:11:28.672168048+00:00,,6,30.57,2,71.0
12893,Mateo,Lopez,63.0,CDMX,Basico,7,348.0,2,5.0,2024.0,2024-03-03 03:45:46.586646664+00:00,,2,5.0,7,348.0
12894,Carlos,Gomez,59.0,Desconocido,Premium,5,218.0,4,8.57,2024.0,2024-03-03 10:20:04.501125288+00:00,2024-11-18 00:33:20+00:00,4,8.57,5,218.0
12895,Carlos,Garcia,32.0,GDL,Basico,6,209.0,2,3.1100000000000003,2024.0,2024-03-03 16:54:22.415603904+00:00,,2,3.1100000000000003,6,209.0
12896,Luis,Gomez,50.0,Desconocido,Basico,4,198.0,8,40.129999999999995,2024.0,2024-03-03 23:28:40.330082528+00:00,,8,40.129999999999995,4,198.0
12897,Mariana,Torres,33.0,Bogotá,Basico,5,243.0,3,9.92,2024.0,2024-03-04 06:02:58.244561144+00:00,,3,9.92,5,243.0
12898,Sofia,Lopez,28.0,Cali,Premium,6,275.0,4,40.24,2024.0,2024-03-04 12:37:16.159039760+00:00,,4,40.24,6,275.0
12899,Luis,Torres,72.0,CDMX,Basico,9,400.0,9,38.1,2024.0,2024-03-04 19:11:34.073518384+00:00,,9,38.1,9,400.0
12900,Mateo,Torres,37.0,Desconocido,Premium,6,265.0,7,23.79,2024.0,2024-03-05 01:45:51.987997+00:00,,7,23.79,6,265.0
12901,Mariana,Ramirez,55.0,GDL,Premium,7,381.0,3,18.62,2024.0,2024-03-05 08:20:09.902475624+00:00,2024-07-16 00:33:20+00:00,3,18.62,7,381.0
12902,Mateo,Ramirez,41.0,Medellín,Premium,6,326.0,4,16.77,2024.0,2024-03-05 14:54:27.816954240+00:00,,4,16.77,6,326.0
12903,Mariana,Torres,78.0,Cali,Premium,4,199.0,5,22.45,2024.0,2024-03-05 21:28:45.731432864+00:00,,5,22.45,4,199.0
12904,Mateo,Lopez,71.0,CDMX,Premium,2,105.0,3,21.69,2024.0,2024-03-06 04:03:03.645911480+00:00,,3,21.69,2,105.0
12905,Luis,Torres,33.0,Bogotá,Premium,6,316.0,3,10.559999999999999,2024.0,2024-03-06 10:37:21.560390104+00:00,2024-07-05 00:40:00+00:00,3,10.559999999999999,6,316.0
12906,Mariana,Ramirez,47.0,Bogotá,Premium,4,180.0,6,21.19,2024.0,2024-03-06 17:11:39.474868720+00:00,,6,21.19,4,180.0
12907,Mariana,Lopez,51.0,MTY,Premium,4,202.0,8,24.990000000000002,2024.0,2024-03-06 23:45:57.389347344+00:00,,8,24.990000000000002,4,202.0
12908,Carlos,Torres,18.0,Bogotá,Basico,8,414.0,5,15.59,2024.0,2024-03-07 06:20:15.303825960+00:00,,5,15.59,8,414.0
12909,Carlos,Garcia,41.0,MTY,Basico,3,206.0,3,22.689999999999998,2024.0,2024-03-07 12:54:33.218304584+00:00,2024-10-05 23:13:20+00:00,3,22.689999999999998,3,206.0
12910,Ana,Garcia,41.0,MTY,Basico,5,165.0,6,28.12,2024.0,2024-03-07 19:28:51.132783200+00:00,,6,28.12,5,165.0
12911,Mateo,Torres,26.0,Medellín,Basico,4,158.0,6,52.96000000000001,2024.0,2024-03-08 02:03:09.047261816+00:00,,6,52.96000000000001,4,158.0
12912,Carlos,Lopez,39.0,Medellín,Premium,5,1742.0,7,24.32,2024.0,2024-03-08 08:37:26.961740440+00:00,,7,24.32,5,724.02
12913,Ana,Torres,29.0,GDL,Premium,4,137.0,2,17.34,2024.0,2024-03-08 15:11:44.876219056+00:00,,2,17.34,4,137.0
12914,Carlos,Torres,34.0,Desconocido,Basico,2,75.0,3,9.73,2024.0,2024-03-08 21:46:02.790697680+00:00,,3,9.73,2,75.0
12915,Mateo,Ramirez,79.0,Desconocido,Basico,4,237.0,3,16.689999999999998,2024.0,2024-03-09 04:20:20.705176296+00:00,,3,16.689999999999998,4,237.0
12916,Mariana,Garcia,42.0,Bogotá,Basico,4,254.0,5,27.68,2024.0,2024-03-09 10:54:38.619654920+00:00,,5,27.68,4,254.0
12917,Sofia,Ramirez,45.0,Bogotá,Basico,9,388.0,3,6.07,2024.0,2024-03-09 17:28:56.534133536+00:00,,3,6.07,9,388.0
12918,Mateo,Ramirez,78.0,MTY,Premium,4,154.0,2,7.7,2024.0,2024-03-10 00:03:14.448612160+00:00,2024-11-21 00:46:40+00:00,2,7.7,4,154.0
12919,Luis,Torres,32.0,Medellín,Basico,2,83.0,7,46.39,2024.0,2024-03-10 06:37:32.363090776+00:00,,7,46.39,2,83.0
12920,Carlos,Ramirez,47.0,Medellín,Basico,6,289.0,4,20.919999999999998,2024.0,2024-03-10 13:11:50.277569400+00:00,2024-07-14 01:20:00+00:00,4,20.919999999999998,6,289.0
12921,Carlos,Garcia,68.0,GDL,Basico,3,161.0,8,66.52,2024.0,2024-03-10 19:46:08.192048016+00:00,,8,66.52,3,161.0
12922,Mariana,Ramirez,44.0,Medellín,Basico,4,179.0,5,15.64,2024.0,2024-03-11 02:20:26.106526632+00:00,,5,15.64,4,179.0
12923,Luis,Garcia,39.0,GDL,Premium,6,312.0,5,42.71,2024.0,2024-03-11 08:54:44.021005256+00:00,2024-10-30 23:13:20+00:00,5,42.71,6,312.0
12924,Mariana,Ramirez,27.0,CDMX,Basico,4,200.0,3,21.94,2024.0,2024-03-11 15:29:01.935483872+00:00,,3,21.94,4,200.0
12925,Luis,Garcia,78.0,Medellín,Premium,3,177.0,5,24.0,2024.0,2024-03-11 22:03:19.849962496+00:00,,5,24.0,3,177.0
12926,Sofia,Ramirez,75.0,Medellín,Basico,7,320.0,4,7.680000000000001,2024.0,2024-03-12 04:37:37.764441112+00:00,,4,7.680000000000001,7,320.0
12927,Carlos,Ramirez,48.0,Bogotá,Basico,8,435.0,4,16.63,2024.0,2024-03-12 11:11:55.678919736+00:00,,4,16.63,8,435.0
12928,Carlos,Lopez,44.0,Bogotá,Basico,3,146.0,8,47.81,2024.0,2024-03-12 17:46:13.593398352+00:00,2024-10-11 23:40:00+00:00,8,47.81,3,146.0
12929,Sofia,Garcia,29.0,Desconocido,Premium,7,413.0,4,24.43,2024.0,2024-03-13 00:20:31.507876976+00:00,2024-07-02 00:26:40+00:00,4,24.43,7,413.0
12930,Ana,Garcia,63.0,Bogotá,Basico,4,173.0,5,35.03,2024.0,2024-03-13 06:54:49.422355592+00:00,,5,35.03,4,173.0
12931,Mariana,Garcia,48.0,Medellín,Basico,1,38.0,5,14.31,2024.0,2024-03-13 13:29:07.336834216+00:00,,5,14.31,1,38.0
12932,Sofia,Gomez,49.0,CDMX,Basico,7,351.0,5,34.2,2024.0,2024-03-13 20:03:25.251312832+00:00,,5,34.2,7,351.0
12933,Mariana,Ramirez,49.0,CDMX,Basico,7,391.0,9,34.53,2024.0,2024-03-14 02:37:43.165791448+00:00,,9,34.53,7,391.0
12934,Mateo,Garcia,58.0,MTY,Basico,6,270.0,2,7.71,2024.0,2024-03-14 09:12:01.080270072+00:00,,2,7.71,6,270.0
12935,Carlos,Gomez,76.0,Bogotá,Basico,4,235.0,1,2.9,2024.0,2024-03-14 15:46:18.994748688+00:00,,1,2.9,4,235.0
12936,Mariana,Lopez,62.0,Cali,Premium,3,154.0,2,130.84,2024.0,2024-03-14 22:20:36.909227312+00:00,2024-07-22 23:13:20+00:00,2,82.19759999999998,3,154.0
12937,Luis,Garcia,52.0,MTY,Basico,2,113.0,3,13.05,2024.0,2024-03-15 04:54:54.823705928+00:00,,3,13.05,2,113.0
12938,Mariana,Garcia,70.0,MTY,Basico,4,212.0,2,5.6499999999999995,2024.0,2024-03-15 11:29:12.738184552+00:00,,2,5.6499999999999995,4,212.0
12939,Mateo,Gomez,78.0,GDL,Basico,3,141.0,7,28.19,2024.0,2024-03-15 18:03:30.652663168+00:00,,7,28.19,3,141.0
12940,Carlos,Ramirez,63.0,GDL,Premium,4,219.0,5,30.28,2024.0,2024-03-16 00:37:48.567141792+00:00,,5,30.28,4,219.0
12941,Sofia,Lopez,38.0,Desconocido,Basico,2,79.0,5,23.91,2024.0,2024-03-16 07:12:06.481620408+00:00,,5,23.91,2,79.0
12942,Mateo,Garcia,27.0,Medellín,Premium,6,327.0,2,1.26,2024.0,2024-03-16 13:46:24.396099032+00:00,,2,1.26,6,327.0
12943,Carlos,Ramirez,33.0,CDMX,Basico,2,92.0,1,1.71,2024.0,2024-03-16 20:20:42.310577648+00:00,,1,1.71,2,92.0
12944,Mariana,Lopez,24.0,Medellín,Premium,4,263.0,2,14.799999999999999,2024.0,2024-03-17 02:55:00.225056272+00:00,,2,14.799999999999999,4,263.0
12945,Ana,Torres,21.0,Medellín,Basico,6,287.0,3,4.74,2024.0,2024-03-17 09:29:18.139534888+00:00,,3,4.74,6,287.0
12946,Ana,Torres,44.0,Medellín,Basico,7,405.0,3,28.57,2024.0,2024-03-17 16:03:36.054013504+00:00,,3,28.57,7,405.0
12947,Luis,Lopez,69.0,CDMX,Premium,4,217.0,3,2.84,2024.0,2024-03-17 22:37:53.968492128+00:00,,3,2.84,4,217.0
12948,Carlos,Gomez,72.0,Bogotá,Premium,5,207.0,9,55.57,2024.0,2024-03-18 05:12:11.882970744+00:00,,9,55.57,5,207.0
12949,Ana,Lopez,42.0,CDMX,Premium,7,333.0,5,42.32,2024.0,2024-03-18 11:46:29.797449368+00:00,,5,42.32,7,333.0
12950,Sofia,Lopez,48.0,Cali,Premium,6,272.0,2,13.36,2024.0,2024-03-18 18:20:47.711927984+00:00,,2,13.36,6,272.0
12951,Carlos,Gomez,28.0,Medellín,Basico,7,311.0,3,7.89,2024.0,2024-03-19 00:55:05.626406608+00:00,,3,7.89,7,311.0
12952,Sofia,Gomez,65.0,Bogotá,Basico,12,612.0,2,4.18,2024.0,2024-03-19 07:29:23.540885224+00:00,,2,4.18,12,612.0
12953,Sofia,Ramirez,37.0,MTY,Basico,4,157.0,5,37.64,2024.0,2024-03-19 14:03:41.455363848+00:00,,5,37.64,4,157.0
12954,Ana,Ramirez,53.0,GDL,Premium,2,50.0,7,17.11,2024.0,2024-03-19 20:37:59.369842464+00:00,,7,17.11,2,50.0
12955,Carlos,Gomez,71.0,CDMX,Basico,7,259.0,4,26.66,2024.0,2024-03-20 03:12:17.284321088+00:00,2024-10-22 01:20:00+00:00,4,26.66,7,259.0
12956,Mariana,Torres,71.0,Desconocido,Premium,6,385.0,2,1.68,2024.0,2024-03-20 09:46:35.198799704+00:00,,2,1.68,6,385.0
12957,Mateo,Torres,72.0,GDL,Basico,4,180.0,3,7.28,2024.0,2024-03-20 16:20:53.113278320+00:00,,3,7.28,4,180.0
12958,Ana,Lopez,48.0,CDMX,Premium,5,326.0,8,36.410000000000004,2024.0,2024-03-20 22:55:11.027756944+00:00,,8,36.410000000000004,5,326.0
12959,Ana,Garcia,34.0,Desconocido,Basico,4,172.0,4,33.06,2024.0,2024-03-21 05:29:28.942235560+00:00,,4,33.06,4,172.0
12960,Mariana,Lopez,62.0,Bogotá,Basico,4,228.0,1,14.32,2024.0,2024-03-21 12:03:46.856714184+00:00,,1,14.32,4,228.0
12961,Carlos,Lopez,28.0,Cali,Premium,8,367.0,4,146.92,2024.0,2024-03-21 18:38:04.771192800+00:00,,4,82.19759999999998,8,367.0
12962,Carlos,Garcia,47.0,CDMX,Basico,5,232.0,4,9.24,2024.0,2024-03-22 01:12:22.685671424+00:00,,4,9.24,5,232.0
12963,Sofia,Gomez,52.0,Bogotá,Premium,4,194.0,7,29.939999999999998,2024.0,2024-03-22 07:46:40.600150040+00:00,,7,29.939999999999998,4,194.0
12964,Mariana,Torres,58.0,MTY,Premium,3,182.0,1,9.92,2024.0,2024-03-22 14:20:58.514628664+00:00,2024-07-27 22:40:00+00:00,1,9.92,3,182.0
12965,Mariana,Lopez,55.0,Cali,Basico,5,279.0,6,36.82,2024.0,2024-03-22 20:55:16.429107280+00:00,,6,36.82,5,279.0
12966,Carlos,Garcia,39.0,CDMX,Premium,8,307.0,1,0.28,2024.0,2024-03-23 03:29:34.343585904+00:00,,1,0.28,8,307.0
12967,Sofia,Ramirez,70.0,Bogotá,Premium,7,406.0,7,31.83,2024.0,2024-03-23 10:03:52.258064520+00:00,,7,31.83,7,406.0
12968,Ana,Lopez,60.0,Cali,Basico,7,311.0,4,24.92,2024.0,2024-03-23 16:38:10.172543136+00:00,2024-07-13 00:20:00+00:00,4,24.92,7,311.0
12969,Luis,Torres,65.0,Bogotá,Basico,8,408.0,1,3.5,2024.0,2024-03-23 23:12:28.087021760+00:00,,1,3.5,8,408.0
12970,Mateo,Gomez,68.0,Bogotá,Basico,8,477.0,4,12.05,2024.0,2024-03-24 05:46:46.001500376+00:00,,4,12.05,8,477.0
12971,Ana,Lopez,44.0,CDMX,Premium,2,123.0,3,6.9799999999999995,2024.0,2024-03-24 12:21:03.915979+00:00,2024-09-19 23:53:20+00:00,3,6.9799999999999995,2,123.0
12972,Carlos,Lopez,54.0,CDMX,Premium,6,303.0,6,19.94,2024.0,2024-03-24 18:55:21.830457616+00:00,,6,19.94,6,303.0
12973,Mateo,Garcia,63.0,Medellín,Basico,5,203.0,5,23.7,2024.0,2024-03-25 01:29:39.744936240+00:00,,5,23.7,5,203.0
12974,Luis,Ramirez,66.0,Medellín,Basico,2,74.0,5,16.33,2024.0,2024-03-25 08:03:57.659414856+00:00,,5,16.33,2,74.0
12975,Luis,Ramirez,52.0,Desconocido,Basico,6,302.0,4,11.969999999999999,2024.0,2024-03-25 14:38:15.573893480+00:00,2024-10-22 01:20:00+00:00,4,11.969999999999999,6,302.0
12976,Sofia,Gomez,21.0,Medellín,Basico,4,279.0,10,31.18,2024.0,2024-03-25 21:12:33.488372096+00:00,,10,31.18,4,279.0
12977,Mateo,Torres,33.0,Bogotá,Premium,5,191.0,7,63.7,2024.0,2024-03-26 03:46:51.402850720+00:00,,7,63.7,5,191.0
12978,Sofia,Gomez,33.0,Desconocido,Premium,3,184.0,5,33.43,2024.0,2024-03-26 10:21:09.317329336+00:00,,5,33.43,3,184.0
12979,Ana,Lopez,38.0,CDMX,Basico,9,441.0,9,38.019999999999996,2024.0,2024-03-26 16:55:27.231807952+00:00,,9,38.019999999999996,9,441.0
12980,Mariana,Lopez,43.0,Bogotá,Premium,5,182.0,3,6.27,2024.0,2024-03-26 23:29:45.146286576+00:00,,3,6.27,5,182.0
12981,Mariana,Ramirez,74.0,GDL,Basico,9,488.0,3,12.48,2024.0,2024-03-27 06:04:03.060765192+00:00,,3,12.48,9,488.0
12982,Mariana,Torres,53.0,CDMX,Basico,8,304.0,3,8.790000000000001,2024.0,2024-03-27 12:38:20.975243816+00:00,2024-06-15 00:06:40+00:00,3,8.790000000000001,8,304.0
12983,Mateo,Garcia,36.0,Cali,Basico,6,254.0,4,11.44,2024.0,2024-03-27 19:12:38.889722432+00:00,,4,11.44,6,254.0
12984,Mariana,Torres,75.0,Bogotá,Basico,4,189.0,4,26.03,2024.0,2024-03-28 01:46:56.804201056+00:00,,4,26.03,4,189.0
12985,Ana,Lopez,34.0,Bogotá,Premium,6,264.0,2,6.61,2024.0,2024-03-28 08:21:14.718679672+00:00,,2,6.61,6,264.0
12986,Sofia,Garcia,62.0,Bogotá,Basico,10,512.0,5,24.599999999999998,2024.0,2024-03-28 14:55:32.633158296+00:00,,5,24.599999999999998,10,512.0
12987,Mateo,Torres,43.0,Bogotá,Basico,6,380.0,9,61.35,2024.0,2024-03-28 21:29:50.547636912+00:00,2024-11-07 22:53:20+00:00,9,61.35,6,380.0
12988,Sofia,Torres,39.0,CDMX,Basico,5,214.0,4,12.93,2024.0,2024-03-29 04:04:08.462115536+00:00,,4,12.93,5,214.0
12989,Mateo,Garcia,72.0,Medellín,Basico,4,165.0,1,4.62,2024.0,2024-03-29 10:38:26.376594152+00:00,,1,4.62,4,165.0
12990,Sofia,Lopez,75.0,Bogotá,Basico,6,261.0,4,13.51,2024.0,2024-03-29 17:12:44.291072776+00:00,,4,13.51,6,261.0
12991,Luis,Torres,48.0,Cali,Basico,4,261.0,5,28.509999999999998,2024.0,2024-03-29 23:47:02.205551392+00:00,,5,28.509999999999998,4,261.0
12992,Sofia,Garcia,73.0,GDL,Premium,7,342.0,5,33.06,2024.0,2024-03-30 06:21:20.120030008+00:00,,5,33.06,7,342.0
12993,Mariana,Lopez,45.0,GDL,Premium,3,161.0,2,3.9299999999999997,2024.0,2024-03-30 12:55:38.034508632+00:00,,2,3.9299999999999997,3,161.0
12994,Luis,Garcia,18.0,Medellín,Basico,7,419.0,6,21.950000000000003,2024.0,2024-03-30 19:29:55.948987248+00:00,2024-12-16 23:00:00+00:00,6,21.950000000000003,7,419.0
12995,Sofia,Garcia,61.0,Cali,Premium,3,127.0,5,17.05,2024.0,2024-03-31 02:04:13.863465872+00:00,,5,17.05,3,127.0
12996,Mateo,Torres,53.0,Bogotá,Basico,5,253.0,7,24.54,2024.0,2024-03-31 08:38:31.777944488+00:00,,7,24.54,5,253.0
12997,Mateo,Lopez,60.0,Medellín,Basico,8,417.0,7,25.95,2024.0,2024-03-31 15:12:49.692423112+00:00,,7,25.95,8,417.0
12998,Mateo,Torres,54.0,Desconocido,Basico,8,458.0,4,23.94,2024.0,2024-03-31 21:47:07.606901728+00:00,,4,23.94,8,458.0
12999,Carlos,Gomez,19.0,Desconocido,Basico,6,306.0,7,33.239999999999995,2024.0,2024-04-01 04:21:25.521380352+00:00,,7,33.239999999999995,6,306.0
13000,Ana,Gomez,34.0,Medellín,Premium,2,56.0,6,40.510000000000005,2024.0,2024-04-01 10:55:43.435858968+00:00,,6,40.510000000000005,2,56.0
13001,Mateo,Lopez,57.0,Medellín,Basico,7,348.0,2,2.96,2024.0,2024-04-01 17:30:01.350337592+00:00,,2,2.96,7,348.0
13002,Luis,Garcia,55.0,GDL,Premium,8,330.0,0,0.0,2024.0,2024-04-02 00:04:19.264816208+00:00,,0,0.0,8,330.0
13003,Mateo,Torres,38.0,Cali,Basico,8,531.0,4,15.9,2024.0,2024-04-02 06:38:37.179294824+00:00,,4,15.9,8,531.0
13004,Carlos,Torres,78.0,Bogotá,Basico,8,268.0,4,20.18,2024.0,2024-04-02 13:12:55.093773448+00:00,,4,20.18,8,268.0
13005,Mariana,Lopez,26.0,Desconocido,Premium,5,220.0,4,14.66,2024.0,2024-04-02 19:47:13.008252064+00:00,,4,14.66,5,220.0
13006,Luis,Lopez,30.0,CDMX,Basico,2,101.0,4,12.73,2024.0,2024-04-03 02:21:30.922730688+00:00,,4,12.73,2,101.0
13007,Carlos,Gomez,28.0,Bogotá,Basico,6,291.0,6,16.0,2024.0,2024-04-03 08:55:48.837209304+00:00,,6,16.0,6,291.0
13008,Mariana,Ramirez,78.0,Bogotá,Basico,3,117.0,2,8.5,2024.0,2024-04-03 15:30:06.751687928+00:00,,2,8.5,3,117.0
13009,Luis,Lopez,33.0,Bogotá,Basico,4,185.0,3,19.5,2024.0,2024-04-03 22:04:24.666166544+00:00,,3,19.5,4,185.0
13010,Sofia,Ramirez,33.0,GDL,Premium,3,123.0,6,35.58,2024.0,2024-04-04 04:38:42.580645168+00:00,,6,35.58,3,123.0
13011,Ana,Lopez,76.0,Bogotá,Basico,1,76.0,6,28.5,2024.0,2024-04-04 11:13:00.495123784+00:00,,6,28.5,1,76.0
13012,Ana,Garcia,19.0,Cali,Basico,6,267.0,5,39.739999999999995,2024.0,2024-04-04 17:47:18.409602408+00:00,,5,39.739999999999995,6,267.0
13013,Carlos,Garcia,59.0,Medellín,Premium,4,208.0,1,13.37,2024.0,2024-04-05 00:21:36.324081024+00:00,,1,13.37,4,208.0
13014,Mariana,Gomez,61.0,GDL,Basico,5,220.0,4,12.24,2024.0,2024-04-05 06:55:54.238559640+00:00,2024-06-16 01:06:40+00:00,4,12.24,5,220.0
13015,Ana,Gomez,25.0,Medellín,Basico,6,279.0,5,13.08,2024.0,2024-04-05 13:30:12.153038264+00:00,,5,13.08,6,279.0
13016,Mariana,Ramirez,60.0,GDL,Basico,7,396.0,6,27.490000000000002,2024.0,2024-04-05 20:04:30.067516880+00:00,,6,27.490000000000002,7,396.0
13017,Mariana,Lopez,79.0,CDMX,Basico,6,365.0,6,58.64,2024.0,2024-04-06 02:38:47.981995504+00:00,2024-11-13 23:20:00+00:00,6,58.64,6,365.0
13018,Carlos,Torres,59.0,Medellín,Basico,4,205.0,4,49.22,2024.0,2024-04-06 09:13:05.896474120+00:00,,4,49.22,4,205.0
13019,Carlos,Gomez,30.0,Cali,Basico,7,381.0,4,25.17,2024.0,2024-04-06 15:47:23.810952744+00:00,,4,25.17,7,381.0
13020,Carlos,Torres,74.0,Bogotá,Premium,8,403.0,4,11.68,2024.0,2024-04-06 22:21:41.725431360+00:00,,4,11.68,8,403.0
13021,Ana,Torres,34.0,Bogotá,Basico,8,509.0,6,12.989999999999998,2024.0,2024-04-07 04:55:59.639909984+00:00,,6,12.989999999999998,8,509.0
13022,Carlos,Lopez,56.0,MTY,Basico,3,179.0,7,29.939999999999998,2024.0,2024-04-07 11:30:17.554388600+00:00,,7,29.939999999999998,3,179.0
13023,Ana,Ramirez,41.0,Bogotá,Basico,4,166.0,2,6.84,2024.0,2024-04-07 18:04:35.468867224+00:00,,2,6.84,4,166.0
13024,Carlos,Lopez,20.0,CDMX,Basico,2,123.0,7,62.349999999999994,2024.0,2024-04-08 00:38:53.383345840+00:00,,7,62.349999999999994,2,123.0
13025,Mateo,Gomez,47.0,Desconocido,Premium,6,303.0,4,20.919999999999998,2024.0,2024-04-08 07:13:11.297824464+00:00,,4,20.919999999999998,6,303.0
13026,Mariana,Torres,69.0,Cali,Basico,7,327.0,1,11.35,2024.0,2024-04-08 13:47:29.212303080+00:00,,1,11.35,7,327.0
13027,Carlos,Lopez,30.0,Medellín,Basico,7,308.0,3,22.91,2024.0,2024-04-08 20:21:47.126781696+00:00,,3,22.91,7,308.0
13028,Luis,Lopez,36.0,Bogotá,Basico,10,504.0,7,53.660000000000004,2024.0,2024-04-09 02:56:05.041260320+00:00,,7,53.660000000000004,10,504.0
13029,Mariana,Lopez,24.0,Cali,Basico,6,213.0,3,3.66,2024.0,2024-04-09 09:30:22.955738936+00:00,,3,3.66,6,213.0
13030,Mariana,Gomez,26.0,Bogotá,Premium,1,35.0,2,16.47,2024.0,2024-04-09 16:04:40.870217560+00:00,2024-10-16 23:06:40+00:00,2,16.47,1,35.0
13031,Carlos,Ramirez,36.0,GDL,Basico,2,156.0,5,34.06,2024.0,2024-04-09 22:38:58.784696176+00:00,2024-07-11 23:20:00+00:00,5,34.06,2,156.0
13032,Sofia,Lopez,62.0,CDMX,Basico,10,468.0,6,51.690000000000005,2024.0,2024-04-10 05:13:16.699174800+00:00,,6,51.690000000000005,10,468.0
13033,Carlos,Gomez,71.0,Medellín,Basico,9,499.0,4,23.5,2024.0,2024-04-10 11:47:34.613653416+00:00,,4,23.5,9,499.0
13034,Mariana,Torres,57.0,Desconocido,Basico,5,356.0,5,12.89,2024.0,2024-04-10 18:21:52.528132040+00:00,,5,12.89,5,356.0
13035,Luis,Garcia,39.0,CDMX,Basico,6,337.0,3,18.73,,,,3,18.73,6,337.0
13036,Mariana,Gomez,35.0,GDL,Basico,7,421.0,4,25.72,2024.0,2024-04-11 07:30:28.357089280+00:00,,4,25.72,7,421.0
13037,Luis,Garcia,78.0,Bogotá,Premium,6,228.0,10,42.17,2024.0,2024-04-11 14:04:46.271567896+00:00,,10,42.17,6,228.0
13038,Ana,Lopez,40.0,Cali,Basico,6,263.0,5,28.01,2024.0,2024-04-11 20:39:04.186046512+00:00,,5,28.01,6,263.0
13039,Mateo,Lopez,19.0,GDL,Premium,3,87.0,4,32.61,2024.0,2024-04-12 03:13:22.100525136+00:00,,4,32.61,3,87.0
13040,Mariana,Gomez,67.0,GDL,Basico,6,303.0,4,26.29,2024.0,2024-04-12 09:47:40.015003752+00:00,,4,26.29,6,303.0
13041,Carlos,Garcia,67.0,Medellín,Premium,4,150.0,3,11.59,2024.0,2024-04-12 16:21:57.929482376+00:00,,3,11.59,4,150.0
13042,Ana,Lopez,28.0,Bogotá,Basico,4,183.0,10,47.050000000000004,2024.0,2024-04-12 22:56:15.843960992+00:00,,10,47.050000000000004,4,183.0
13043,Mateo,Torres,48.0,CDMX,Premium,4,201.0,5,22.020000000000003,2024.0,2024-04-13 05:30:33.758439616+00:00,2024-10-13 22:53:20+00:00,5,22.020000000000003,4,201.0
13044,Carlos,Ramirez,50.0,CDMX,Basico,5,216.0,6,32.71,2024.0,2024-04-13 12:04:51.672918232+00:00,,6,32.71,5,216.0
13045,Sofia,Ramirez,31.0,Medellín,Basico,5,334.0,12,96.88,2024.0,2024-04-13 18:39:09.587396856+00:00,2024-07-05 00:40:00+00:00,10,82.19759999999998,5,334.0
13046,Carlos,Lopez,33.0,Bogotá,Premium,7,435.0,1,6.81,2024.0,2024-04-14 01:13:27.501875472+00:00,,1,6.81,7,435.0
13047,Luis,Garcia,28.0,Desconocido,Basico,7,325.0,3,25.259999999999998,2024.0,2024-04-14 07:47:45.416354096+00:00,,3,25.259999999999998,7,325.0
13048,Luis,Lopez,50.0,Medellín,Basico,7,353.0,3,8.47,2024.0,2024-04-14 14:22:03.330832720+00:00,,3,8.47,7,353.0
13049,Sofia,Garcia,79.0,CDMX,Basico,6,253.0,3,12.93,2024.0,2024-04-14 20:56:21.245311328+00:00,,3,12.93,6,253.0
13050,Ana,Torres,24.0,Bogotá,Basico,11,685.0,1,6.43,2024.0,2024-04-15 03:30:39.159789952+00:00,,1,6.43,11,685.0
13051,Mateo,Garcia,48.0,Bogotá,Basico,4,235.0,6,21.42,2024.0,2024-04-15 10:04:57.074268576+00:00,,6,21.42,4,235.0
13052,Carlos,Lopez,78.0,CDMX,Basico,8,368.0,4,9.3,2024.0,2024-04-15 16:39:14.988747184+00:00,,4,9.3,8,368.0
13053,Luis,Torres,65.0,Desconocido,Basico,9,507.0,5,17.01,2024.0,2024-04-15 23:13:32.903225808+00:00,,5,17.01,9,507.0
13054,Ana,Gomez,79.0,Cali,Basico,3,168.0,3,12.379999999999999,2024.0,2024-04-16 05:47:50.817704432+00:00,,3,12.379999999999999,3,168.0
13055,Sofia,Ramirez,63.0,GDL,Basico,8,376.0,5,42.89,2024.0,2024-04-16 12:22:08.732183056+00:00,,5,42.89,8,376.0
13056,Mariana,Lopez,64.0,GDL,Basico,9,1996.0,3,33.199999999999996,2024.0,2024-04-16 18:56:26.646661664+00:00,,3,33.199999999999996,9,724.02
13057,Luis,Lopez,31.0,CDMX,Basico,5,266.0,3,6.890000000000001,2024.0,2024-04-17 01:30:44.561140288+00:00,2024-08-25 23:53:20+00:00,3,6.890000000000001,5,266.0
13058,Sofia,Lopez,45.0,GDL,Premium,5,253.0,2,3.71,2024.0,2024-04-17 08:05:02.475618912+00:00,,2,3.71,5,253.0
13059,Carlos,Torres,70.0,Bogotá,Basico,4,253.0,2,4.9399999999999995,2024.0,2024-04-17 14:39:20.390097536+00:00,,2,4.9399999999999995,4,253.0
13060,Mateo,Gomez,60.0,Bogotá,Premium,7,346.0,0,0.0,2024.0,2024-04-17 21:13:38.304576144+00:00,,0,0.0,7,346.0
13061,Luis,Garcia,33.0,Desconocido,Premium,10,496.0,4,26.35,2024.0,2024-04-18 03:47:56.219054768+00:00,,4,26.35,10,496.0
13062,Luis,Gomez,36.0,CDMX,Premium,6,273.0,5,23.599999999999998,2024.0,2024-04-18 10:22:14.133533392+00:00,,5,23.599999999999998,6,273.0
13063,Carlos,Torres,34.0,Bogotá,Premium,2,97.0,3,10.56,2024.0,2024-04-18 16:56:32.048012+00:00,,3,10.56,2,97.0
13064,Mariana,Lopez,76.0,Desconocido,Premium,6,309.0,3,19.009999999999998,2024.0,2024-04-18 23:30:49.962490624+00:00,,3,19.009999999999998,6,309.0
13065,Ana,Ramirez,43.0,Bogotá,Basico,6,292.0,6,8.61,2024.0,2024-04-19 06:05:07.876969248+00:00,,6,8.61,6,292.0
13066,Mateo,Lopez,23.0,CDMX,Basico,5,328.0,5,34.96,2024.0,2024-04-19 12:39:25.791447872+00:00,,5,34.96,5,328.0
13067,Luis,Garcia,60.0,GDL,Basico,3,149.0,2,6.58,2024.0,2024-04-19 19:13:43.705926480+00:00,2024-12-22 01:13:20+00:00,2,6.58,3,149.0
13068,Mateo,Ramirez,66.0,MTY,Premium,9,484.0,2,3.91,2024.0,2024-04-20 01:48:01.620405104+00:00,,2,3.91,9,484.0
13069,Luis,Lopez,26.0,Desconocido,Premium,1,67.0,9,48.36,2024.0,2024-04-20 08:22:19.534883728+00:00,2024-10-10 22:40:00+00:00,9,48.36,1,67.0
13070,Mateo,Ramirez,67.0,Desconocido,Premium,4,243.0,7,43.57,2024.0,2024-04-20 14:56:37.449362352+00:00,,7,43.57,4,243.0
13071,Sofia,Gomez,34.0,Desconocido,Premium,3,160.0,6,27.25,2024.0,2024-04-20 21:30:55.363840960+00:00,,6,27.25,3,160.0
13072,Luis,Torres,48.0,Cali,Premium,8,429.0,4,23.03,2024.0,2024-04-21 04:05:13.278319584+00:00,,4,23.03,8,429.0
13073,Mateo,Lopez,29.0,MTY,Basico,3,153.0,3,6.8100000000000005,2024.0,2024-04-21 10:39:31.192798208+00:00,,3,6.8100000000000005,3,153.0
13074,Ana,Garcia,40.0,Desconocido,Basico,3,181.0,5,23.75,2024.0,2024-04-21 17:13:49.107276816+00:00,,5,23.75,3,181.0
13075,Sofia,Gomez,71.0,Desconocido,Basico,7,333.0,4,34.0,2024.0,2024-04-21 23:48:07.021755440+00:00,,4,34.0,7,333.0
13076,Sofia,Lopez,71.0,MTY,Basico,6,303.0,8,34.69,2024.0,2024-04-22 06:22:24.936234064+00:00,,8,34.69,6,303.0
13077,Ana,Gomez,79.0,GDL,Basico,5,260.0,3,9.02,2024.0,2024-04-22 12:56:42.850712688+00:00,,3,9.02,5,260.0
13078,Mateo,Garcia,22.0,Bogotá,Basico,3,176.0,6,64.09,2024.0,2024-04-22 19:31:00.765191296+00:00,,6,64.09,3,176.0
13079,Carlos,Lopez,60.0,GDL,Premium,6,297.0,3,26.19,2024.0,2024-04-23 02:05:18.679669920+00:00,,3,26.19,6,297.0
13080,Ana,Garcia,53.0,CDMX,Basico,4,212.0,4,35.7,2024.0,2024-04-23 08:39:36.594148544+00:00,,4,35.7,4,212.0
13081,Mateo,Ramirez,76.0,Desconocido,Premium,7,434.0,7,22.810000000000002,2024.0,2024-04-23 15:13:54.508627168+00:00,,7,22.810000000000002,7,434.0
13082,Ana,Garcia,53.0,Desconocido,Basico,7,321.0,5,16.62,2024.0,2024-04-23 21:48:12.423105776+00:00,,5,16.62,7,321.0
13083,Ana,Ramirez,20.0,CDMX,Basico,2,133.0,7,40.9,2024.0,2024-04-24 04:22:30.337584400+00:00,,7,40.9,2,133.0
13084,Luis,Lopez,75.0,Bogotá,Premium,7,345.0,5,45.09,2024.0,2024-04-24 10:56:48.252063024+00:00,2024-12-22 01:13:20+00:00,5,45.09,7,345.0
13085,Mateo,Ramirez,41.0,Cali,Premium,5,234.0,3,20.81,2024.0,2024-04-24 17:31:06.166541632+00:00,,3,20.81,5,234.0
13086,Carlos,Lopez,72.0,Medellín,Basico,4,217.0,4,31.48,2024.0,2024-04-25 00:05:24.081020256+00:00,,4,31.48,4,217.0
13087,Luis,Lopez,74.0,MTY,Basico,6,379.0,3,7.0600000000000005,2024.0,2024-04-25 06:39:41.995498880+00:00,,3,7.0600000000000005,6,379.0
13088,Ana,Torres,34.0,Medellín,Basico,4,213.0,8,38.24,2024.0,2024-04-25 13:13:59.909977504+00:00,,8,38.24,4,213.0
13089,Mariana,Lopez,56.0,Desconocido,Premium,4,230.0,3,22.14,2024.0,2024-04-25 19:48:17.824456112+00:00,,3,22.14,4,230.0
13090,Ana,Ramirez,43.0,Desconocido,Basico,3,148.0,1,6.8,2024.0,2024-04-26 02:22:35.738934736+00:00,,1,6.8,3,148.0
13091,Ana,Torres,21.0,MTY,Basico,6,248.0,5,23.46,2024.0,2024-04-26 08:56:53.653413360+00:00,,5,23.46,6,248.0
13092,Mateo,Torres,72.0,CDMX,Basico,2,59.0,4,15.209999999999999,2024.0,2024-04-26 15:31:11.567891984+00:00,,4,15.209999999999999,2,59.0
13093,Mateo,Lopez,62.0,Desconocido,Premium,4,174.0,3,10.190000000000001,2024.0,2024-04-26 22:05:29.482370592+00:00,2024-10-05 01:00:00+00:00,3,10.190000000000001,4,174.0
13094,Luis,Garcia,29.0,CDMX,Premium,12,519.0,3,10.25,2024.0,2024-04-27 04:39:47.396849216+00:00,,3,10.25,12,519.0
13095,Carlos,Garcia,18.0,Medellín,Premium,5,189.0,7,44.9,2024.0,2024-04-27 11:14:05.311327840+00:00,,7,44.9,5,189.0
13096,Luis,Torres,38.0,CDMX,Basico,3,95.0,2,1.64,2024.0,2024-04-27 17:48:23.225806448+00:00,,2,1.64,3,95.0
13097,Sofia,Lopez,36.0,MTY,Premium,3,155.0,5,21.439999999999998,2024.0,2024-04-28 00:22:41.140285072+00:00,,5,21.439999999999998,3,155.0
13098,Ana,Garcia,38.0,Bogotá,Premium,6,316.0,2,4.85,2024.0,2024-04-28 06:56:59.054763696+00:00,2024-08-16 23:13:20+00:00,2,4.85,6,316.0
13099,Mariana,Lopez,69.0,CDMX,Premium,2,80.0,5,20.0,2024.0,2024-04-28 13:31:16.969242320+00:00,,5,20.0,2,80.0
13100,Ana,Lopez,35.0,Desconocido,Basico,13,632.0,9,38.16,2024.0,2024-04-28 20:05:34.883720928+00:00,,9,38.16,12,632.0
13101,Ana,Torres,60.0,CDMX,Premium,6,386.0,8,21.28,2024.0,2024-04-29 02:39:52.798199552+00:00,,8,21.28,6,386.0
13102,Luis,Torres,69.0,Desconocido,Basico,4,224.0,7,41.43,2024.0,2024-04-29 09:14:10.712678176+00:00,,7,41.43,4,224.0
13103,Mariana,Gomez,20.0,Desconocido,Premium,5,262.0,2,8.030000000000001,2024.0,2024-04-29 15:48:28.627156800+00:00,,2,8.030000000000001,5,262.0
13104,Mariana,Garcia,78.0,MTY,Basico,5,285.0,7,48.510000000000005,2024.0,2024-04-29 22:22:46.541635408+00:00,,7,48.510000000000005,5,285.0
13105,Mariana,Garcia,66.0,Medellín,Basico,8,409.0,0,0.0,2024.0,2024-04-30 04:57:04.456114032+00:00,,0,0.0,8,409.0
13106,Luis,Garcia,61.0,GDL,Basico,5,279.0,5,26.55,2024.0,2024-04-30 11:31:22.370592656+00:00,,5,26.55,5,279.0
13107,Ana,Ramirez,49.0,Cali,Basico,10,584.0,6,33.19,2024.0,2024-04-30 18:05:40.285071264+00:00,,6,33.19,10,584.0
13108,Luis,Lopez,27.0,Bogotá,Basico,7,284.0,3,27.97,2024.0,2024-05-01 00:39:58.199549888+00:00,,3,27.97,7,284.0
13109,Mateo,Torres,57.0,MTY,Basico,2,124.0,7,38.410000000000004,2024.0,2024-05-01 07:14:16.114028512+00:00,,7,38.410000000000004,2,124.0
13110,Mateo,Garcia,32.0,Bogotá,Basico,2,113.0,7,24.240000000000002,2024.0,2024-05-01 13:48:34.028507136+00:00,,7,24.240000000000002,2,113.0
13111,Luis,Gomez,22.0,Medellín,Premium,6,300.0,6,33.269999999999996,2024.0,2024-05-01 20:22:51.942985744+00:00,,6,33.269999999999996,6,300.0
13112,Mariana,Garcia,21.0,Desconocido,Basico,6,271.0,7,17.95,2024.0,2024-05-02 02:57:09.857464368+00:00,,7,17.95,6,271.0
13113,Ana,Lopez,75.0,CDMX,Basico,4,155.0,1,9.92,2024.0,2024-05-02 09:31:27.771942992+00:00,,1,9.92,4,155.0
13114,Luis,Lopez,45.0,Bogotá,Premium,4,186.0,3,19.66,2024.0,2024-05-02 16:05:45.686421616+00:00,,3,19.66,4,186.0
13115,Luis,Torres,70.0,GDL,Basico,4,255.0,8,40.76,2024.0,2024-05-02 22:40:03.600900224+00:00,,8,40.76,4,255.0
13116,Luis,Ramirez,69.0,Cali,Basico,6,411.0,3,20.830000000000002,2024.0,2024-05-03 05:14:21.515378848+00:00,,3,20.830000000000002,6,411.0
13117,Sofia,Torres,68.0,CDMX,Basico,7,359.0,7,25.36,2024.0,2024-05-03 11:48:39.429857472+00:00,2024-09-23 00:06:40+00:00,7,25.36,7,359.0
13118,Mateo,Garcia,70.0,Medellín,Basico,6,343.0,4,12.19,2024.0,2024-05-03 18:22:57.344336096+00:00,2024-10-10 22:40:00+00:00,4,12.19,6,343.0
13119,Mariana,Gomez,21.0,CDMX,Basico,5,287.0,2,2.45,2024.0,2024-05-04 00:57:15.258814704+00:00,,2,2.45,5,287.0
13120,Carlos,Torres,32.0,Bogotá,Basico,5,231.0,3,4.33,2024.0,2024-05-04 07:31:33.173293328+00:00,,3,4.33,5,231.0
13121,Mariana,Ramirez,34.0,Cali,Premium,4,210.0,4,21.990000000000002,2024.0,2024-05-04 14:05:51.087771952+00:00,,4,21.990000000000002,4,210.0
13122,Carlos,Torres,61.0,Cali,Basico,3,124.0,10,30.32,2024.0,2024-05-04 20:40:09.002250560+00:00,,10,30.32,3,124.0
13123,Sofia,Lopez,20.0,Cali,Basico,6,339.0,3,22.03,2024.0,2024-05-05 03:14:26.916729184+00:00,,3,22.03,6,339.0
13124,Luis,Garcia,27.0,Bogotá,Premium,5,255.0,4,9.62,2024.0,2024-05-05 09:48:44.831207808+00:00,,4,9.62,5,255.0
13125,Sofia,Garcia,64.0,Desconocido,Basico,4,154.0,2,5.0,2024.0,2024-05-05 16:23:02.745686432+00:00,,2,5.0,4,154.0
13126,Sofia,Garcia,59.0,Bogotá,Basico,6,287.0,5,67.32,2024.0,2024-05-05 22:57:20.660165040+00:00,,5,67.32,6,287.0
13127,Ana,Garcia,73.0,Desconocido,Premium,4,233.0,5,31.5,2024.0,2024-05-06 05:31:38.574643664+00:00,,5,31.5,4,233.0
13128,Mateo,Garcia,40.0,Bogotá,Basico,4,193.0,3,22.0,2024.0,2024-05-06 12:05:56.489122288+00:00,,3,22.0,4,193.0
13129,Carlos,Garcia,35.0,Bogotá,Premium,3,168.0,7,27.150000000000002,2024.0,2024-05-06 18:40:14.403600912+00:00,2024-10-27 00:46:40+00:00,7,27.150000000000002,3,168.0
13130,Luis,Gomez,18.0,GDL,Basico,5,271.0,5,18.57,2024.0,2024-05-07 01:14:32.318079520+00:00,,5,18.57,5,271.0
13131,Carlos,Ramirez,52.0,Bogotá,Premium,1,39.0,7,36.72,2024.0,2024-05-07 07:48:50.232558144+00:00,,7,36.72,1,39.0
13132,Mariana,Garcia,70.0,CDMX,Basico,6,345.0,4,21.24,2024.0,2024-05-07 14:23:08.147036768+00:00,,4,21.24,6,345.0
13133,Carlos,Ramirez,75.0,Desconocido,Basico,6,364.0,5,21.17,2024.0,2024-05-07 20:57:26.061515376+00:00,,5,21.17,6,364.0
13134,Mariana,Garcia,48.0,Medellín,Premium,10,520.0,3,29.61,2024.0,2024-05-08 03:31:43.975994+00:00,,3,29.61,10,520.0
13135,Mateo,Torres,76.0,Desconocido,Premium,1,67.0,6,18.52,2024.0,2024-05-08 10:06:01.890472624+00:00,2024-12-02 00:40:00+00:00,6,18.52,1,67.0
13136,Mariana,Garcia,61.0,CDMX,Premium,8,461.0,5,3.5300000000000002,2024.0,2024-05-08 16:40:19.804951248+00:00,,5,3.5300000000000002,8,461.0
13137,Carlos,Lopez,18.0,GDL,Basico,7,389.0,1,17.37,2024.0,2024-05-08 23:14:37.719429856+00:00,,1,17.37,7,389.0
13138,Carlos,Gomez,20.0,Desconocido,Premium,4,198.0,1,1.83,2024.0,2024-05-09 05:48:55.633908480+00:00,,1,1.83,4,198.0
13139,Mariana,Torres,20.0,MTY,Basico,10,2028.0,8,34.93,2024.0,2024-05-09 12:23:13.548387104+00:00,,8,34.93,10,724.02
13140,Sofia,Torres,54.0,Bogotá,Basico,11,570.0,4,26.32,2024.0,2024-05-09 18:57:31.462865728+00:00,,4,26.32,11,570.0
13141,Mateo,Lopez,36.0,Desconocido,Basico,3,112.0,7,18.12,2024.0,2024-05-10 01:31:49.377344336+00:00,,7,18.12,3,112.0
13142,Ana,Garcia,46.0,Bogotá,Premium,1,24.0,3,6.38,2024.0,2024-05-10 08:06:07.291822960+00:00,2024-11-24 23:13:20+00:00,3,6.38,1,34.0
13143,Luis,Gomez,42.0,GDL,Premium,7,354.0,2,32.19,2024.0,2024-05-10 14:40:25.206301584+00:00,,2,32.19,7,354.0
13144,Carlos,Torres,50.0,Desconocido,Basico,7,334.0,4,29.98,2024.0,2024-05-10 21:14:43.120780192+00:00,,4,29.98,7,334.0
13145,Luis,Gomez,53.0,CDMX,Premium,4,338.0,7,21.94,2024.0,2024-05-11 03:49:01.035258816+00:00,,7,21.94,4,338.0
13146,Ana,Torres,78.0,Desconocido,Premium,4,169.0,4,12.76,2024.0,2024-05-11 10:23:18.949737440+00:00,,4,12.76,4,169.0
13147,Luis,Garcia,46.0,CDMX,Basico,5,248.0,4,19.84,2024.0,2024-05-11 16:57:36.864216064+00:00,,4,19.84,5,248.0
13148,Ana,Torres,75.0,Medellín,Basico,3,183.0,2,6.99,2024.0,2024-05-11 23:31:54.778694672+00:00,,2,6.99,3,183.0
13149,Mariana,Torres,43.0,CDMX,Premium,7,335.0,11,48.84,2024.0,2024-05-12 06:06:12.693173296+00:00,2024-10-27 23:00:00+00:00,10,48.84,7,335.0
13150,Sofia,Ramirez,21.0,Medellín,Basico,8,291.0,5,39.6,2024.0,2024-05-12 12:40:30.607651920+00:00,,5,39.6,8,291.0
13151,Carlos,Garcia,66.0,CDMX,Basico,7,337.0,5,19.53,2024.0,2024-05-12 19:14:48.522130544+00:00,,5,19.53,7,337.0
13152,Ana,Lopez,31.0,Cali,Basico,6,220.0,3,8.200000000000001,2024.0,2024-05-13 01:49:06.436609152+00:00,2024-06-01 00:00:00+00:00,3,8.200000000000001,6,220.0
13153,Luis,Lopez,67.0,Bogotá,Basico,4,135.0,5,14.379999999999999,2024.0,2024-05-13 08:23:24.351087776+00:00,,5,14.379999999999999,4,135.0
13154,Carlos,Garcia,44.0,CDMX,Basico,7,281.0,6,20.55,2024.0,2024-05-13 14:57:42.265566400+00:00,,6,20.55,7,281.0
13155,Sofia,Lopez,50.0,Medellín,Basico,5,293.0,5,27.22,2024.0,2024-05-13 21:32:00.180045008+00:00,,5,27.22,5,293.0
13156,Mariana,Garcia,39.0,Bogotá,Premium,6,271.0,4,14.18,2024.0,2024-05-14 04:06:18.094523632+00:00,,4,14.18,6,271.0
13157,Carlos,Lopez,65.0,GDL,Basico,3,172.0,1,6.03,2024.0,2024-05-14 10:40:36.009002256+00:00,,1,6.03,3,172.0
13158,Ana,Ramirez,20.0,CDMX,Premium,4,207.0,3,8.07,2024.0,2024-05-14 17:14:53.923480880+00:00,,3,8.07,4,207.0
13159,Sofia,Lopez,40.0,Bogotá,Premium,11,546.0,8,32.19,2024.0,2024-05-14 23:49:11.837959488+00:00,,8,32.19,11,546.0
13160,Luis,Torres,38.0,CDMX,Premium,7,340.0,5,22.86,2024.0,2024-05-15 06:23:29.752438112+00:00,,5,22.86,7,340.0
13161,Sofia,Garcia,58.0,CDMX,Premium,4,140.0,5,9.49,2024.0,2024-05-15 12:57:47.666916736+00:00,,5,9.49,4,140.0
13162,Sofia,Gomez,40.0,GDL,Basico,7,341.0,7,23.5,2024.0,2024-05-15 19:32:05.581395360+00:00,2024-11-07 22:53:20+00:00,7,23.5,7,341.0
13163,Mateo,Gomez,21.0,Medellín,Basico,5,296.0,6,26.9,2024.0,2024-05-16 02:06:23.495873968+00:00,,6,26.9,5,296.0
13164,Sofia,Garcia,38.0,Bogotá,Basico,4,205.0,5,39.809999999999995,2024.0,2024-05-16 08:40:41.410352592+00:00,,5,39.809999999999995,4,205.0
13165,Sofia,Ramirez,54.0,CDMX,Premium,3,201.0,5,37.92,2024.0,2024-05-16 15:14:59.324831216+00:00,,5,37.92,3,201.0
13166,Carlos,Lopez,60.0,Desconocido,Premium,5,233.0,6,42.39,2024.0,2024-05-16 21:49:17.239309824+00:00,,6,42.39,5,233.0
13167,Luis,Ramirez,48.0,Desconocido,Basico,5,255.0,4,20.5,2024.0,2024-05-17 04:23:35.153788448+00:00,,4,20.5,5,255.0
13168,Carlos,Gomez,38.0,GDL,Premium,5,228.0,5,11.23,2024.0,2024-05-17 10:57:53.068267072+00:00,,5,11.23,5,228.0
13169,Carlos,Garcia,43.0,CDMX,Basico,5,254.0,6,36.36,2024.0,2024-05-17 17:32:10.982745696+00:00,,6,36.36,5,254.0
13170,Ana,Garcia,58.0,Desconocido,Basico,3,151.0,4,32.21,2024.0,2024-05-18 00:06:28.897224304+00:00,,4,32.21,3,151.0
13171,Carlos,Ramirez,75.0,Bogotá,Premium,5,251.0,5,19.549999999999997,2024.0,2024-05-18 06:40:46.811702928+00:00,,5,19.549999999999997,5,251.0
13172,Mateo,Ramirez,52.0,MTY,Basico,6,273.0,7,29.1,2024.0,2024-05-18 13:15:04.726181552+00:00,,7,29.1,6,273.0
13173,Mateo,Lopez,55.0,Bogotá,Basico,10,450.0,6,19.73,2024.0,2024-05-18 19:49:22.640660176+00:00,,6,19.73,10,450.0
13174,Ana,Torres,41.0,Cali,Premium,2,108.0,6,43.45,2024.0,2024-05-19 02:23:40.555138784+00:00,,6,43.45,2,108.0
13175,Mariana,Torres,28.0,CDMX,Premium,6,338.0,2,6.619999999999999,2024.0,2024-05-19 08:57:58.469617408+00:00,,2,6.619999999999999,6,338.0
13176,Luis,Lopez,58.0,Cali,Basico,4,176.0,6,17.41,2024.0,2024-05-19 15:32:16.384096032+00:00,2024-06-01 00:00:00+00:00,6,17.41,4,176.0
13177,Luis,Torres,46.0,Medellín,Basico,3,175.0,3,15.799999999999999,2024.0,2024-05-19 22:06:34.298574640+00:00,,3,15.799999999999999,3,175.0
13178,Carlos,Gomez,64.0,Bogotá,Basico,8,473.0,6,4.73,2024.0,2024-05-20 04:40:52.213053264+00:00,,6,4.73,8,473.0
13179,Carlos,Torres,72.0,Desconocido,Basico,7,315.0,9,58.26,2024.0,2024-05-20 11:15:10.127531888+00:00,,9,58.26,7,315.0
13180,Mariana,Lopez,77.0,CDMX,Premium,4,293.0,8,40.08,2024.0,2024-05-20 17:49:28.042010512+00:00,,8,40.08,4,293.0
13181,Carlos,Torres,20.0,Bogotá,Basico,6,240.0,5,37.06,2024.0,2024-05-21 00:23:45.956489120+00:00,2024-10-27 23:00:00+00:00,5,37.06,6,240.0
13182,Luis,Garcia,18.0,Bogotá,Basico,0,0.0,4,31.119999999999997,2024.0,2024-05-21 06:58:03.870967744+00:00,,4,31.119999999999997,1,34.0
13183,Sofia,Ramirez,69.0,Bogotá,Basico,6,341.0,5,53.01,2024.0,2024-05-21 13:32:21.785446368+00:00,,5,53.01,6,341.0
13184,Mateo,Gomez,78.0,GDL,Premium,8,310.0,11,76.69,2024.0,2024-05-21 20:06:39.699924992+00:00,,10,76.69,8,310.0
13185,Sofia,Garcia,71.0,MTY,Basico,3,155.0,3,14.55,2024.0,2024-05-22 02:40:57.614403600+00:00,,3,14.55,3,155.0
13186,Sofia,Garcia,36.0,CDMX,Basico,9,367.0,3,36.03,2024.0,2024-05-22 09:15:15.528882224+00:00,2024-08-07 00:20:00+00:00,3,36.03,9,367.0
13187,Luis,Lopez,63.0,GDL,Basico,3,123.0,5,138.41,2024.0,2024-05-22 15:49:33.443360848+00:00,2024-10-24 22:46:40+00:00,5,82.19759999999998,3,123.0
13188,Sofia,Ramirez,66.0,GDL,Basico,7,438.0,6,51.87,2024.0,2024-05-22 22:23:51.357839472+00:00,,6,51.87,7,438.0
13189,Mariana,Ramirez,39.0,Medellín,Basico,8,354.0,1,11.88,2024.0,2024-05-23 04:58:09.272318080+00:00,,1,11.88,8,354.0
13190,Ana,Gomez,31.0,CDMX,Basico,6,213.0,6,12.120000000000001,2024.0,2024-05-23 11:32:27.186796704+00:00,2024-07-17 23:46:40+00:00,6,12.120000000000001,6,213.0
13191,Carlos,Lopez,66.0,Medellín,Premium,4,253.0,6,25.009999999999998,2024.0,2024-05-23 18:06:45.101275328+00:00,,6,25.009999999999998,4,253.0
13192,Ana,Gomez,74.0,GDL,Premium,4,257.0,6,39.97,2024.0,2024-05-24 00:41:03.015753936+00:00,,6,39.97,4,257.0
13193,Mateo,Torres,76.0,CDMX,Premium,2,142.0,4,23.189999999999998,2024.0,2024-05-24 07:15:20.930232560+00:00,,4,23.189999999999998,2,142.0
13194,Carlos,Garcia,31.0,MTY,Basico,8,366.0,5,14.23,2024.0,2024-05-24 13:49:38.844711184+00:00,,5,14.23,8,366.0
13195,Sofia,Gomez,61.0,GDL,Basico,5,195.0,2,6.84,2024.0,2024-05-24 20:23:56.759189808+00:00,,2,6.84,5,195.0
13196,Mateo,Garcia,33.0,Bogotá,Basico,3,155.0,6,14.38,2024.0,2024-05-25 02:58:14.673668416+00:00,,6,14.38,3,155.0
13197,Carlos,Lopez,50.0,MTY,Basico,3,153.0,5,37.47,2024.0,2024-05-25 09:32:32.588147040+00:00,,5,37.47,3,153.0
13198,Mariana,Torres,30.0,Desconocido,Basico,4,175.0,6,11.34,2024.0,2024-05-25 16:06:50.502625664+00:00,,6,11.34,4,175.0
13199,Mariana,Lopez,55.0,Desconocido,Premium,1,79.0,6,18.37,2024.0,2024-05-25 22:41:08.417104288+00:00,2024-12-08 23:20:00+00:00,6,18.37,1,79.0
13200,Mariana,Torres,66.0,Bogotá,Basico,4,201.0,5,14.98,2024.0,2024-05-26 05:15:26.331582896+00:00,,5,14.98,4,201.0
13201,Mariana,Torres,29.0,Cali,Basico,9,350.0,5,8.49,2024.0,2024-05-26 11:49:44.246061520+00:00,,5,8.49,9,350.0
13202,Sofia,Garcia,72.0,CDMX,Basico,5,301.0,4,19.84,2024.0,2024-05-26 18:24:02.160540144+00:00,,4,19.84,5,301.0
13203,Ana,Lopez,68.0,Bogotá,Basico,1,76.0,6,11.51,2024.0,2024-05-27 00:58:20.075018752+00:00,,6,11.51,1,76.0
13204,Carlos,Lopez,55.0,Medellín,Premium,6,317.0,4,24.13,2024.0,2024-05-27 07:32:37.989497376+00:00,,4,24.13,6,317.0
13205,Sofia,Gomez,56.0,GDL,Basico,5,185.0,4,17.09,2024.0,2024-05-27 14:06:55.903976+00:00,,4,17.09,5,185.0
13206,Mariana,Lopez,50.0,CDMX,Premium,7,299.0,3,8.3,2024.0,2024-05-27 20:41:13.818454624+00:00,,3,8.3,7,299.0
13207,Ana,Gomez,50.0,CDMX,Basico,4,157.0,4,19.41,2024.0,2024-05-28 03:15:31.732933232+00:00,,4,19.41,4,157.0
13208,Mateo,Ramirez,46.0,Bogotá,Premium,7,319.0,3,32.55,2024.0,2024-05-28 09:49:49.647411856+00:00,,3,32.55,7,319.0
13209,Mateo,Ramirez,22.0,Bogotá,Basico,5,235.0,4,15.54,2024.0,2024-05-28 16:24:07.561890480+00:00,,4,15.54,5,235.0
13210,Mateo,Ramirez,23.0,MTY,Premium,8,349.0,1,4.97,2024.0,2024-05-28 22:58:25.476369104+00:00,,1,4.97,8,349.0
13211,Mariana,Lopez,48.0,Bogotá,Basico,7,379.0,6,32.94,2024.0,2024-05-29 05:32:43.390847712+00:00,,6,32.94,7,379.0
13212,Mateo,Lopez,33.0,Bogotá,Basico,3,131.0,3,20.95,2024.0,2024-05-29 12:07:01.305326336+00:00,,3,20.95,3,131.0
13213,Luis,Gomez,48.0,Cali,Basico,8,426.0,3,10.96,2024.0,2024-05-29 18:41:19.219804960+00:00,,3,10.96,8,426.0
13214,Carlos,Torres,42.0,CDMX,Basico,5,206.0,2,20.71,2024.0,2024-05-30 01:15:37.134283568+00:00,,2,20.71,5,206.0
13215,Carlos,Gomez,65.0,Cali,Basico,5,205.0,2,2.8600000000000003,2024.0,2024-05-30 07:49:55.048762192+00:00,,2,2.8600000000000003,5,205.0
13216,Mariana,Ramirez,63.0,Medellín,Basico,9,477.0,3,3.99,2024.0,2024-05-30 14:24:12.963240816+00:00,,3,3.99,9,477.0
13217,Luis,Gomez,50.0,Medellín,Basico,6,337.0,5,31.12,2024.0,2024-05-30 20:58:30.877719440+00:00,2024-07-16 22:46:40+00:00,5,31.12,6,337.0
13218,Sofia,Torres,30.0,Medellín,Basico,4,171.0,6,31.94,2024.0,2024-05-31 03:32:48.792198048+00:00,,6,31.94,4,171.0
13219,Sofia,Lopez,69.0,Bogotá,Premium,5,280.0,4,4.6899999999999995,2024.0,2024-05-31 10:07:06.706676672+00:00,,4,4.6899999999999995,5,280.0
13220,Mateo,Gomez,27.0,GDL,Basico,7,368.0,4,45.93,2024.0,2024-05-31 16:41:24.621155296+00:00,,4,45.93,7,368.0
13221,Ana,Ramirez,41.0,Bogotá,Basico,5,253.0,5,24.169999999999998,2024.0,2024-05-31 23:15:42.535633920+00:00,,5,24.169999999999998,5,253.0
13222,Sofia,Ramirez,27.0,Desconocido,Premium,7,367.0,6,50.97,2024.0,2024-06-01 05:50:00.450112528+00:00,,6,50.97,7,367.0
13223,Ana,Lopez,58.0,Bogotá,Premium,8,396.0,3,21.17,2024.0,2024-06-01 12:24:18.364591152+00:00,,3,21.17,8,396.0
13224,Carlos,Gomez,48.0,CDMX,Premium,4,237.0,3,10.7,2024.0,2024-06-01 18:58:36.279069776+00:00,,3,10.7,4,237.0
13225,Ana,Torres,30.0,CDMX,Premium,7,374.0,3,13.93,2024.0,2024-06-02 01:32:54.193548384+00:00,,3,13.93,7,374.0
13226,Carlos,Lopez,20.0,Desconocido,Basico,6,181.0,2,2.42,2024.0,2024-06-02 08:07:12.108027008+00:00,,2,2.42,6,181.0
13227,Luis,Gomez,76.0,CDMX,Premium,5,244.0,4,38.57,2024.0,2024-06-02 14:41:30.022505632+00:00,,4,38.57,5,244.0
13228,Luis,Garcia,67.0,CDMX,Basico,3,167.0,3,8.78,2024.0,2024-06-02 21:15:47.936984256+00:00,,3,8.78,3,167.0
13229,Mariana,Ramirez,69.0,MTY,Basico,5,231.0,5,15.39,2024.0,2024-06-03 03:50:05.851462864+00:00,,5,15.39,5,231.0
13230,Mariana,Torres,51.0,Desconocido,Premium,5,306.0,4,39.199999999999996,2024.0,2024-06-03 10:24:23.765941488+00:00,,4,39.199999999999996,5,306.0
13231,Mateo,Torres,66.0,MTY,Basico,6,311.0,4,14.530000000000001,2024.0,2024-06-03 16:58:41.680420112+00:00,,4,14.530000000000001,6,311.0
13232,Sofia,Torres,45.0,Bogotá,Basico,7,432.0,8,53.59,2024.0,2024-06-03 23:32:59.594898736+00:00,,8,53.59,7,432.0
13233,Mateo,Ramirez,36.0,Medellín,Basico,5,249.0,5,54.35,2024.0,2024-06-04 06:07:17.509377344+00:00,,5,54.35,5,249.0
13234,Carlos,Gomez,40.0,CDMX,Basico,9,476.0,2,4.5600000000000005,2024.0,2024-06-04 12:41:35.423855968+00:00,,2,4.5600000000000005,9,476.0
13235,Mateo,Lopez,62.0,Desconocido,Basico,8,349.0,5,26.700000000000003,2024.0,2024-06-04 19:15:53.338334592+00:00,,5,26.700000000000003,8,349.0
13236,Ana,Gomez,49.0,Bogotá,Basico,5,326.0,5,28.65,2024.0,2024-06-05 01:50:11.252813200+00:00,,5,28.65,5,326.0
13237,Carlos,Lopez,30.0,Bogotá,Basico,5,324.0,7,58.7,2024.0,2024-06-05 08:24:29.167291824+00:00,,7,58.7,5,324.0
13238,Mariana,Torres,50.0,Desconocido,Basico,7,349.0,6,27.909999999999997,2024.0,2024-06-05 14:58:47.081770448+00:00,,6,27.909999999999997,7,349.0
13239,Luis,Gomez,51.0,Desconocido,Basico,10,551.0,3,21.57,2024.0,2024-06-05 21:33:04.996249072+00:00,,3,21.57,10,551.0
13240,Mariana,Torres,50.0,Bogotá,Basico,5,321.0,2,13.370000000000001,2024.0,2024-06-06 04:07:22.910727680+00:00,,2,13.370000000000001,5,321.0
13241,Sofia,Garcia,73.0,CDMX,Premium,2,88.0,1,7.28,2024.0,2024-06-06 10:41:40.825206304+00:00,,1,7.28,2,88.0
13242,Carlos,Torres,22.0,Cali,Basico,5,274.0,10,67.11,2024.0,2024-06-06 17:15:58.739684928+00:00,,10,67.11,5,274.0
13243,Carlos,Torres,73.0,Bogotá,Premium,8,439.0,6,34.92,2024.0,2024-06-06 23:50:16.654163552+00:00,,6,34.92,8,439.0
13244,Ana,Lopez,20.0,Desconocido,Basico,4,247.0,2,8.34,2024.0,2024-06-07 06:24:34.568642160+00:00,,2,8.34,4,247.0
13245,Sofia,Garcia,78.0,Desconocido,Basico,7,380.0,2,7.2,2024.0,2024-06-07 12:58:52.483120784+00:00,2024-11-29 22:40:00+00:00,2,7.2,7,380.0
13246,Luis,Torres,77.0,CDMX,Basico,5,229.0,3,7.34,2024.0,2024-06-07 19:33:10.397599408+00:00,2024-07-02 22:40:00+00:00,3,7.34,5,229.0
13247,Carlos,Torres,24.0,Desconocido,Basico,7,389.0,7,50.25,2024.0,2024-06-08 02:07:28.312078016+00:00,,7,50.25,7,389.0
13248,Carlos,Garcia,41.0,MTY,Basico,7,371.0,3,18.29,2024.0,2024-06-08 08:41:46.226556640+00:00,,3,18.29,7,371.0
13249,Ana,Garcia,48.0,Medellín,Basico,5,196.0,5,59.97,2024.0,2024-06-08 15:16:04.141035264+00:00,,5,59.97,5,196.0
13250,Mateo,Gomez,39.0,CDMX,Basico,3,219.0,7,47.04,2024.0,2024-06-08 21:50:22.055513888+00:00,,7,47.04,3,219.0
13251,Luis,Lopez,62.0,Desconocido,Basico,2,115.0,7,20.94,2024.0,2024-06-09 04:24:39.969992496+00:00,,7,20.94,2,115.0
13252,Mariana,Garcia,78.0,Medellín,Basico,3,187.0,8,47.77,2024.0,2024-06-09 10:58:57.884471120+00:00,,8,47.77,3,187.0
13253,Sofia,Garcia,40.0,Medellín,Premium,3,159.0,3,19.32,2024.0,2024-06-09 17:33:15.798949744+00:00,,3,19.32,3,159.0
13254,Carlos,Ramirez,47.0,Desconocido,Basico,3,124.0,8,48.18,2024.0,2024-06-10 00:07:33.713428368+00:00,,8,48.18,3,124.0
13255,Carlos,Garcia,77.0,Bogotá,Premium,12,647.0,10,46.160000000000004,2024.0,2024-06-10 06:41:51.627906976+00:00,,10,46.160000000000004,12,647.0
13256,Mariana,Lopez,35.0,Bogotá,Premium,5,230.0,5,24.61,2024.0,2024-06-10 13:16:09.542385600+00:00,,5,24.61,5,230.0
13257,Luis,Torres,49.0,Desconocido,Basico,10,419.0,4,26.78,2024.0,2024-06-10 19:50:27.456864224+00:00,,4,26.78,10,419.0
13258,Mateo,Torres,73.0,Medellín,Premium,7,426.0,3,19.43,2024.0,2024-06-11 02:24:45.371342848+00:00,,3,19.43,7,426.0
13259,Carlos,Torres,70.0,Desconocido,Premium,3,155.0,3,21.25,2024.0,2024-06-11 08:59:03.285821456+00:00,,3,21.25,3,155.0
13260,Luis,Torres,24.0,Desconocido,Basico,11,535.0,4,15.71,2024.0,2024-06-11 15:33:21.200300080+00:00,,4,15.71,11,535.0
13261,Mariana,Ramirez,50.0,MTY,Premium,7,398.0,4,35.2,2024.0,2024-06-11 22:07:39.114778704+00:00,,4,35.2,7,398.0
13262,Ana,Garcia,22.0,Bogotá,Premium,8,481.0,4,14.26,2024.0,2024-06-12 04:41:57.029257312+00:00,,4,14.26,8,481.0
13263,Mateo,Torres,66.0,GDL,Basico,2,73.0,2,19.85,2024.0,2024-06-12 11:16:14.943735936+00:00,,2,19.85,2,73.0
13264,Sofia,Gomez,45.0,Medellín,Basico,3,212.0,1,11.41,2024.0,2024-06-12 17:50:32.858214560+00:00,,1,11.41,3,212.0
13265,Carlos,Torres,78.0,MTY,Premium,5,260.0,6,147.53,2024.0,2024-06-13 00:24:50.772693184+00:00,,6,82.19759999999998,5,260.0
13266,Luis,Garcia,25.0,Cali,Premium,7,385.0,4,15.7,2024.0,2024-06-13 06:59:08.687171792+00:00,,4,15.7,7,385.0
13267,Ana,Torres,32.0,CDMX,Basico,7,378.0,1,0.3,2024.0,2024-06-13 13:33:26.601650416+00:00,,1,0.3,7,378.0
13268,Sofia,Ramirez,69.0,CDMX,Basico,9,479.0,4,27.52,2024.0,2024-06-13 20:07:44.516129040+00:00,,4,27.52,9,479.0
13269,Luis,Lopez,21.0,GDL,Premium,4,117.0,3,10.71,2024.0,2024-06-14 02:42:02.430607664+00:00,,3,10.71,4,117.0
13270,Luis,Lopez,51.0,CDMX,Basico,6,236.0,6,15.629999999999999,2024.0,2024-06-14 09:16:20.345086272+00:00,2024-09-01 00:20:00+00:00,6,15.629999999999999,6,236.0
13271,Sofia,Garcia,22.0,Medellín,Premium,5,193.0,6,42.73,2024.0,2024-06-14 15:50:38.259564896+00:00,,6,42.73,5,193.0
13272,Ana,Lopez,50.0,CDMX,Basico,5,316.0,5,24.66,2024.0,2024-06-14 22:24:56.174043520+00:00,,5,24.66,5,316.0
13273,Mariana,Lopez,74.0,CDMX,Basico,8,471.0,6,27.82,2024.0,2024-06-15 04:59:14.088522128+00:00,,6,27.82,8,471.0
13274,Ana,Gomez,22.0,CDMX,Basico,9,391.0,4,30.380000000000003,2024.0,2024-06-15 11:33:32.003000752+00:00,,4,30.380000000000003,9,391.0
13275,Mateo,Garcia,55.0,Cali,Basico,4,151.0,11,62.11,2024.0,2024-06-15 18:07:49.917479376+00:00,,10,62.11,4,151.0
13276,Carlos,Garcia,51.0,Cali,Basico,9,397.0,5,39.64,2024.0,2024-06-16 00:42:07.831958+00:00,,5,39.64,9,397.0
13277,Sofia,Lopez,75.0,CDMX,Basico,3,141.0,3,23.03,2024.0,2024-06-16 07:16:25.746436608+00:00,,3,23.03,3,141.0
13278,Mariana,Lopez,43.0,Medellín,Basico,7,372.0,3,7.800000000000001,2024.0,2024-06-16 13:50:43.660915232+00:00,,3,7.800000000000001,7,372.0
13279,Sofia,Lopez,18.0,Bogotá,Basico,4,169.0,1,0.43,2024.0,2024-06-16 20:25:01.575393856+00:00,,1,0.43,4,169.0
13280,Sofia,Ramirez,21.0,GDL,Premium,4,218.0,9,34.11,2024.0,2024-06-17 02:59:19.489872480+00:00,,9,34.11,4,218.0
13281,Ana,Torres,56.0,Medellín,Basico,6,250.0,2,2.01,2024.0,2024-06-17 09:33:37.404351088+00:00,,2,2.01,6,250.0
13282,Carlos,Ramirez,71.0,CDMX,Basico,5,255.0,2,2.8,2024.0,2024-06-17 16:07:55.318829712+00:00,,2,2.8,5,255.0
13283,Mateo,Garcia,43.0,Cali,Basico,7,399.0,3,13.08,2024.0,2024-06-17 22:42:13.233308336+00:00,,3,13.08,7,399.0
13284,Luis,Gomez,50.0,CDMX,Basico,6,305.0,6,29.169999999999998,2024.0,2024-06-18 05:16:31.147786944+00:00,2024-06-27 01:00:00+00:00,6,29.169999999999998,6,305.0
13285,Luis,Torres,50.0,Desconocido,Premium,7,352.0,6,31.17,2024.0,2024-06-18 11:50:49.062265568+00:00,2024-10-10 00:26:40+00:00,6,31.17,7,352.0
13286,Sofia,Gomez,25.0,CDMX,Premium,5,294.0,6,32.23,2024.0,2024-06-18 18:25:06.976744192+00:00,,6,32.23,5,294.0
13287,Carlos,Garcia,37.0,Bogotá,Basico,3,203.0,3,4.98,2024.0,2024-06-19 00:59:24.891222816+00:00,2024-07-17 23:46:40+00:00,3,4.98,3,203.0
13288,Mariana,Garcia,33.0,Desconocido,Premium,3,176.0,6,6.529999999999999,2024.0,2024-06-19 07:33:42.805701424+00:00,,6,6.529999999999999,3,176.0
13289,Ana,Gomez,38.0,CDMX,Basico,9,528.0,9,53.85,2024.0,2024-06-19 14:08:00.720180048+00:00,,9,53.85,9,528.0
13290,Carlos,Gomez,62.0,Bogotá,Basico,9,452.0,2,7.1899999999999995,2024.0,2024-06-19 20:42:18.634658672+00:00,,2,7.1899999999999995,9,452.0
13291,Carlos,Gomez,72.0,MTY,Basico,5,243.0,5,21.240000000000002,2024.0,2024-06-20 03:16:36.549137296+00:00,,5,21.240000000000002,5,243.0
13292,Ana,Garcia,73.0,Bogotá,Premium,2,87.0,1,17.49,2024.0,2024-06-20 09:50:54.463615904+00:00,,1,17.49,2,87.0
13293,Sofia,Lopez,48.0,GDL,Basico,6,409.0,7,48.6,2024.0,2024-06-20 16:25:12.378094528+00:00,,7,48.6,6,409.0
13294,Carlos,Gomez,43.0,CDMX,Premium,4,234.0,2,9.09,2024.0,2024-06-20 22:59:30.292573152+00:00,,2,9.09,4,234.0
13295,Luis,Torres,40.0,Medellín,Basico,6,309.0,2,4.57,2024.0,2024-06-21 05:33:48.207051760+00:00,,2,4.57,6,309.0
13296,Ana,Garcia,35.0,Bogotá,Basico,7,390.0,3,21.21,2024.0,2024-06-21 12:08:06.121530384+00:00,2024-06-21 00:33:20+00:00,3,21.21,7,390.0
13297,Mariana,Ramirez,79.0,Medellín,Premium,7,348.0,8,70.21000000000001,2024.0,2024-06-21 18:42:24.036009008+00:00,,8,70.21000000000001,7,348.0
13298,Mateo,Ramirez,48.0,GDL,Basico,10,525.0,2,130.23,2024.0,2024-06-22 01:16:41.950487632+00:00,,2,82.19759999999998,10,525.0
13299,Sofia,Torres,69.0,MTY,Premium,3,141.0,1,4.81,,,,1,4.81,3,141.0
13300,Ana,Lopez,59.0,Bogotá,Premium,7,299.0,3,9.1,2024.0,2024-06-22 14:25:17.779444864+00:00,,3,9.1,7,299.0
13301,Mateo,Gomez,29.0,Bogotá,Premium,13,627.0,5,24.220000000000002,2024.0,2024-06-22 20:59:35.693923488+00:00,,5,24.220000000000002,12,627.0
13302,Mateo,Garcia,18.0,MTY,Basico,4,153.0,6,48.419999999999995,2024.0,2024-06-23 03:33:53.608402112+00:00,,6,48.419999999999995,4,153.0
13303,Mariana,Gomez,59.0,GDL,Basico,5,274.0,5,25.52,2024.0,2024-06-23 10:08:11.522880720+00:00,,5,25.52,5,274.0
13304,Carlos,Garcia,26.0,GDL,Premium,6,233.0,6,19.17,2024.0,2024-06-23 16:42:29.437359344+00:00,,6,19.17,6,233.0
13305,Mariana,Ramirez,20.0,CDMX,Basico,8,405.0,7,24.61,2024.0,2024-06-23 23:16:47.351837968+00:00,,7,24.61,8,405.0
13306,Carlos,Gomez,77.0,MTY,Basico,4,159.0,9,44.940000000000005,2024.0,2024-06-24 05:51:05.266316576+00:00,,9,44.940000000000005,4,159.0
13307,Carlos,Torres,68.0,GDL,Basico,4,174.0,7,31.23,2024.0,2024-06-24 12:25:23.180795200+00:00,,7,31.23,4,174.0
13308,Ana,Lopez,43.0,Medellín,Basico,5,261.0,3,11.0,2024.0,2024-06-24 18:59:41.095273824+00:00,,3,11.0,5,261.0
13309,Ana,Torres,26.0,Bogotá,Basico,5,227.0,5,15.120000000000001,2024.0,2024-06-25 01:33:59.009752448+00:00,,5,15.120000000000001,5,227.0
13310,Sofia,Lopez,59.0,MTY,Basico,5,306.0,4,14.49,2024.0,2024-06-25 08:08:16.924231056+00:00,,4,14.49,5,306.0
13311,Carlos,Gomez,68.0,MTY,Basico,5,266.0,5,36.34,2024.0,2024-06-25 14:42:34.838709680+00:00,,5,36.34,5,266.0
13312,Mateo,Gomez,33.0,GDL,Basico,4,223.0,8,36.64,2024.0,2024-06-25 21:16:52.753188304+00:00,,8,36.64,4,223.0
13313,Luis,Lopez,41.0,Bogotá,Basico,2,72.0,6,48.519999999999996,2024.0,2024-06-26 03:51:10.667666928+00:00,2024-09-23 00:06:40+00:00,6,48.519999999999996,2,72.0
13314,Sofia,Ramirez,67.0,Desconocido,Premium,3,165.0,6,17.38,2024.0,2024-06-26 10:25:28.582145536+00:00,,6,17.38,3,165.0
13315,Ana,Garcia,31.0,Medellín,Premium,6,353.0,5,31.729999999999997,2024.0,2024-06-26 16:59:46.496624160+00:00,,5,31.729999999999997,6,353.0
13316,Mariana,Torres,78.0,Medellín,Basico,6,393.0,2,5.82,2024.0,2024-06-26 23:34:04.411102784+00:00,,2,5.82,6,393.0
13317,Sofia,Torres,20.0,Cali,Basico,5,239.0,8,24.869999999999997,2024.0,2024-06-27 06:08:22.325581392+00:00,,8,24.869999999999997,5,239.0
13318,Sofia,Torres,51.0,MTY,Basico,8,467.0,5,23.130000000000003,2024.0,2024-06-27 12:42:40.240060016+00:00,,5,23.130000000000003,8,467.0
13319,Sofia,Gomez,50.0,CDMX,Basico,7,378.0,3,5.16,2024.0,2024-06-27 19:16:58.154538640+00:00,,3,5.16,7,378.0
13320,Sofia,Torres,67.0,Medellín,Premium,4,170.0,8,40.14,2024.0,2024-06-28 01:51:16.069017264+00:00,,8,40.14,4,170.0
13321,Luis,Garcia,41.0,GDL,Premium,2,127.0,2,2.59,2024.0,2024-06-28 08:25:33.983495872+00:00,,2,2.59,2,127.0
13322,Mariana,Garcia,26.0,Bogotá,Premium,3,171.0,5,56.85,2024.0,2024-06-28 14:59:51.897974496+00:00,,5,56.85,3,171.0
13323,Mariana,Lopez,30.0,Medellín,Basico,1,87.0,3,16.310000000000002,2024.0,2024-06-28 21:34:09.812453120+00:00,,3,16.310000000000002,1,87.0
13324,Mariana,Gomez,19.0,Cali,Basico,6,241.0,7,60.66,2024.0,2024-06-29 04:08:27.726931744+00:00,,7,60.66,6,241.0
13325,Carlos,Garcia,24.0,MTY,Basico,4,177.0,7,143.97,2024.0,2024-06-29 10:42:45.641410352+00:00,,7,82.19759999999998,4,177.0
13326,Mateo,Ramirez,65.0,Bogotá,Basico,2,94.0,8,31.18,2024.0,2024-06-29 17:17:03.555888976+00:00,,8,31.18,2,94.0
13327,Mariana,Gomez,48.0,Medellín,Basico,4,218.0,2,5.35,2024.0,2024-06-29 23:51:21.470367600+00:00,,2,5.35,4,218.0
13328,Sofia,Gomez,38.0,Cali,Basico,6,330.0,6,35.03,2024.0,2024-06-30 06:25:39.384846208+00:00,2024-10-21 00:20:00+00:00,6,35.03,6,330.0
13329,Sofia,Garcia,36.0,Cali,Basico,1,68.0,6,35.64,2024.0,2024-06-30 12:59:57.299324832+00:00,,6,35.64,1,68.0
13330,Mariana,Ramirez,42.0,Desconocido,Basico,10,496.0,4,18.130000000000003,2024.0,2024-06-30 19:34:15.213803456+00:00,,4,18.130000000000003,10,496.0
13331,Mariana,Lopez,64.0,CDMX,Basico,4,222.0,4,17.8,2024.0,2024-07-01 02:08:33.128282080+00:00,,4,17.8,4,222.0
13332,Sofia,Garcia,39.0,Bogotá,Basico,5,267.0,6,15.56,2024.0,2024-07-01 08:42:51.042760688+00:00,2024-10-16 23:06:40+00:00,6,15.56,5,267.0
13333,Carlos,Ramirez,28.0,GDL,Premium,11,568.0,4,10.94,2024.0,2024-07-01 15:17:08.957239312+00:00,,4,10.94,11,568.0
13334,Ana,Gomez,50.0,CDMX,Basico,11,558.0,3,7.6899999999999995,2024.0,2024-07-01 21:51:26.871717936+00:00,2024-07-02 00:26:40+00:00,3,7.6899999999999995,11,558.0
13335,Ana,Ramirez,49.0,Desconocido,Basico,4,172.0,3,8.940000000000001,2024.0,2024-07-02 04:25:44.786196560+00:00,,3,8.940000000000001,4,172.0
13336,Mariana,Gomez,38.0,Desconocido,Basico,6,326.0,4,14.98,2024.0,2024-07-02 11:00:02.700675168+00:00,,4,14.98,6,326.0
13337,Luis,Garcia,56.0,GDL,Premium,5,290.0,1,1.94,2024.0,2024-07-02 17:34:20.615153792+00:00,,1,1.94,5,290.0
13338,Mariana,Garcia,37.0,CDMX,Basico,3,175.0,6,11.48,2024.0,2024-07-03 00:08:38.529632416+00:00,,6,11.48,3,175.0
13339,Mariana,Torres,25.0,GDL,Premium,4,158.0,2,19.279999999999998,2024.0,2024-07-03 06:42:56.444111040+00:00,,2,19.279999999999998,4,158.0
13340,Ana,Torres,59.0,Cali,Basico,6,209.0,8,74.05,2024.0,2024-07-03 13:17:14.358589648+00:00,,8,74.05,6,209.0
13341,Sofia,Torres,54.0,GDL,Premium,5,262.0,3,15.690000000000001,2024.0,2024-07-03 19:51:32.273068272+00:00,,3,15.690000000000001,5,262.0
13342,Mariana,Garcia,26.0,CDMX,Basico,4,202.0,4,31.99,2024.0,2024-07-04 02:25:50.187546896+00:00,,4,31.99,4,202.0
13343,Sofia,Lopez,42.0,CDMX,Basico,5,215.0,4,21.7,2024.0,2024-07-04 09:00:08.102025504+00:00,,4,21.7,5,215.0
13344,Sofia,Garcia,42.0,Bogotá,Basico,6,292.0,3,19.65,2024.0,2024-07-04 15:34:26.016504128+00:00,,3,19.65,6,292.0
13345,Luis,Ramirez,50.0,Desconocido,Basico,12,622.0,9,46.99,2024.0,2024-07-04 22:08:43.930982752+00:00,,9,46.99,12,622.0
13346,Sofia,Garcia,19.0,GDL,Premium,9,487.0,3,23.169999999999998,2024.0,2024-07-05 04:43:01.845461376+00:00,,3,23.169999999999998,9,487.0
13347,Ana,Garcia,36.0,Bogotá,Basico,3,191.0,2,6.22,2024.0,2024-07-05 11:17:19.759939984+00:00,2024-09-24 23:20:00+00:00,2,6.22,3,191.0
13348,Carlos,Gomez,63.0,CDMX,Basico,6,381.0,3,2.7399999999999998,2024.0,2024-07-05 17:51:37.674418608+00:00,,3,2.7399999999999998,6,381.0
13349,Carlos,Gomez,37.0,Bogotá,Premium,4,134.0,3,9.81,2024.0,2024-07-06 00:25:55.588897232+00:00,,3,9.81,4,134.0
13350,Mateo,Gomez,59.0,Medellín,Basico,4,174.0,7,82.17999999999999,2024.0,2024-07-06 07:00:13.503375856+00:00,,7,82.17999999999999,4,174.0
13351,Mariana,Garcia,58.0,GDL,Premium,4,156.0,2,15.169999999999998,2024.0,2024-07-06 13:34:31.417854464+00:00,,2,15.169999999999998,4,156.0
13352,Ana,Lopez,59.0,GDL,Basico,8,419.0,3,25.63,2024.0,2024-07-06 20:08:49.332333088+00:00,,3,25.63,8,419.0
13353,Sofia,Ramirez,46.0,Cali,Premium,6,299.0,2,1.25,2024.0,2024-07-07 02:43:07.246811712+00:00,,2,1.25,6,299.0
13354,Carlos,Ramirez,23.0,CDMX,Basico,9,408.0,7,26.83,2024.0,2024-07-07 09:17:25.161290320+00:00,,7,26.83,9,408.0
13355,Ana,Lopez,34.0,Medellín,Basico,7,320.0,2,2.5,2024.0,2024-07-07 15:51:43.075768944+00:00,,2,2.5,7,320.0
13356,Carlos,Lopez,77.0,MTY,Basico,9,581.0,6,30.32,2024.0,2024-07-07 22:26:00.990247568+00:00,,6,30.32,9,581.0
13357,Sofia,Ramirez,42.0,GDL,Basico,5,284.0,4,5.05,2024.0,2024-07-08 05:00:18.904726192+00:00,,4,5.05,5,284.0
13358,Carlos,Torres,55.0,Medellín,Basico,6,316.0,6,36.79,2024.0,2024-07-08 11:34:36.819204800+00:00,,6,36.79,6,316.0
13359,Mariana,Gomez,21.0,Cali,Basico,6,281.0,5,14.620000000000001,2024.0,2024-07-08 18:08:54.733683424+00:00,,5,14.620000000000001,6,281.0
13360,Mariana,Gomez,47.0,Bogotá,Premium,8,433.0,6,16.14,2024.0,2024-07-09 00:43:12.648162048+00:00,2024-09-13 01:13:20+00:00,6,16.14,8,433.0
13361,Mateo,Ramirez,37.0,CDMX,Premium,4,221.0,5,41.46,2024.0,2024-07-09 07:17:30.562640672+00:00,,5,41.46,4,221.0
13362,Mateo,Lopez,20.0,Bogotá,Premium,4,174.0,4,24.58,2024.0,2024-07-09 13:51:48.477119280+00:00,,4,24.58,4,174.0
13363,Carlos,Torres,40.0,Bogotá,Premium,5,216.0,5,13.39,2024.0,2024-07-09 20:26:06.391597904+00:00,,5,13.39,5,216.0
13364,Ana,Ramirez,68.0,Bogotá,Premium,4,199.0,0,0.0,2024.0,2024-07-10 03:00:24.306076528+00:00,,0,0.0,4,199.0
13365,Mariana,Gomez,35.0,Medellín,Premium,5,334.0,6,21.13,2024.0,2024-07-10 09:34:42.220555136+00:00,,6,21.13,5,334.0
13366,Ana,Garcia,43.0,CDMX,Premium,5,223.0,6,30.6,2024.0,2024-07-10 16:09:00.135033760+00:00,,6,30.6,5,223.0
13367,Ana,Lopez,73.0,Bogotá,Basico,6,334.0,7,40.76,2024.0,2024-07-10 22:43:18.049512384+00:00,,7,40.76,6,334.0
13368,Carlos,Garcia,53.0,Bogotá,Premium,2,140.0,3,9.45,2024.0,2024-07-11 05:17:35.963991008+00:00,,3,9.45,2,140.0
13369,Ana,Ramirez,25.0,MTY,Premium,3,108.0,4,26.58,2024.0,2024-07-11 11:51:53.878469616+00:00,2024-10-24 00:33:20+00:00,4,26.58,3,108.0
13370,Mariana,Gomez,34.0,Medellín,Premium,5,299.0,2,6.540000000000001,2024.0,2024-07-11 18:26:11.792948240+00:00,,2,6.540000000000001,5,299.0
13371,Sofia,Torres,48.0,GDL,Basico,3,141.0,2,9.21,2024.0,2024-07-12 01:00:29.707426864+00:00,,2,9.21,3,141.0
13372,Mateo,Garcia,54.0,MTY,Basico,3,179.0,1,2.19,2024.0,2024-07-12 07:34:47.621905488+00:00,,1,2.19,3,179.0
13373,Sofia,Torres,62.0,Desconocido,Premium,5,241.0,7,39.74,2024.0,2024-07-12 14:09:05.536384096+00:00,,7,39.74,5,241.0
13374,Ana,Gomez,74.0,MTY,Premium,4,223.0,6,11.9,2024.0,2024-07-12 20:43:23.450862720+00:00,,6,11.9,4,223.0
13375,Sofia,Garcia,50.0,MTY,Basico,4,201.0,0,0.0,2024.0,2024-07-13 03:17:41.365341344+00:00,,0,0.0,4,201.0
13376,Mariana,Torres,44.0,Bogotá,Basico,3,88.0,5,22.099999999999998,2024.0,2024-07-13 09:51:59.279819952+00:00,,5,22.099999999999998,3,88.0
13377,Mariana,Torres,62.0,Desconocido,Basico,5,282.0,4,18.86,2024.0,2024-07-13 16:26:17.194298576+00:00,,4,18.86,5,282.0
13378,Ana,Garcia,21.0,Desconocido,Basico,10,560.0,2,5.29,2024.0,2024-07-13 23:00:35.108777200+00:00,,2,5.29,10,560.0
13379,Carlos,Gomez,39.0,Bogotá,Basico,0,0.0,9,39.44,2024.0,2024-07-14 05:34:53.023255824+00:00,,9,39.44,1,34.0
13380,Sofia,Torres,43.0,CDMX,Basico,4,166.0,3,10.25,2024.0,2024-07-14 12:09:10.937734432+00:00,,3,10.25,4,166.0
13381,Carlos,Ramirez,49.0,Desconocido,Premium,4,174.0,2,1.48,2024.0,2024-07-14 18:43:28.852213056+00:00,,2,1.48,4,174.0
13382,Carlos,Garcia,41.0,Bogotá,Premium,6,340.0,6,17.88,2024.0,2024-07-15 01:17:46.766691680+00:00,,6,17.88,6,340.0
13383,Luis,Lopez,63.0,MTY,Basico,2,47.0,4,26.73,2024.0,2024-07-15 07:52:04.681170304+00:00,,4,26.73,2,47.0
13384,Ana,Lopez,52.0,Cali,Premium,11,527.0,5,27.88,2024.0,2024-07-15 14:26:22.595648912+00:00,2024-06-10 22:53:20+00:00,5,27.88,11,527.0
13385,Mateo,Gomez,54.0,MTY,Basico,5,205.0,5,64.67,2024.0,2024-07-15 21:00:40.510127536+00:00,,5,64.67,5,205.0
13386,Mariana,Ramirez,49.0,CDMX,Basico,6,337.0,3,11.3,2024.0,2024-07-16 03:34:58.424606160+00:00,,3,11.3,6,337.0
13387,Mariana,Torres,24.0,Cali,Basico,4,209.0,9,76.64999999999999,2024.0,2024-07-16 10:09:16.339084768+00:00,,9,76.64999999999999,4,209.0
13388,Ana,Lopez,50.0,Bogotá,Premium,4,213.0,6,36.870000000000005,2024.0,2024-07-16 16:43:34.253563392+00:00,,6,36.870000000000005,4,213.0
13389,Mateo,Gomez,48.0,MTY,Premium,5,300.0,5,13.32,2024.0,2024-07-16 23:17:52.168042016+00:00,,5,13.32,5,300.0
13390,Mariana,Ramirez,72.0,GDL,Premium,3,124.0,2,2.92,2024.0,2024-07-17 05:52:10.082520640+00:00,,2,2.92,3,124.0
13391,Ana,Ramirez,78.0,Bogotá,Basico,4,239.0,4,14.48,2024.0,2024-07-17 12:26:27.996999248+00:00,2024-07-06 23:53:20+00:00,4,14.48,4,239.0
13392,Mariana,Gomez,29.0,GDL,Basico,6,271.0,5,9.19,2024.0,2024-07-17 19:00:45.911477872+00:00,,5,9.19,6,271.0
13393,Carlos,Gomez,28.0,MTY,Basico,7,258.0,2,19.54,2024.0,2024-07-18 01:35:03.825956496+00:00,,2,19.54,7,258.0
13394,Sofia,Torres,41.0,Medellín,Premium,4,217.0,1,29.59,2024.0,2024-07-18 08:09:21.740435120+00:00,2024-07-08 23:06:40+00:00,1,29.59,4,217.0
13395,Sofia,Gomez,25.0,Desconocido,Premium,5,254.0,4,14.86,2024.0,2024-07-18 14:43:39.654913728+00:00,,4,14.86,5,254.0
13396,Mariana,Torres,49.0,Bogotá,Basico,4,148.0,4,18.970000000000002,2024.0,2024-07-18 21:17:57.569392352+00:00,,4,18.970000000000002,4,148.0
13397,Luis,Torres,74.0,Cali,Basico,2,83.0,3,15.29,2024.0,2024-07-19 03:52:15.483870976+00:00,,3,15.29,2,83.0
13398,Mateo,Garcia,55.0,Cali,Premium,5,241.0,5,26.65,2024.0,2024-07-19 10:26:33.398349584+00:00,,5,26.65,5,241.0
13399,Mateo,Ramirez,77.0,Medellín,Premium,7,287.0,8,70.8,2024.0,2024-07-19 17:00:51.312828208+00:00,,8,70.8,7,287.0
13400,Mateo,Ramirez,39.0,GDL,Basico,5,248.0,5,24.39,2024.0,2024-07-19 23:35:09.227306832+00:00,,5,24.39,5,248.0
13401,Carlos,Ramirez,51.0,Desconocido,Premium,3,181.0,5,18.2,2024.0,2024-07-20 06:09:27.141785456+00:00,,5,18.2,3,181.0
13402,Mateo,Garcia,36.0,Bogotá,Basico,3,143.0,7,18.060000000000002,2024.0,2024-07-20 12:43:45.056264064+00:00,,7,18.060000000000002,3,143.0
13403,Sofia,Torres,69.0,CDMX,Basico,5,252.0,7,54.75,2024.0,2024-07-20 19:18:02.970742688+00:00,,7,54.75,5,252.0
13404,Carlos,Torres,37.0,GDL,Basico,2,83.0,5,32.08,2024.0,2024-07-21 01:52:20.885221312+00:00,,5,32.08,2,83.0
13405,Ana,Gomez,73.0,Cali,Basico,3,80.0,5,40.82,2024.0,2024-07-21 08:26:38.799699936+00:00,,5,40.82,3,80.0
13406,Mateo,Garcia,31.0,CDMX,Basico,12,654.0,3,17.11,2024.0,2024-07-21 15:00:56.714178544+00:00,,3,17.11,12,654.0
13407,Mateo,Gomez,50.0,CDMX,Basico,6,267.0,2,29.59,2024.0,2024-07-21 21:35:14.628657168+00:00,,2,29.59,6,267.0
13408,Ana,Garcia,27.0,Medellín,Basico,7,343.0,5,23.6,2024.0,2024-07-22 04:09:32.543135792+00:00,,5,23.6,7,343.0
13409,Mateo,Gomez,33.0,Desconocido,Basico,5,198.0,5,18.220000000000002,2024.0,2024-07-22 10:43:50.457614416+00:00,,5,18.220000000000002,5,198.0
13410,Ana,Lopez,79.0,Medellín,Basico,3,141.0,3,2.16,2024.0,2024-07-22 17:18:08.372093024+00:00,,3,2.16,3,141.0
13411,Carlos,Ramirez,21.0,GDL,Basico,7,386.0,3,19.01,2024.0,2024-07-22 23:52:26.286571648+00:00,,3,19.01,7,386.0
13412,Sofia,Ramirez,44.0,CDMX,Premium,6,332.0,10,35.19,2024.0,2024-07-23 06:26:44.201050272+00:00,,10,35.19,6,332.0
13413,Ana,Torres,45.0,Medellín,Basico,5,283.0,1,7.79,2024.0,2024-07-23 13:01:02.115528880+00:00,,1,7.79,5,283.0
13414,Luis,Lopez,78.0,CDMX,Basico,2,76.0,5,17.41,2024.0,2024-07-23 19:35:20.030007504+00:00,,5,17.41,2,76.0
13415,Ana,Ramirez,60.0,Medellín,Premium,5,184.0,6,35.58,2024.0,2024-07-24 02:09:37.944486128+00:00,,6,35.58,5,184.0
13416,Mateo,Torres,33.0,GDL,Basico,4,191.0,5,31.47,2024.0,2024-07-24 08:43:55.858964752+00:00,,5,31.47,4,191.0
13417,Carlos,Lopez,76.0,Desconocido,Basico,5,270.0,5,36.89,2024.0,2024-07-24 15:18:13.773443360+00:00,,5,36.89,5,270.0
13418,Mariana,Ramirez,69.0,Bogotá,Basico,6,342.0,3,36.199999999999996,2024.0,2024-07-24 21:52:31.687921984+00:00,,3,36.199999999999996,6,342.0
13419,Carlos,Gomez,50.0,GDL,Premium,5,231.0,3,12.74,2024.0,2024-07-25 04:26:49.602400608+00:00,,3,12.74,5,231.0
13420,Mariana,Garcia,65.0,Desconocido,Premium,1,46.0,2,1.17,2024.0,2024-07-25 11:01:07.516879232+00:00,,2,1.17,1,46.0
13421,Ana,Lopez,36.0,GDL,Basico,5,260.0,5,19.509999999999998,2024.0,2024-07-25 17:35:25.431357840+00:00,,5,19.509999999999998,5,260.0
13422,Sofia,Torres,38.0,MTY,Premium,8,390.0,4,15.22,2024.0,2024-07-26 00:09:43.345836464+00:00,2024-06-05 01:13:20+00:00,4,15.22,8,390.0
13423,Luis,Lopez,39.0,Cali,Basico,10,531.0,6,17.7,2024.0,2024-07-26 06:44:01.260315088+00:00,,6,17.7,10,531.0
13424,Carlos,Torres,26.0,MTY,Premium,10,460.0,7,13.65,2024.0,2024-07-26 13:18:19.174793696+00:00,,7,13.65,10,460.0
13425,Mateo,Lopez,26.0,Bogotá,Basico,5,213.0,3,10.850000000000001,2024.0,2024-07-26 19:52:37.089272320+00:00,,3,10.850000000000001,5,213.0
13426,Mariana,Torres,26.0,MTY,Premium,8,384.0,2,3.77,2024.0,2024-07-27 02:26:55.003750944+00:00,,2,3.77,8,384.0
13427,Mateo,Ramirez,44.0,CDMX,Basico,6,332.0,3,11.33,2024.0,2024-07-27 09:01:12.918229568+00:00,,3,11.33,6,332.0
13428,Sofia,Gomez,34.0,CDMX,Basico,2,134.0,6,31.6,2024.0,2024-07-27 15:35:30.832708176+00:00,,6,31.6,2,134.0
13429,Mariana,Ramirez,61.0,Medellín,Premium,4,202.0,4,10.19,2024.0,2024-07-27 22:09:48.747186800+00:00,,4,10.19,4,202.0
13430,Carlos,Gomez,74.0,Medellín,Premium,8,410.0,3,21.939999999999998,2024.0,2024-07-28 04:44:06.661665424+00:00,,3,21.939999999999998,8,410.0
13431,Ana,Ramirez,62.0,GDL,Basico,3,177.0,3,2.31,2024.0,2024-07-28 11:18:24.576144048+00:00,,3,2.31,3,177.0
13432,Mateo,Ramirez,25.0,GDL,Basico,7,307.0,4,18.4,2024.0,2024-07-28 17:52:42.490622656+00:00,,4,18.4,7,307.0
13433,Sofia,Lopez,33.0,Desconocido,Basico,11,472.0,3,17.259999999999998,2024.0,2024-07-29 00:27:00.405101280+00:00,,3,17.259999999999998,11,472.0
13434,Carlos,Garcia,35.0,Desconocido,Basico,4,180.0,0,0.0,2024.0,2024-07-29 07:01:18.319579904+00:00,,0,0.0,4,180.0
13435,Carlos,Torres,78.0,Bogotá,Basico,2,110.0,3,13.06,2024.0,2024-07-29 13:35:36.234058512+00:00,,3,13.06,2,110.0
13436,Carlos,Torres,76.0,Cali,Basico,2,42.0,4,21.18,2024.0,2024-07-29 20:09:54.148537136+00:00,2024-09-07 23:00:00+00:00,4,21.18,2,42.0
13437,Carlos,Torres,50.0,Medellín,Basico,5,248.0,1,1.18,2024.0,2024-07-30 02:44:12.063015760+00:00,,1,1.18,5,248.0
13438,Mariana,Gomez,18.0,GDL,Basico,5,237.0,5,14.940000000000001,2024.0,2024-07-30 09:18:29.977494384+00:00,,5,14.940000000000001,5,237.0
13439,Carlos,Torres,29.0,CDMX,Basico,6,306.0,2,3.59,2024.0,2024-07-30 15:52:47.891972992+00:00,,2,3.59,6,306.0
13440,Mateo,Torres,23.0,CDMX,Basico,5,123.0,5,45.56,2024.0,2024-07-30 22:27:05.806451616+00:00,,5,45.56,5,123.0
13441,Sofia,Lopez,58.0,Cali,Basico,4,257.0,10,42.64,2024.0,2024-07-31 05:01:23.720930240+00:00,,10,42.64,4,257.0
13442,Mariana,Ramirez,72.0,Medellín,Premium,8,410.0,11,46.5,2024.0,2024-07-31 11:35:41.635408864+00:00,2024-06-21 22:46:40+00:00,10,46.5,8,410.0
13443,Carlos,Torres,22.0,Medellín,Basico,5,194.0,5,18.31,2024.0,2024-07-31 18:09:59.549887472+00:00,,5,18.31,5,194.0
13444,Luis,Garcia,76.0,CDMX,Basico,6,303.0,6,24.64,2024.0,2024-08-01 00:44:17.464366096+00:00,,6,24.64,6,303.0
13445,Luis,Torres,33.0,Medellín,Basico,6,238.0,4,17.73,2024.0,2024-08-01 07:18:35.378844720+00:00,2024-08-27 00:53:20+00:00,4,17.73,6,238.0
13446,Sofia,Gomez,35.0,Cali,Basico,7,432.0,2,12.07,2024.0,2024-08-01 13:52:53.293323328+00:00,,2,12.07,7,432.0
13447,Ana,Gomez,66.0,Desconocido,Premium,4,129.0,8,46.96,2024.0,2024-08-01 20:27:11.207801952+00:00,,8,46.96,4,129.0
13448,Ana,Gomez,35.0,CDMX,Basico,2,95.0,2,10.629999999999999,2024.0,2024-08-02 03:01:29.122280576+00:00,,2,10.629999999999999,2,95.0
13449,Mariana,Torres,18.0,Medellín,Basico,3,148.0,4,35.980000000000004,2024.0,2024-08-02 09:35:47.036759200+00:00,,4,35.980000000000004,3,148.0
13450,Mariana,Lopez,36.0,CDMX,Premium,3,178.0,4,21.02,2024.0,2024-08-02 16:10:04.951237808+00:00,2024-09-12 00:13:20+00:00,4,21.02,3,178.0
13451,Mariana,Garcia,71.0,Medellín,Premium,3,164.0,5,30.39,2024.0,2024-08-02 22:44:22.865716432+00:00,,5,30.39,3,164.0
13452,Ana,Torres,78.0,Medellín,Basico,4,172.0,3,4.15,2024.0,2024-08-03 05:18:40.780195056+00:00,,3,4.15,4,172.0
13453,Luis,Lopez,25.0,CDMX,Basico,4,225.0,3,7.38,2024.0,2024-08-03 11:52:58.694673680+00:00,,3,7.38,4,225.0
13454,Ana,Lopez,20.0,Cali,Basico,3,159.0,3,15.62,2024.0,2024-08-03 18:27:16.609152288+00:00,,3,15.62,3,159.0
13455,Mateo,Torres,75.0,CDMX,Basico,5,309.0,1,4.74,2024.0,2024-08-04 01:01:34.523630912+00:00,,1,4.74,5,309.0
13456,Carlos,Torres,42.0,Cali,Basico,7,289.0,8,37.99,2024.0,2024-08-04 07:35:52.438109536+00:00,2024-08-21 00:26:40+00:00,8,37.99,7,289.0
13457,Mariana,Lopez,75.0,GDL,Basico,7,388.0,4,10.45,2024.0,2024-08-04 14:10:10.352588144+00:00,,4,10.45,7,388.0
13458,Luis,Lopez,22.0,Medellín,Basico,7,1805.0,7,53.64,2024.0,2024-08-04 20:44:28.267066768+00:00,,7,53.64,7,724.02
13459,Sofia,Lopez,72.0,Desconocido,Premium,6,322.0,6,18.68,2024.0,2024-08-05 03:18:46.181545392+00:00,,6,18.68,6,322.0
13460,Sofia,Torres,57.0,MTY,Basico,8,392.0,10,50.07,2024.0,2024-08-05 09:53:04.096024016+00:00,,10,50.07,8,392.0
13461,Carlos,Lopez,36.0,Bogotá,Basico,5,1714.0,4,8.45,2024.0,2024-08-05 16:27:22.010502624+00:00,,4,8.45,5,724.02
13462,Luis,Gomez,35.0,Bogotá,Premium,4,231.0,3,3.2199999999999998,2024.0,2024-08-05 23:01:39.924981248+00:00,,3,3.2199999999999998,4,231.0
13463,Ana,Torres,67.0,CDMX,Basico,4,253.0,2,5.699999999999999,2024.0,2024-08-06 05:35:57.839459872+00:00,,2,5.699999999999999,4,253.0
13464,Ana,Gomez,70.0,Bogotá,Basico,7,282.0,3,15.91,2024.0,2024-08-06 12:10:15.753938496+00:00,,3,15.91,7,282.0
13465,Mateo,Ramirez,48.0,Medellín,Basico,2,81.0,3,21.5,2024.0,2024-08-06 18:44:33.668417104+00:00,,3,21.5,2,81.0
13466,Mateo,Torres,50.0,Desconocido,Basico,4,197.0,2,4.41,2024.0,2024-08-07 01:18:51.582895728+00:00,,2,4.41,4,197.0
13467,Ana,Ramirez,64.0,Desconocido,Basico,6,328.0,1,7.19,2024.0,2024-08-07 07:53:09.497374352+00:00,2024-08-05 01:06:40+00:00,1,7.19,6,328.0
13468,Sofia,Lopez,35.0,Bogotá,Basico,9,511.0,6,39.51,2024.0,2024-08-07 14:27:27.411852960+00:00,,6,39.51,9,511.0
13469,Mariana,Lopez,78.0,Medellín,Basico,7,311.0,1,0.44,2024.0,2024-08-07 21:01:45.326331584+00:00,,1,0.44,7,311.0
13470,Sofia,Garcia,74.0,Cali,Basico,8,434.0,6,38.53,2024.0,2024-08-08 03:36:03.240810208+00:00,,6,38.53,8,434.0
13471,Mateo,Lopez,56.0,Bogotá,Premium,5,268.0,4,19.0,2024.0,2024-08-08 10:10:21.155288832+00:00,,4,19.0,5,268.0
13472,Carlos,Ramirez,33.0,CDMX,Basico,9,351.0,7,42.87,2024.0,2024-08-08 16:44:39.069767440+00:00,,7,42.87,9,351.0
13473,Ana,Lopez,48.0,Bogotá,Basico,6,305.0,4,21.07,2024.0,2024-08-08 23:18:56.984246064+00:00,,4,21.07,6,305.0
13474,Mateo,Torres,33.0,Cali,Premium,8,405.0,1,4.76,2024.0,2024-08-09 05:53:14.898724688+00:00,,1,4.76,8,405.0
13475,Mateo,Lopez,64.0,Bogotá,Basico,14,725.0,7,19.68,2024.0,2024-08-09 12:27:32.813203312+00:00,,7,19.68,12,724.02
13476,Mariana,Garcia,55.0,Medellín,Basico,12,699.0,7,42.06,2024.0,2024-08-09 19:01:50.727681920+00:00,,7,42.06,12,699.0
13477,Ana,Lopez,58.0,GDL,Basico,3,130.0,4,20.19,2024.0,2024-08-10 01:36:08.642160544+00:00,,4,20.19,3,130.0
13478,Mariana,Ramirez,24.0,Desconocido,Premium,4,152.0,5,20.68,2024.0,2024-08-10 08:10:26.556639168+00:00,,5,20.68,4,152.0
13479,Ana,Ramirez,31.0,Bogotá,Basico,7,305.0,5,63.14,2024.0,2024-08-10 14:44:44.471117792+00:00,,5,63.14,7,305.0
13480,Mariana,Lopez,60.0,Medellín,Premium,3,105.0,3,9.7,2024.0,2024-08-10 21:19:02.385596400+00:00,,3,9.7,3,105.0
13481,Sofia,Ramirez,70.0,CDMX,Premium,4,235.0,3,17.3,2024.0,2024-08-11 03:53:20.300075024+00:00,,3,17.3,4,235.0
13482,Carlos,Ramirez,48.0,CDMX,Basico,2,107.0,6,43.8,2024.0,2024-08-11 10:27:38.214553648+00:00,,6,43.8,2,107.0
13483,Carlos,Garcia,65.0,Cali,Basico,2,1519.0,1,0.98,2024.0,2024-08-11 17:01:56.129032256+00:00,,1,0.98,2,724.02
13484,Ana,Torres,42.0,Desconocido,Basico,1,105.0,3,36.02,2024.0,2024-08-11 23:36:14.043510880+00:00,,3,36.02,1,105.0
13485,Luis,Garcia,49.0,MTY,Basico,9,580.0,1,6.11,2024.0,2024-08-12 06:10:31.957989504+00:00,,1,6.11,9,580.0
13486,Mateo,Gomez,55.0,CDMX,Basico,4,148.0,1,5.58,2024.0,2024-08-12 12:44:49.872468128+00:00,2024-12-19 01:00:00+00:00,1,5.58,4,148.0
13487,Mateo,Garcia,39.0,MTY,Basico,3,151.0,4,19.869999999999997,2024.0,2024-08-12 19:19:07.786946736+00:00,,4,19.869999999999997,3,151.0
13488,Ana,Lopez,76.0,CDMX,Premium,4,150.0,3,8.27,2024.0,2024-08-13 01:53:25.701425360+00:00,,3,8.27,4,150.0
13489,Mariana,Torres,33.0,GDL,Basico,6,213.0,6,39.769999999999996,2024.0,2024-08-13 08:27:43.615903984+00:00,,6,39.769999999999996,6,213.0
13490,Luis,Lopez,69.0,Cali,Premium,4,193.0,4,14.559999999999999,2024.0,2024-08-13 15:02:01.530382608+00:00,2024-12-18 00:00:00+00:00,4,14.559999999999999,4,193.0
13491,Sofia,Gomez,46.0,Desconocido,Premium,6,345.0,6,36.65,2024.0,2024-08-13 21:36:19.444861216+00:00,,6,36.65,6,345.0
13492,Mariana,Torres,33.0,CDMX,Basico,8,433.0,4,22.9,2024.0,2024-08-14 04:10:37.359339840+00:00,,4,22.9,8,433.0
13493,Mariana,Ramirez,29.0,Bogotá,Premium,6,298.0,4,131.88,2024.0,2024-08-14 10:44:55.273818464+00:00,2024-06-11 23:53:20+00:00,4,82.19759999999998,6,298.0
13494,Ana,Garcia,34.0,GDL,Basico,5,238.0,5,25.47,2024.0,2024-08-14 17:19:13.188297072+00:00,,5,25.47,5,238.0
13495,Ana,Lopez,54.0,CDMX,Premium,7,302.0,3,21.65,2024.0,2024-08-14 23:53:31.102775696+00:00,,3,21.65,7,302.0
13496,Mateo,Gomez,44.0,GDL,Basico,5,206.0,6,24.51,2024.0,2024-08-15 06:27:49.017254320+00:00,,6,24.51,5,206.0
13497,Ana,Ramirez,42.0,Bogotá,Basico,7,424.0,10,47.06,2024.0,2024-08-15 13:02:06.931732944+00:00,,10,47.06,7,424.0
13498,Ana,Garcia,30.0,CDMX,Premium,3,151.0,6,32.78,2024.0,2024-08-15 19:36:24.846211552+00:00,,6,32.78,3,151.0
13499,Ana,Ramirez,25.0,Bogotá,Basico,7,391.0,7,37.24,2024.0,2024-08-16 02:10:42.760690176+00:00,,7,37.24,7,391.0
13500,Mateo,Garcia,73.0,CDMX,Premium,7,299.0,5,11.17,2024.0,2024-08-16 08:45:00.675168800+00:00,,5,11.17,7,299.0
13501,Sofia,Torres,22.0,GDL,Basico,5,214.0,3,2.75,2024.0,2024-08-16 15:19:18.589647424+00:00,,3,2.75,5,214.0
13502,Sofia,Ramirez,29.0,GDL,Basico,5,283.0,4,24.63,2024.0,2024-08-16 21:53:36.504126032+00:00,,4,24.63,5,283.0
13503,Ana,Ramirez,58.0,Desconocido,Basico,2,128.0,3,6.78,2024.0,2024-08-17 04:27:54.418604656+00:00,,3,6.78,2,128.0
13504,Mateo,Ramirez,20.0,Medellín,Premium,3,123.0,6,35.61,2024.0,2024-08-17 11:02:12.333083280+00:00,,6,35.61,3,123.0
13505,Sofia,Torres,52.0,Desconocido,Basico,7,245.0,1,1.06,2024.0,2024-08-17 17:36:30.247561888+00:00,,1,1.06,7,245.0
13506,Mariana,Gomez,50.0,MTY,Premium,2,103.0,2,4.1,2024.0,2024-08-18 00:10:48.162040512+00:00,,2,4.1,2,103.0
13507,Sofia,Garcia,74.0,MTY,Premium,5,217.0,7,33.11,2024.0,2024-08-18 06:45:06.076519136+00:00,,7,33.11,5,217.0
13508,Sofia,Ramirez,39.0,MTY,Premium,5,211.0,6,30.52,2024.0,2024-08-18 13:19:23.990997760+00:00,,6,30.52,5,211.0
13509,Mateo,Torres,67.0,CDMX,Premium,2,91.0,4,6.57,2024.0,2024-08-18 19:53:41.905476368+00:00,2024-11-10 00:53:20+00:00,4,6.57,2,91.0
13510,Mariana,Gomez,73.0,Medellín,Basico,3,165.0,2,6.88,2024.0,2024-08-19 02:27:59.819954992+00:00,,2,6.88,3,165.0
13511,Mateo,Garcia,61.0,MTY,Premium,8,516.0,6,13.2,2024.0,2024-08-19 09:02:17.734433616+00:00,2024-11-07 00:40:00+00:00,6,13.2,8,516.0
13512,Ana,Torres,26.0,MTY,Premium,3,161.0,2,2.34,2024.0,2024-08-19 15:36:35.648912240+00:00,,2,2.34,3,161.0
13513,Carlos,Garcia,58.0,Bogotá,Premium,8,314.0,3,9.63,2024.0,2024-08-19 22:10:53.563390848+00:00,,3,9.63,8,314.0
13514,Sofia,Ramirez,35.0,Bogotá,Basico,8,436.0,8,54.57,2024.0,2024-08-20 04:45:11.477869472+00:00,,8,54.57,8,436.0
13515,Carlos,Gomez,67.0,Desconocido,Basico,8,442.0,9,77.74,2024.0,2024-08-20 11:19:29.392348096+00:00,,9,77.74,8,442.0
13516,Mateo,Torres,46.0,MTY,Basico,3,132.0,4,38.92,2024.0,2024-08-20 17:53:47.306826704+00:00,,4,38.92,3,132.0
13517,Mateo,Gomez,56.0,Medellín,Basico,6,331.0,4,15.99,2024.0,2024-08-21 00:28:05.221305328+00:00,,4,15.99,6,331.0
13518,Mateo,Ramirez,44.0,MTY,Basico,3,125.0,1,3.17,2024.0,2024-08-21 07:02:23.135783952+00:00,,1,3.17,3,125.0
13519,Carlos,Gomez,53.0,Desconocido,Basico,7,366.0,6,23.28,2024.0,2024-08-21 13:36:41.050262576+00:00,,6,23.28,7,366.0
13520,Mateo,Gomez,62.0,Bogotá,Basico,10,584.0,4,14.91,2024.0,2024-08-21 20:10:58.964741184+00:00,,4,14.91,10,584.0
13521,Ana,Lopez,34.0,Medellín,Basico,8,408.0,7,26.72,2024.0,2024-08-22 02:45:16.879219808+00:00,,7,26.72,8,408.0
13522,Mateo,Gomez,73.0,CDMX,Basico,8,365.0,5,16.75,2024.0,2024-08-22 09:19:34.793698432+00:00,2024-11-29 00:26:40+00:00,5,16.75,8,365.0
13523,Luis,Garcia,51.0,Medellín,Basico,5,218.0,2,8.940000000000001,2024.0,2024-08-22 15:53:52.708177056+00:00,2024-11-16 23:33:20+00:00,2,8.940000000000001,5,218.0
13524,Carlos,Torres,63.0,GDL,Premium,6,340.0,4,28.68,2024.0,2024-08-22 22:28:10.622655664+00:00,,4,28.68,6,340.0
13525,Luis,Lopez,20.0,Bogotá,Basico,8,359.0,1,3.1,2024.0,2024-08-23 05:02:28.537134288+00:00,,1,3.1,8,359.0
13526,Mateo,Torres,22.0,Desconocido,Basico,7,267.0,9,20.07,2024.0,2024-08-23 11:36:46.451612912+00:00,,9,20.07,7,267.0
13527,Ana,Torres,31.0,Desconocido,Basico,6,393.0,8,28.75,2024.0,2024-08-23 18:11:04.366091520+00:00,,8,28.75,6,393.0
13528,Sofia,Ramirez,20.0,Bogotá,Basico,11,607.0,8,41.26,2024.0,2024-08-24 00:45:22.280570144+00:00,,8,41.26,11,607.0
13529,Mariana,Ramirez,40.0,Cali,Premium,2,117.0,3,10.44,2024.0,2024-08-24 07:19:40.195048768+00:00,,3,10.44,2,117.0
13530,Mariana,Lopez,56.0,CDMX,Premium,8,318.0,5,7.49,2024.0,2024-08-24 13:53:58.109527392+00:00,,5,7.49,8,318.0
13531,Mateo,Ramirez,47.0,Cali,Basico,4,217.0,4,12.81,2024.0,2024-08-24 20:28:16.024006+00:00,,4,12.81,4,217.0
13532,Ana,Ramirez,67.0,Medellín,Basico,8,369.0,4,20.33,2024.0,2024-08-25 03:02:33.938484624+00:00,,4,20.33,8,369.0
13533,Carlos,Ramirez,62.0,Bogotá,Premium,8,432.0,3,11.24,2024.0,2024-08-25 09:36:51.852963248+00:00,,3,11.24,8,432.0
13534,Luis,Torres,78.0,Desconocido,Basico,9,442.0,5,21.990000000000002,2024.0,2024-08-25 16:11:09.767441872+00:00,,5,21.990000000000002,9,442.0
13535,Luis,Lopez,40.0,Cali,Basico,4,243.0,6,34.36,2024.0,2024-08-25 22:45:27.681920480+00:00,,6,34.36,4,243.0
13536,Luis,Torres,44.0,GDL,Basico,7,423.0,8,38.4,2024.0,2024-08-26 05:19:45.596399104+00:00,,8,38.4,7,423.0
13537,Carlos,Garcia,71.0,Cali,Basico,3,152.0,1,4.77,2024.0,2024-08-26 11:54:03.510877728+00:00,,1,4.77,3,152.0
13538,Mariana,Torres,27.0,CDMX,Basico,6,312.0,2,2.66,2024.0,2024-08-26 18:28:21.425356336+00:00,2024-07-30 00:40:00+00:00,2,2.66,6,312.0
13539,Ana,Garcia,42.0,Cali,Basico,6,349.0,2,18.939999999999998,2024.0,2024-08-27 01:02:39.339834960+00:00,2024-08-02 00:53:20+00:00,2,18.939999999999998,6,349.0
13540,Carlos,Gomez,30.0,Medellín,Basico,7,292.0,4,33.4,2024.0,2024-08-27 07:36:57.254313584+00:00,,4,33.4,7,292.0
13541,Luis,Gomez,33.0,CDMX,Basico,3,173.0,3,21.58,2024.0,2024-08-27 14:11:15.168792208+00:00,2024-12-28 23:53:20+00:00,3,21.58,3,173.0
13542,Mateo,Garcia,58.0,Medellín,Basico,4,186.0,6,43.24,2024.0,2024-08-27 20:45:33.083270816+00:00,,6,43.24,4,186.0
13543,Sofia,Garcia,51.0,Bogotá,Basico,4,176.0,3,11.34,2024.0,2024-08-28 03:19:50.997749440+00:00,,3,11.34,4,176.0
13544,Carlos,Torres,72.0,Bogotá,Basico,7,319.0,2,8.620000000000001,2024.0,2024-08-28 09:54:08.912228064+00:00,,2,8.620000000000001,7,319.0
13545,Carlos,Garcia,54.0,GDL,Basico,8,269.0,2,15.91,2024.0,2024-08-28 16:28:26.826706688+00:00,,2,15.91,8,269.0
13546,Ana,Lopez,78.0,GDL,Basico,6,342.0,4,21.09,2024.0,2024-08-28 23:02:44.741185296+00:00,,4,21.09,6,342.0
13547,Ana,Gomez,39.0,Cali,Premium,9,445.0,3,24.689999999999998,2024.0,2024-08-29 05:37:02.655663920+00:00,,3,24.689999999999998,9,445.0
13548,Carlos,Gomez,34.0,GDL,Basico,7,286.0,6,17.18,2024.0,2024-08-29 12:11:20.570142544+00:00,,6,17.18,7,286.0
13549,Luis,Garcia,40.0,Bogotá,Basico,4,163.0,2,1.25,2024.0,2024-08-29 18:45:38.484621168+00:00,,2,1.25,4,163.0
13550,Sofia,Ramirez,71.0,Medellín,Basico,3,112.0,4,47.019999999999996,2024.0,2024-08-30 01:19:56.399099776+00:00,,4,47.019999999999996,3,112.0
13551,Ana,Ramirez,53.0,CDMX,Basico,7,373.0,2,4.68,2024.0,2024-08-30 07:54:14.313578400+00:00,,2,4.68,7,373.0
13552,Luis,Garcia,66.0,Bogotá,Basico,7,417.0,4,16.29,2024.0,2024-08-30 14:28:32.228057024+00:00,,4,16.29,7,417.0
13553,Mateo,Lopez,26.0,Bogotá,Basico,7,294.0,6,22.05,2024.0,2024-08-30 21:02:50.142535632+00:00,,6,22.05,7,294.0
13554,Ana,Ramirez,69.0,Medellín,Premium,3,151.0,4,9.75,2024.0,2024-08-31 03:37:08.057014256+00:00,,4,9.75,3,151.0
13555,Luis,Garcia,19.0,MTY,Premium,7,385.0,2,12.92,2024.0,2024-08-31 10:11:25.971492880+00:00,,2,12.92,7,385.0
13556,Luis,Lopez,49.0,Bogotá,Basico,4,245.0,2,5.7,2024.0,2024-08-31 16:45:43.885971504+00:00,,2,5.7,4,245.0
13557,Sofia,Lopez,73.0,MTY,Basico,3,167.0,2,14.72,2024.0,2024-08-31 23:20:01.800450112+00:00,,2,14.72,3,167.0
13558,Sofia,Torres,67.0,Cali,Premium,5,281.0,8,32.58,2024.0,2024-09-01 05:54:19.714928736+00:00,,8,32.58,5,281.0
13559,Mateo,Lopez,70.0,CDMX,Basico,4,252.0,7,37.83,2024.0,2024-09-01 12:28:37.629407360+00:00,,7,37.83,4,252.0
13560,Luis,Ramirez,76.0,Desconocido,Premium,4,173.0,8,34.03,2024.0,2024-09-01 19:02:55.543885984+00:00,,8,34.03,4,173.0
13561,Mariana,Ramirez,39.0,Medellín,Basico,4,215.0,4,15.82,2024.0,2024-09-02 01:37:13.458364592+00:00,,4,15.82,4,215.0
13562,Luis,Garcia,60.0,Desconocido,Basico,4,189.0,1,6.41,2024.0,2024-09-02 08:11:31.372843216+00:00,,1,6.41,4,189.0
13563,Sofia,Garcia,30.0,Bogotá,Basico,5,272.0,6,24.83,2024.0,2024-09-02 14:45:49.287321840+00:00,,6,24.83,5,272.0
13564,Mariana,Lopez,25.0,MTY,Premium,4,202.0,5,30.15,2024.0,2024-09-02 21:20:07.201800448+00:00,,5,30.15,4,202.0
13565,Ana,Gomez,76.0,Desconocido,Premium,3,171.0,5,15.46,2024.0,2024-09-03 03:54:25.116279072+00:00,,5,15.46,3,171.0
13566,Ana,Torres,18.0,CDMX,Basico,6,356.0,8,26.93,2024.0,2024-09-03 10:28:43.030757696+00:00,,8,26.93,6,356.0
13567,Carlos,Gomez,34.0,CDMX,Premium,5,290.0,3,17.78,2024.0,2024-09-03 17:03:00.945236320+00:00,,3,17.78,5,290.0
13568,Sofia,Lopez,29.0,GDL,Basico,6,242.0,4,25.9,2024.0,2024-09-03 23:37:18.859714928+00:00,,4,25.9,6,242.0
13569,Carlos,Lopez,21.0,Desconocido,Premium,7,382.0,3,11.530000000000001,2024.0,2024-09-04 06:11:36.774193552+00:00,,3,11.530000000000001,7,382.0
13570,Mariana,Gomez,70.0,Medellín,Premium,5,218.0,5,32.52,2024.0,2024-09-04 12:45:54.688672176+00:00,,5,32.52,5,218.0
13571,Sofia,Torres,30.0,Bogotá,Basico,3,126.0,5,15.450000000000001,2024.0,2024-09-04 19:20:12.603150800+00:00,,5,15.450000000000001,3,126.0
13572,Mateo,Gomez,48.0,Medellín,Basico,10,521.0,2,7.1000000000000005,2024.0,2024-09-05 01:54:30.517629408+00:00,,2,7.1000000000000005,10,521.0
13573,Luis,Garcia,78.0,Bogotá,Premium,6,277.0,6,28.080000000000002,2024.0,2024-09-05 08:28:48.432108032+00:00,,6,28.080000000000002,6,277.0
13574,Mateo,Ramirez,58.0,Cali,Premium,3,125.0,7,20.52,2024.0,2024-09-05 15:03:06.346586656+00:00,,7,20.52,3,125.0
13575,Mariana,Garcia,76.0,MTY,Basico,6,299.0,4,17.34,2024.0,2024-09-05 21:37:24.261065264+00:00,,4,17.34,6,299.0
13576,Sofia,Ramirez,79.0,Cali,Basico,4,219.0,1,1.07,2024.0,2024-09-06 04:11:42.175543888+00:00,,1,1.07,4,219.0
13577,Mariana,Lopez,24.0,GDL,Premium,5,162.0,4,19.71,2024.0,2024-09-06 10:46:00.090022512+00:00,,4,19.71,5,162.0
13578,Luis,Torres,40.0,GDL,Basico,3,165.0,3,6.87,2024.0,2024-09-06 17:20:18.004501136+00:00,,3,6.87,3,165.0
13579,Ana,Gomez,41.0,Bogotá,Basico,5,1743.0,7,32.72,2024.0,2024-09-06 23:54:35.918979744+00:00,2024-06-26 00:00:00+00:00,7,32.72,5,724.02
13580,Ana,Torres,48.0,Bogotá,Basico,3,150.0,7,15.040000000000001,2024.0,2024-09-07 06:28:53.833458368+00:00,,7,15.040000000000001,3,150.0
13581,Mariana,Gomez,22.0,Medellín,Premium,11,512.0,4,14.3,2024.0,2024-09-07 13:03:11.747936992+00:00,,4,14.3,11,512.0
13582,Carlos,Garcia,22.0,MTY,Basico,11,492.0,8,34.92,2024.0,2024-09-07 19:37:29.662415616+00:00,,8,34.92,11,492.0
13583,Sofia,Garcia,34.0,GDL,Basico,6,292.0,6,39.86,2024.0,2024-09-08 02:11:47.576894224+00:00,,6,39.86,6,292.0
13584,Sofia,Gomez,47.0,Bogotá,Basico,8,433.0,7,43.56,2024.0,2024-09-08 08:46:05.491372848+00:00,,7,43.56,8,433.0
13585,Ana,Torres,26.0,Bogotá,Premium,9,417.0,7,23.64,2024.0,2024-09-08 15:20:23.405851472+00:00,2024-11-04 22:40:00+00:00,7,23.64,9,417.0
13586,Mateo,Gomez,23.0,CDMX,Premium,7,373.0,3,7.619999999999999,2024.0,2024-09-08 21:54:41.320330080+00:00,,3,7.619999999999999,7,373.0
13587,Luis,Lopez,42.0,Bogotá,Premium,10,568.0,4,12.1,2024.0,2024-09-09 04:28:59.234808704+00:00,,4,12.1,10,568.0
13588,Mateo,Garcia,36.0,MTY,Basico,4,178.0,3,20.55,2024.0,2024-09-09 11:03:17.149287328+00:00,,3,20.55,4,178.0
13589,Mateo,Lopez,33.0,MTY,Premium,5,229.0,5,2.62,2024.0,2024-09-09 17:37:35.063765952+00:00,,5,2.62,5,229.0
13590,Mariana,Garcia,38.0,GDL,Premium,3,189.0,5,22.24,2024.0,2024-09-10 00:11:52.978244560+00:00,,5,22.24,3,189.0
13591,Ana,Garcia,19.0,Desconocido,Premium,5,250.0,8,48.75,2024.0,2024-09-10 06:46:10.892723184+00:00,,8,48.75,5,250.0
13592,Ana,Ramirez,27.0,Medellín,Premium,5,326.0,4,22.779999999999998,2024.0,2024-09-10 13:20:28.807201808+00:00,,4,22.779999999999998,5,326.0
13593,Ana,Lopez,33.0,GDL,Basico,3,145.0,5,10.36,2024.0,2024-09-10 19:54:46.721680432+00:00,,5,10.36,3,145.0
13594,Mariana,Lopez,54.0,Medellín,Basico,3,203.0,4,9.73,2024.0,2024-09-11 02:29:04.636159040+00:00,,4,9.73,3,203.0
13595,Carlos,Ramirez,32.0,Cali,Premium,3,180.0,4,21.16,2024.0,2024-09-11 09:03:22.550637664+00:00,,4,21.16,3,180.0
13596,Mateo,Torres,30.0,Bogotá,Premium,7,412.0,2,13.0,2024.0,2024-09-11 15:37:40.465116288+00:00,,2,13.0,7,412.0
13597,Mariana,Lopez,30.0,Cali,Basico,6,327.0,5,23.76,2024.0,2024-09-11 22:11:58.379594896+00:00,,5,23.76,6,327.0
13598,Sofia,Gomez,49.0,CDMX,Basico,6,332.0,6,33.95,2024.0,2024-09-12 04:46:16.294073520+00:00,,6,33.95,6,332.0
13599,Luis,Ramirez,62.0,Cali,Premium,5,275.0,3,17.22,2024.0,2024-09-12 11:20:34.208552144+00:00,2024-11-04 22:40:00+00:00,3,17.22,5,275.0
13600,Carlos,Lopez,64.0,Bogotá,Basico,7,380.0,1,0.76,2024.0,2024-09-12 17:54:52.123030768+00:00,,1,0.76,7,380.0
13601,Sofia,Torres,63.0,GDL,Basico,6,314.0,6,57.2,2024.0,2024-09-13 00:29:10.037509376+00:00,,6,57.2,6,314.0
13602,Mateo,Lopez,25.0,Bogotá,Premium,7,426.0,3,14.67,2024.0,2024-09-13 07:03:27.951988+00:00,,3,14.67,7,426.0
13603,Ana,Garcia,60.0,Desconocido,Basico,8,363.0,3,12.850000000000001,2024.0,2024-09-13 13:37:45.866466624+00:00,,3,12.850000000000001,8,363.0
13604,Mateo,Gomez,35.0,Cali,Basico,8,415.0,3,17.26,2024.0,2024-09-13 20:12:03.780945248+00:00,,3,17.26,8,415.0
13605,Mariana,Ramirez,73.0,Bogotá,Premium,6,321.0,4,4.53,2024.0,2024-09-14 02:46:21.695423856+00:00,,4,4.53,6,321.0
13606,Luis,Garcia,53.0,CDMX,Basico,7,372.0,4,20.77,2024.0,2024-09-14 09:20:39.609902480+00:00,,4,20.77,7,372.0
13607,Mariana,Torres,43.0,Bogotá,Basico,1,48.0,6,20.16,2024.0,2024-09-14 15:54:57.524381104+00:00,,6,20.16,1,48.0
13608,Carlos,Garcia,27.0,GDL,Basico,8,425.0,5,34.59,2024.0,2024-09-14 22:29:15.438859712+00:00,,5,34.59,8,425.0
13609,Carlos,Garcia,48.0,CDMX,Basico,6,269.0,6,16.700000000000003,2024.0,2024-09-15 05:03:33.353338336+00:00,,6,16.700000000000003,6,269.0
13610,Luis,Torres,50.0,Bogotá,Basico,8,476.0,3,6.99,2024.0,2024-09-15 11:37:51.267816960+00:00,,3,6.99,8,476.0
13611,Sofia,Garcia,46.0,Desconocido,Basico,3,124.0,3,17.25,2024.0,2024-09-15 18:12:09.182295584+00:00,,3,17.25,3,124.0
13612,Sofia,Ramirez,22.0,Medellín,Basico,5,321.0,9,105.54,2024.0,2024-09-16 00:46:27.096774192+00:00,,9,82.19759999999998,5,321.0
13613,Carlos,Lopez,30.0,GDL,Basico,10,624.0,6,23.34,2024.0,2024-09-16 07:20:45.011252816+00:00,,6,23.34,10,624.0
13614,Carlos,Garcia,18.0,Bogotá,Basico,6,292.0,5,22.55,2024.0,2024-09-16 13:55:02.925731440+00:00,,5,22.55,6,292.0
13615,Ana,Ramirez,40.0,Desconocido,Premium,2,64.0,4,25.98,2024.0,2024-09-16 20:29:20.840210064+00:00,,4,25.98,2,64.0
13616,Sofia,Lopez,57.0,Medellín,Basico,5,190.0,5,31.259999999999998,2024.0,2024-09-17 03:03:38.754688672+00:00,,5,31.259999999999998,5,190.0
13617,Luis,Lopez,20.0,Medellín,Premium,3,127.0,3,20.96,2024.0,2024-09-17 09:37:56.669167296+00:00,,3,20.96,3,127.0
13618,Sofia,Garcia,20.0,Desconocido,Basico,6,331.0,2,11.0,2024.0,2024-09-17 16:12:14.583645920+00:00,,2,11.0,6,331.0
13619,Ana,Ramirez,24.0,Cali,Premium,9,516.0,3,30.71,2024.0,2024-09-17 22:46:32.498124528+00:00,,3,30.71,9,516.0
13620,Mariana,Garcia,53.0,CDMX,Basico,1,48.0,4,3.6999999999999997,2024.0,2024-09-18 05:20:50.412603152+00:00,,4,3.6999999999999997,1,48.0
13621,Carlos,Torres,52.0,MTY,Basico,7,299.0,2,7.04,2024.0,2024-09-18 11:55:08.327081776+00:00,,2,7.04,7,299.0
13622,Carlos,Lopez,32.0,Desconocido,Basico,5,237.0,5,19.61,2024.0,2024-09-18 18:29:26.241560400+00:00,,5,19.61,5,237.0
13623,Ana,Garcia,57.0,Bogotá,Basico,9,513.0,6,19.01,2024.0,2024-09-19 01:03:44.156039008+00:00,,6,19.01,9,513.0
13624,Luis,Lopez,20.0,CDMX,Basico,5,292.0,2,12.57,2024.0,2024-09-19 07:38:02.070517632+00:00,,2,12.57,5,292.0
13625,Carlos,Ramirez,46.0,Bogotá,Basico,5,326.0,0,0.0,2024.0,2024-09-19 14:12:19.984996256+00:00,,0,0.0,5,326.0
13626,Mateo,Gomez,47.0,Medellín,Premium,3,93.0,5,16.55,2024.0,2024-09-19 20:46:37.899474880+00:00,,5,16.55,3,93.0
13627,Carlos,Garcia,56.0,Desconocido,Basico,7,398.0,1,0.41,2024.0,2024-09-20 03:20:55.813953488+00:00,,1,0.41,7,398.0
13628,Mateo,Garcia,35.0,MTY,Basico,4,156.0,5,8.969999999999999,2024.0,2024-09-20 09:55:13.728432112+00:00,,5,8.969999999999999,4,156.0
13629,Ana,Lopez,28.0,Bogotá,Basico,12,629.0,5,45.8,2024.0,2024-09-20 16:29:31.642910736+00:00,,5,45.8,12,629.0
13630,Ana,Ramirez,60.0,Desconocido,Premium,9,498.0,5,24.77,2024.0,2024-09-20 23:03:49.557389360+00:00,,5,24.77,9,498.0
13631,Carlos,Torres,66.0,MTY,Basico,10,560.0,3,40.76,2024.0,2024-09-21 05:38:07.471867968+00:00,,3,40.76,10,560.0
13632,Sofia,Ramirez,77.0,CDMX,Basico,3,172.0,5,52.160000000000004,2024.0,2024-09-21 12:12:25.386346592+00:00,,5,52.160000000000004,3,172.0
13633,Mateo,Garcia,55.0,Desconocido,Basico,5,292.0,3,19.2,2024.0,2024-09-21 18:46:43.300825216+00:00,,3,19.2,5,292.0
13634,Luis,Torres,57.0,Bogotá,Basico,6,315.0,7,26.73,2024.0,2024-09-22 01:21:01.215303824+00:00,,7,26.73,6,315.0
13635,Carlos,Ramirez,18.0,Bogotá,Premium,3,193.0,5,34.69,2024.0,2024-09-22 07:55:19.129782448+00:00,,5,34.69,3,193.0
13636,Luis,Gomez,46.0,Medellín,Premium,3,186.0,11,52.08,2024.0,2024-09-22 14:29:37.044261072+00:00,2024-11-15 00:20:00+00:00,10,52.08,3,186.0
13637,Carlos,Lopez,27.0,CDMX,Basico,3,171.0,8,35.99,2024.0,2024-09-22 21:03:54.958739696+00:00,,8,35.99,3,171.0
13638,Sofia,Ramirez,45.0,Desconocido,Basico,8,433.0,4,9.870000000000001,2024.0,2024-09-23 03:38:12.873218304+00:00,,4,9.870000000000001,8,433.0
13639,Sofia,Ramirez,74.0,MTY,Basico,9,374.0,6,12.719999999999999,2024.0,2024-09-23 10:12:30.787696928+00:00,,6,12.719999999999999,9,374.0
13640,Sofia,Gomez,48.0,MTY,Basico,4,228.0,3,5.65,2024.0,2024-09-23 16:46:48.702175552+00:00,,3,5.65,4,228.0
13641,Mariana,Garcia,36.0,CDMX,Premium,7,304.0,7,35.11,2024.0,2024-09-23 23:21:06.616654176+00:00,2024-10-27 00:46:40+00:00,7,35.11,7,304.0
13642,Sofia,Lopez,20.0,MTY,Basico,3,137.0,13,81.59,2024.0,2024-09-24 05:55:24.531132784+00:00,,10,81.59,3,137.0
13643,Ana,Ramirez,53.0,Cali,Basico,6,272.0,3,9.72,2024.0,2024-09-24 12:29:42.445611408+00:00,,3,9.72,6,272.0
13644,Ana,Torres,60.0,Cali,Premium,7,325.0,4,24.98,2024.0,2024-09-24 19:04:00.360090032+00:00,,4,24.98,7,325.0
13645,Mariana,Ramirez,32.0,Desconocido,Basico,3,149.0,4,10.790000000000001,2024.0,2024-09-25 01:38:18.274568640+00:00,,4,10.790000000000001,3,149.0
13646,Mateo,Lopez,50.0,Bogotá,Premium,5,287.0,2,4.78,2024.0,2024-09-25 08:12:36.189047264+00:00,,2,4.78,5,287.0
13647,Luis,Ramirez,58.0,Medellín,Premium,11,527.0,6,60.669999999999995,2024.0,2024-09-25 14:46:54.103525888+00:00,2024-10-04 00:00:00+00:00,6,60.669999999999995,11,527.0
13648,Carlos,Gomez,60.0,Bogotá,Premium,4,182.0,4,13.66,2024.0,2024-09-25 21:21:12.018004512+00:00,,4,13.66,4,182.0
13649,Carlos,Ramirez,68.0,Cali,Basico,7,380.0,7,25.1,2024.0,2024-09-26 03:55:29.932483120+00:00,,7,25.1,7,380.0
13650,Mariana,Ramirez,62.0,Medellín,Premium,3,171.0,3,28.34,2024.0,2024-09-26 10:29:47.846961744+00:00,,3,28.34,3,171.0
13651,Ana,Torres,43.0,MTY,Premium,5,231.0,5,11.31,2024.0,2024-09-26 17:04:05.761440368+00:00,2024-09-02 01:20:00+00:00,5,11.31,5,231.0
13652,Carlos,Gomez,33.0,MTY,Basico,2,103.0,4,20.96,2024.0,2024-09-26 23:38:23.675918992+00:00,,4,20.96,2,103.0
13653,Ana,Gomez,53.0,GDL,Basico,5,215.0,3,19.810000000000002,2024.0,2024-09-27 06:12:41.590397600+00:00,,3,19.810000000000002,5,215.0
13654,Mateo,Ramirez,50.0,Bogotá,Basico,3,164.0,4,20.37,2024.0,2024-09-27 12:46:59.504876224+00:00,,4,20.37,3,164.0
13655,Luis,Torres,37.0,Desconocido,Premium,6,322.0,4,26.16,2024.0,2024-09-27 19:21:17.419354848+00:00,,4,26.16,6,322.0
13656,Mateo,Ramirez,30.0,GDL,Premium,5,268.0,7,42.89,2024.0,2024-09-28 01:55:35.333833456+00:00,,7,42.89,5,268.0
13657,Mariana,Ramirez,50.0,CDMX,Premium,6,280.0,6,27.490000000000002,2024.0,2024-09-28 08:29:53.248312080+00:00,2024-12-21 00:13:20+00:00,6,27.490000000000002,6,280.0
13658,Sofia,Lopez,22.0,CDMX,Premium,3,147.0,5,13.24,2024.0,2024-09-28 15:04:11.162790704+00:00,2024-10-08 23:26:40+00:00,5,13.24,3,147.0
13659,Sofia,Lopez,54.0,Cali,Basico,10,495.0,1,12.46,2024.0,2024-09-28 21:38:29.077269328+00:00,,1,12.46,10,495.0
13660,Sofia,Torres,31.0,MTY,Basico,3,148.0,4,33.43,2024.0,2024-09-29 04:12:46.991747936+00:00,,4,33.43,3,148.0
13661,Mateo,Garcia,44.0,GDL,Basico,5,264.0,3,12.190000000000001,2024.0,2024-09-29 10:47:04.906226560+00:00,,3,12.190000000000001,5,264.0
13662,Carlos,Lopez,40.0,MTY,Basico,6,376.0,3,20.78,2024.0,2024-09-29 17:21:22.820705184+00:00,2024-07-21 00:00:00+00:00,3,20.78,6,376.0
13663,Luis,Garcia,31.0,Medellín,Basico,5,279.0,7,31.590000000000003,2024.0,2024-09-29 23:55:40.735183808+00:00,2024-09-13 23:26:40+00:00,7,31.590000000000003,5,279.0
13664,Sofia,Gomez,57.0,Bogotá,Premium,7,245.0,8,72.16,2024.0,2024-09-30 06:29:58.649662416+00:00,,8,72.16,7,245.0
13665,Mariana,Lopez,21.0,Medellín,Premium,5,199.0,1,8.49,2024.0,2024-09-30 13:04:16.564141040+00:00,,1,8.49,5,199.0
13666,Mariana,Lopez,56.0,MTY,Basico,9,580.0,7,63.05,2024.0,2024-09-30 19:38:34.478619664+00:00,2024-09-24 01:06:40+00:00,7,63.05,9,580.0
13667,Sofia,Torres,69.0,Bogotá,Premium,7,386.0,4,20.970000000000002,2024.0,2024-10-01 02:12:52.393098272+00:00,,4,20.970000000000002,7,386.0
13668,Sofia,Garcia,36.0,CDMX,Basico,6,281.0,5,28.67,2024.0,2024-10-01 08:47:10.307576896+00:00,,5,28.67,6,281.0
13669,Luis,Lopez,64.0,CDMX,Basico,1,31.0,2,16.67,2024.0,2024-10-01 15:21:28.222055520+00:00,2024-07-21 00:00:00+00:00,2,16.67,1,34.0
13670,Sofia,Lopez,71.0,Bogotá,Premium,7,347.0,4,22.009999999999998,2024.0,2024-10-01 21:55:46.136534144+00:00,2024-08-13 00:46:40+00:00,4,22.009999999999998,7,347.0
13671,Luis,Torres,21.0,MTY,Basico,6,290.0,1,4.93,2024.0,2024-10-02 04:30:04.051012752+00:00,,1,4.93,6,290.0
13672,Mariana,Torres,47.0,Medellín,Premium,3,109.0,9,35.22,2024.0,2024-10-02 11:04:21.965491376+00:00,2024-07-30 22:53:20+00:00,9,35.22,3,109.0
13673,Sofia,Garcia,36.0,CDMX,Premium,6,251.0,3,10.62,2024.0,2024-10-02 17:38:39.879970+00:00,,3,10.62,6,251.0
13674,Mateo,Gomez,48.0,CDMX,Premium,8,359.0,5,37.79,2024.0,2024-10-03 00:12:57.794448624+00:00,,5,37.79,8,359.0
13675,Mateo,Gomez,48.0,Desconocido,Basico,2,135.0,3,3.59,2024.0,2024-10-03 06:47:15.708927232+00:00,,3,3.59,2,135.0
13676,Mariana,Ramirez,26.0,Bogotá,Basico,5,340.0,2,13.13,2024.0,2024-10-03 13:21:33.623405856+00:00,,2,13.13,5,340.0
13677,Luis,Lopez,70.0,Medellín,Basico,6,269.0,10,31.91,2024.0,2024-10-03 19:55:51.537884480+00:00,,10,31.91,6,269.0
13678,Mateo,Garcia,30.0,Cali,Premium,5,258.0,5,10.38,2024.0,2024-10-04 02:30:09.452363088+00:00,,5,10.38,5,258.0
13679,Luis,Lopez,31.0,Bogotá,Premium,7,302.0,6,35.29,2024.0,2024-10-04 09:04:27.366841712+00:00,,6,35.29,7,302.0
13680,Mateo,Garcia,72.0,Cali,Basico,9,490.0,5,32.69,2024.0,2024-10-04 15:38:45.281320336+00:00,,5,32.69,9,490.0
13681,Mateo,Garcia,77.0,Bogotá,Premium,5,279.0,5,23.060000000000002,2024.0,2024-10-04 22:13:03.195798960+00:00,2024-12-19 01:00:00+00:00,5,23.060000000000002,5,279.0
13682,Luis,Garcia,63.0,GDL,Basico,11,632.0,5,26.869999999999997,2024.0,2024-10-05 04:47:21.110277568+00:00,,5,26.869999999999997,11,632.0
13683,Carlos,Lopez,71.0,MTY,Basico,4,233.0,3,12.17,2024.0,2024-10-05 11:21:39.024756192+00:00,,3,12.17,4,233.0
13684,Mateo,Torres,27.0,Bogotá,Premium,8,319.0,5,12.620000000000001,2024.0,2024-10-05 17:55:56.939234816+00:00,,5,12.620000000000001,8,319.0
13685,Sofia,Lopez,65.0,MTY,Premium,6,312.0,11,30.33,2024.0,2024-10-06 00:30:14.853713440+00:00,,10,30.33,6,312.0
13686,Mariana,Garcia,48.0,MTY,Basico,2,55.0,3,27.97,2024.0,2024-10-06 07:04:32.768192048+00:00,,3,27.97,2,55.0
13687,Carlos,Ramirez,54.0,MTY,Basico,8,412.0,6,19.07,2024.0,2024-10-06 13:38:50.682670672+00:00,,6,19.07,8,412.0
13688,Luis,Gomez,40.0,CDMX,Basico,6,232.0,3,11.83,2024.0,2024-10-06 20:13:08.597149296+00:00,,3,11.83,6,232.0
13689,Carlos,Garcia,44.0,CDMX,Basico,4,229.0,4,6.53,2024.0,2024-10-07 02:47:26.511627904+00:00,,4,6.53,4,229.0
13690,Ana,Ramirez,23.0,CDMX,Premium,3,110.0,5,21.83,2024.0,2024-10-07 09:21:44.426106528+00:00,,5,21.83,3,110.0
13691,Ana,Torres,43.0,CDMX,Basico,7,367.0,4,6.75,2024.0,2024-10-07 15:56:02.340585152+00:00,,4,6.75,7,367.0
13692,Mateo,Garcia,19.0,MTY,Basico,3,122.0,3,14.37,2024.0,2024-10-07 22:30:20.255063776+00:00,,3,14.37,3,122.0
13693,Mateo,Ramirez,62.0,Bogotá,Basico,11,590.0,4,18.58,2024.0,2024-10-08 05:04:38.169542384+00:00,,4,18.58,11,590.0
13694,Sofia,Garcia,78.0,GDL,Premium,6,232.0,5,54.69,2024.0,2024-10-08 11:38:56.084021008+00:00,,5,54.69,6,232.0
13695,Mariana,Lopez,30.0,Desconocido,Premium,5,311.0,8,38.75,2024.0,2024-10-08 18:13:13.998499632+00:00,,8,38.75,5,311.0
13696,Carlos,Ramirez,68.0,Cali,Premium,5,174.0,0,0.0,2024.0,2024-10-09 00:47:31.912978256+00:00,,0,0.0,5,174.0
13697,Ana,Lopez,67.0,Bogotá,Basico,3,166.0,4,20.919999999999998,2024.0,2024-10-09 07:21:49.827456864+00:00,,4,20.919999999999998,3,166.0
13698,Mateo,Lopez,77.0,Medellín,Premium,6,165.0,6,57.269999999999996,2024.0,2024-10-09 13:56:07.741935488+00:00,,6,57.269999999999996,6,165.0
13699,Mariana,Ramirez,36.0,MTY,Basico,6,254.0,5,19.07,2024.0,2024-10-09 20:30:25.656414112+00:00,,5,19.07,6,254.0
13700,Carlos,Gomez,18.0,CDMX,Premium,9,492.0,9,42.14,2024.0,2024-10-10 03:04:43.570892736+00:00,,9,42.14,9,492.0
13701,Mateo,Ramirez,57.0,Desconocido,Premium,8,408.0,3,7.949999999999999,2024.0,2024-10-10 09:39:01.485371344+00:00,,3,7.949999999999999,8,408.0
13702,Mateo,Gomez,49.0,CDMX,Basico,7,288.0,6,8.709999999999999,2024.0,2024-10-10 16:13:19.399849968+00:00,,6,8.709999999999999,7,288.0
13703,Ana,Garcia,39.0,Desconocido,Basico,6,330.0,5,22.89,2024.0,2024-10-10 22:47:37.314328592+00:00,,5,22.89,6,330.0
13704,Ana,Garcia,65.0,Bogotá,Basico,7,236.0,3,16.849999999999998,2024.0,2024-10-11 05:21:55.228807200+00:00,2024-06-30 01:13:20+00:00,3,16.849999999999998,7,236.0
13705,Mateo,Ramirez,46.0,MTY,Basico,4,269.0,4,38.56,2024.0,2024-10-11 11:56:13.143285824+00:00,2024-08-05 23:20:00+00:00,4,38.56,4,269.0
13706,Luis,Garcia,19.0,Bogotá,Basico,4,186.0,2,29.61,2024.0,2024-10-11 18:30:31.057764448+00:00,,2,29.61,4,186.0
13707,Mateo,Torres,57.0,Bogotá,Premium,4,157.0,8,46.199999999999996,2024.0,2024-10-12 01:04:48.972243072+00:00,2024-06-24 00:46:40+00:00,8,46.199999999999996,4,157.0
13708,Mariana,Lopez,55.0,CDMX,Basico,3,145.0,6,29.72,2024.0,2024-10-12 07:39:06.886721680+00:00,2024-09-09 00:00:00+00:00,6,29.72,3,145.0
13709,Mateo,Lopez,65.0,MTY,Basico,1,81.0,6,22.35,2024.0,2024-10-12 14:13:24.801200304+00:00,,6,22.35,1,81.0
13710,Sofia,Gomez,72.0,Medellín,Premium,4,242.0,2,7.73,2024.0,2024-10-12 20:47:42.715678928+00:00,,2,7.73,4,242.0
13711,Sofia,Garcia,28.0,Bogotá,Premium,5,220.0,3,16.29,2024.0,2024-10-13 03:22:00.630157552+00:00,,3,16.29,5,220.0
13712,Sofia,Gomez,34.0,GDL,Basico,11,537.0,3,10.530000000000001,2024.0,2024-10-13 09:56:18.544636160+00:00,,3,10.530000000000001,11,537.0
13713,Luis,Lopez,72.0,MTY,Basico,4,166.0,3,19.83,2024.0,2024-10-13 16:30:36.459114784+00:00,,3,19.83,4,166.0
13714,Luis,Lopez,68.0,Desconocido,Basico,4,319.0,6,12.55,2024.0,2024-10-13 23:04:54.373593408+00:00,,6,12.55,4,319.0
13715,Mateo,Garcia,60.0,Bogotá,Basico,3,227.0,7,35.68,2024.0,2024-10-14 05:39:12.288072016+00:00,,7,35.68,3,227.0
13716,Sofia,Torres,77.0,Bogotá,Basico,5,263.0,3,19.59,2024.0,2024-10-14 12:13:30.202550640+00:00,,3,19.59,5,263.0
13717,Luis,Torres,25.0,Desconocido,Basico,4,215.0,3,21.17,2024.0,2024-10-14 18:47:48.117029264+00:00,,3,21.17,4,215.0
13718,Ana,Garcia,39.0,MTY,Basico,2,117.0,3,12.74,2024.0,2024-10-15 01:22:06.031507888+00:00,,3,12.74,2,117.0
13719,Mateo,Garcia,21.0,Bogotá,Basico,3,130.0,5,34.59,2024.0,2024-10-15 07:56:23.945986496+00:00,,5,34.59,3,130.0
13720,Mariana,Gomez,28.0,Cali,Basico,8,472.0,4,20.6,2024.0,2024-10-15 14:30:41.860465120+00:00,,4,20.6,8,472.0
13721,Carlos,Garcia,25.0,Cali,Basico,10,465.0,5,45.54,2024.0,2024-10-15 21:04:59.774943744+00:00,,5,45.54,10,465.0
13722,Mateo,Torres,26.0,GDL,Basico,3,213.0,2,7.26,2024.0,2024-10-16 03:39:17.689422368+00:00,,2,7.26,3,213.0
13723,Carlos,Garcia,43.0,CDMX,Basico,5,277.0,3,8.790000000000001,2024.0,2024-10-16 10:13:35.603900976+00:00,,3,8.790000000000001,5,277.0
13724,Sofia,Gomez,19.0,Medellín,Basico,5,226.0,4,15.64,2024.0,2024-10-16 16:47:53.518379600+00:00,,4,15.64,5,226.0
13725,Carlos,Gomez,33.0,GDL,Premium,5,289.0,6,18.74,2024.0,2024-10-16 23:22:11.432858224+00:00,,6,18.74,5,289.0
13726,Sofia,Gomez,48.0,Desconocido,Basico,7,383.0,6,15.2,2024.0,2024-10-17 05:56:29.347336832+00:00,,6,15.2,7,383.0
13727,Ana,Gomez,23.0,CDMX,Premium,5,288.0,6,29.950000000000003,2024.0,2024-10-17 12:30:47.261815456+00:00,,6,29.950000000000003,5,288.0
13728,Carlos,Ramirez,70.0,MTY,Basico,8,455.0,4,28.56,2024.0,2024-10-17 19:05:05.176294080+00:00,,4,28.56,8,455.0
13729,Mateo,Garcia,38.0,CDMX,Basico,7,346.0,6,24.35,2024.0,2024-10-18 01:39:23.090772704+00:00,,6,24.35,7,346.0
13730,Sofia,Lopez,43.0,Medellín,Basico,4,163.0,2,2.37,2024.0,2024-10-18 08:13:41.005251312+00:00,,2,2.37,4,163.0
13731,Mateo,Garcia,76.0,Desconocido,Basico,4,172.0,6,32.32,2024.0,2024-10-18 14:47:58.919729936+00:00,,6,32.32,4,172.0
13732,Luis,Ramirez,36.0,Medellín,Premium,9,396.0,9,50.44,2024.0,2024-10-18 21:22:16.834208560+00:00,,9,50.44,9,396.0
13733,Sofia,Gomez,45.0,Desconocido,Basico,3,195.0,4,17.77,2024.0,2024-10-19 03:56:34.748687184+00:00,,4,17.77,3,195.0
13734,Carlos,Ramirez,25.0,CDMX,Basico,9,434.0,6,64.77,2024.0,2024-10-19 10:30:52.663165792+00:00,,6,64.77,9,434.0
13735,Sofia,Torres,31.0,CDMX,Basico,8,426.0,5,16.35,2024.0,2024-10-19 17:05:10.577644416+00:00,,5,16.35,8,426.0
13736,Mateo,Torres,41.0,Cali,Premium,6,264.0,4,2.2800000000000002,2024.0,2024-10-19 23:39:28.492123040+00:00,2024-10-14 23:53:20+00:00,4,2.2800000000000002,6,264.0
13737,Ana,Garcia,65.0,Desconocido,Premium,3,136.0,5,51.96,2024.0,2024-10-20 06:13:46.406601648+00:00,,5,51.96,3,136.0
13738,Sofia,Garcia,61.0,Cali,Premium,5,246.0,5,20.18,2024.0,2024-10-20 12:48:04.321080272+00:00,,5,20.18,5,246.0
13739,Carlos,Lopez,54.0,Cali,Basico,7,422.0,8,36.58,2024.0,2024-10-20 19:22:22.235558896+00:00,,8,36.58,7,422.0
13740,Luis,Lopez,73.0,MTY,Premium,6,356.0,5,9.8,2024.0,2024-10-21 01:56:40.150037520+00:00,,5,9.8,6,356.0
13741,Mariana,Torres,43.0,GDL,Premium,7,419.0,4,12.14,2024.0,2024-10-21 08:30:58.064516128+00:00,,4,12.14,7,419.0
13742,Ana,Gomez,48.0,Desconocido,Basico,10,550.0,5,25.75,2024.0,2024-10-21 15:05:15.978994752+00:00,,5,25.75,10,550.0
13743,Luis,Ramirez,73.0,MTY,Basico,3,143.0,8,36.58,2024.0,2024-10-21 21:39:33.893473376+00:00,,8,36.58,3,143.0
13744,Sofia,Lopez,68.0,MTY,Basico,5,285.0,1,7.77,2024.0,2024-10-22 04:13:51.807952+00:00,,1,7.77,5,285.0
13745,Mateo,Lopez,49.0,Medellín,Basico,8,514.0,9,48.36,2024.0,2024-10-22 10:48:09.722430608+00:00,,9,48.36,8,514.0
13746,Mateo,Gomez,67.0,GDL,Basico,3,139.0,0,0.0,2024.0,2024-10-22 17:22:27.636909232+00:00,,0,0.0,3,139.0
13747,Carlos,Gomez,58.0,Cali,Basico,3,151.0,3,10.22,2024.0,2024-10-22 23:56:45.551387856+00:00,,3,10.22,3,151.0
13748,Mateo,Garcia,19.0,CDMX,Premium,4,176.0,2,5.56,2024.0,2024-10-23 06:31:03.465866464+00:00,,2,5.56,4,176.0
13749,Ana,Ramirez,42.0,Cali,Basico,5,244.0,6,37.33,2024.0,2024-10-23 13:05:21.380345088+00:00,,6,37.33,5,244.0
13750,Mateo,Gomez,69.0,Medellín,Premium,3,132.0,6,49.71,2024.0,2024-10-23 19:39:39.294823712+00:00,,6,49.71,3,132.0
13751,Carlos,Lopez,61.0,Bogotá,Basico,6,311.0,5,23.46,2024.0,2024-10-24 02:13:57.209302336+00:00,,5,23.46,6,311.0
13752,Mariana,Lopez,78.0,Bogotá,Premium,9,496.0,4,3.68,2024.0,2024-10-24 08:48:15.123780944+00:00,,4,3.68,9,496.0
13753,Sofia,Torres,19.0,GDL,Basico,6,292.0,2,14.01,2024.0,2024-10-24 15:22:33.038259568+00:00,,2,14.01,6,292.0
13754,Sofia,Gomez,59.0,Bogotá,Basico,5,340.0,2,5.65,2024.0,2024-10-24 21:56:50.952738192+00:00,,2,5.65,5,340.0
13755,Mateo,Garcia,18.0,Bogotá,Basico,9,475.0,3,26.13,2024.0,2024-10-25 04:31:08.867216816+00:00,,3,26.13,9,475.0
13756,Luis,Ramirez,53.0,Bogotá,Basico,6,258.0,5,10.99,2024.0,2024-10-25 11:05:26.781695424+00:00,,5,10.99,6,258.0
13757,Sofia,Garcia,74.0,GDL,Premium,10,634.0,6,42.74,2024.0,2024-10-25 17:39:44.696174048+00:00,,6,42.74,10,634.0
13758,Mariana,Lopez,29.0,CDMX,Basico,7,386.0,5,49.23,2024.0,2024-10-26 00:14:02.610652672+00:00,,5,49.23,7,386.0
13759,Mateo,Garcia,26.0,CDMX,Basico,6,361.0,1,1.24,2024.0,2024-10-26 06:48:20.525131280+00:00,,1,1.24,6,361.0
13760,Carlos,Lopez,53.0,Medellín,Basico,5,281.0,4,16.919999999999998,2024.0,2024-10-26 13:22:38.439609904+00:00,,4,16.919999999999998,5,281.0
13761,Mariana,Lopez,58.0,CDMX,Premium,4,217.0,4,17.240000000000002,2024.0,2024-10-26 19:56:56.354088528+00:00,,4,17.240000000000002,4,217.0
13762,Mateo,Lopez,48.0,Desconocido,Basico,6,340.0,7,17.97,2024.0,2024-10-27 02:31:14.268567152+00:00,,7,17.97,6,340.0
13763,Mariana,Lopez,45.0,Medellín,Basico,6,399.0,4,29.169999999999998,2024.0,2024-10-27 09:05:32.183045760+00:00,,4,29.169999999999998,6,399.0
13764,Sofia,Lopez,55.0,Cali,Basico,3,190.0,4,17.68,2024.0,2024-10-27 15:39:50.097524384+00:00,,4,17.68,3,190.0
13765,Carlos,Torres,50.0,Cali,Basico,6,241.0,4,38.2,2024.0,2024-10-27 22:14:08.012003008+00:00,,4,38.2,6,241.0
13766,Mateo,Garcia,59.0,CDMX,Premium,6,288.0,2,34.16,2024.0,2024-10-28 04:48:25.926481632+00:00,,2,34.16,6,288.0
13767,Ana,Torres,78.0,Cali,Basico,3,135.0,4,16.65,2024.0,2024-10-28 11:22:43.840960240+00:00,,4,16.65,3,135.0
13768,Carlos,Torres,63.0,Bogotá,Premium,2,108.0,10,50.95,2024.0,2024-10-28 17:57:01.755438864+00:00,2024-06-19 01:20:00+00:00,10,50.95,2,108.0
13769,Ana,Gomez,39.0,Desconocido,Basico,5,197.0,5,20.2,2024.0,2024-10-29 00:31:19.669917488+00:00,,5,20.2,5,197.0
13770,Mariana,Gomez,42.0,Desconocido,Basico,5,202.0,5,26.98,2024.0,2024-10-29 07:05:37.584396112+00:00,,5,26.98,5,202.0
13771,Luis,Gomez,78.0,CDMX,Basico,8,508.0,3,8.77,2024.0,2024-10-29 13:39:55.498874720+00:00,,3,8.77,8,508.0
13772,Carlos,Ramirez,35.0,MTY,Basico,14,644.0,8,38.59,2024.0,2024-10-29 20:14:13.413353344+00:00,,8,38.59,12,644.0
13773,Mariana,Gomez,23.0,Bogotá,Basico,7,352.0,4,9.59,2024.0,2024-10-30 02:48:31.327831968+00:00,,4,9.59,7,352.0
13774,Ana,Garcia,35.0,Medellín,Basico,7,312.0,4,22.42,2024.0,2024-10-30 09:22:49.242310576+00:00,,4,22.42,7,312.0
13775,Sofia,Torres,69.0,GDL,Basico,7,346.0,3,13.2,2024.0,2024-10-30 15:57:07.156789200+00:00,,3,13.2,7,346.0
13776,Sofia,Garcia,33.0,GDL,Basico,2,122.0,5,17.96,2024.0,2024-10-30 22:31:25.071267824+00:00,,5,17.96,2,122.0
13777,Luis,Gomez,32.0,MTY,Basico,8,312.0,4,35.980000000000004,2024.0,2024-10-31 05:05:42.985746448+00:00,,4,35.980000000000004,8,312.0
13778,Carlos,Ramirez,65.0,Bogotá,Premium,6,334.0,9,57.47,2024.0,2024-10-31 11:40:00.900225056+00:00,,9,57.47,6,334.0
13779,Carlos,Ramirez,25.0,Desconocido,Premium,5,304.0,4,4.5600000000000005,2024.0,2024-10-31 18:14:18.814703680+00:00,,4,4.5600000000000005,5,304.0
13780,Carlos,Torres,30.0,Cali,Basico,8,367.0,2,4.45,2024.0,2024-11-01 00:48:36.729182304+00:00,,2,4.45,8,367.0
13781,Mariana,Garcia,72.0,Bogotá,Basico,4,204.0,4,15.6,2024.0,2024-11-01 07:22:54.643660928+00:00,,4,15.6,4,204.0
13782,Luis,Lopez,60.0,CDMX,Basico,7,263.0,5,29.459999999999997,2024.0,2024-11-01 13:57:12.558139536+00:00,,5,29.459999999999997,7,263.0
13783,Carlos,Garcia,77.0,CDMX,Premium,8,399.0,1,1.44,2024.0,2024-11-01 20:31:30.472618160+00:00,2024-12-02 00:40:00+00:00,1,1.44,8,399.0
13784,Mariana,Gomez,78.0,Bogotá,Premium,7,365.0,6,20.24,2024.0,2024-11-02 03:05:48.387096784+00:00,,6,20.24,7,365.0
13785,Sofia,Lopez,74.0,Cali,Basico,5,231.0,10,52.84,2024.0,2024-11-02 09:40:06.301575392+00:00,,10,52.84,5,231.0
13786,Ana,Ramirez,24.0,MTY,Basico,4,271.0,6,18.55,2024.0,2024-11-02 16:14:24.216054016+00:00,,6,18.55,4,271.0
13787,Mariana,Torres,34.0,Bogotá,Basico,2,68.0,4,8.25,2024.0,2024-11-02 22:48:42.130532640+00:00,,4,8.25,2,68.0
13788,Sofia,Torres,67.0,Desconocido,Basico,2,152.0,5,14.84,2024.0,2024-11-03 05:23:00.045011264+00:00,,5,14.84,2,152.0
13789,Sofia,Ramirez,49.0,Desconocido,Premium,4,158.0,3,12.01,2024.0,2024-11-03 11:57:17.959489872+00:00,,3,12.01,4,158.0
13790,Ana,Gomez,39.0,GDL,Basico,10,532.0,4,23.5,2024.0,2024-11-03 18:31:35.873968496+00:00,,4,23.5,10,532.0
13791,Sofia,Ramirez,72.0,CDMX,Premium,6,338.0,3,6.91,2024.0,2024-11-04 01:05:53.788447120+00:00,,3,6.91,6,338.0
13792,Luis,Gomez,68.0,MTY,Basico,5,239.0,5,29.520000000000003,2024.0,2024-11-04 07:40:11.702925744+00:00,,5,29.520000000000003,5,239.0
13793,Ana,Lopez,74.0,Medellín,Basico,7,381.0,2,19.61,2024.0,2024-11-04 14:14:29.617404352+00:00,,2,19.61,7,381.0
13794,Sofia,Ramirez,30.0,Desconocido,Basico,10,504.0,5,20.28,2024.0,2024-11-04 20:48:47.531882976+00:00,,5,20.28,10,504.0
13795,Mateo,Gomez,64.0,CDMX,Basico,10,591.0,3,10.719999999999999,2024.0,2024-11-05 03:23:05.446361600+00:00,2024-09-27 01:20:00+00:00,3,10.719999999999999,10,591.0
13796,Mariana,Lopez,40.0,CDMX,Premium,3,113.0,4,5.01,2024.0,2024-11-05 09:57:23.360840208+00:00,,4,5.01,3,113.0
13797,Sofia,Ramirez,79.0,Desconocido,Basico,6,376.0,5,39.94,2024.0,2024-11-05 16:31:41.275318832+00:00,,5,39.94,6,376.0
13798,Luis,Torres,71.0,Medellín,Basico,2,147.0,4,21.58,2024.0,2024-11-05 23:05:59.189797456+00:00,,4,21.58,2,147.0
13799,Carlos,Ramirez,46.0,Desconocido,Premium,5,285.0,3,7.470000000000001,2024.0,2024-11-06 05:40:17.104276080+00:00,,3,7.470000000000001,5,285.0
13800,Sofia,Garcia,39.0,MTY,Basico,4,213.0,5,21.67,2024.0,2024-11-06 12:14:35.018754688+00:00,,5,21.67,4,213.0
13801,Carlos,Ramirez,18.0,Bogotá,Basico,4,180.0,4,15.0,2024.0,2024-11-06 18:48:52.933233312+00:00,,4,15.0,4,180.0
13802,Mateo,Garcia,46.0,CDMX,Premium,8,402.0,4,22.09,2024.0,2024-11-07 01:23:10.847711936+00:00,2024-06-29 00:13:20+00:00,4,22.09,8,402.0
13803,Sofia,Lopez,65.0,CDMX,Basico,1,76.0,4,16.83,2024.0,2024-11-07 07:57:28.762190560+00:00,2024-10-16 00:53:20+00:00,4,16.83,1,76.0
13804,Ana,Ramirez,22.0,Bogotá,Basico,5,231.0,4,24.11,2024.0,2024-11-07 14:31:46.676669168+00:00,,4,24.11,5,231.0
13805,Carlos,Lopez,75.0,MTY,Premium,5,201.0,5,37.06,2024.0,2024-11-07 21:06:04.591147792+00:00,,5,37.06,5,201.0
13806,Mateo,Lopez,52.0,CDMX,Basico,6,323.0,3,14.04,2024.0,2024-11-08 03:40:22.505626416+00:00,2024-06-13 00:53:20+00:00,3,14.04,6,323.0
13807,Ana,Gomez,72.0,Desconocido,Basico,4,253.0,5,18.7,2024.0,2024-11-08 10:14:40.420105024+00:00,,5,18.7,4,253.0
13808,Ana,Lopez,27.0,GDL,Basico,5,206.0,7,26.96,2024.0,2024-11-08 16:48:58.334583648+00:00,,7,26.96,5,206.0
13809,Ana,Lopez,36.0,Medellín,Basico,5,318.0,2,4.859999999999999,2024.0,2024-11-08 23:23:16.249062272+00:00,,2,4.859999999999999,5,318.0
13810,Ana,Ramirez,54.0,GDL,Premium,6,362.0,2,8.129999999999999,2024.0,2024-11-09 05:57:34.163540896+00:00,,2,8.129999999999999,6,362.0
13811,Sofia,Ramirez,24.0,Cali,Basico,6,343.0,4,49.51,2024.0,2024-11-09 12:31:52.078019504+00:00,,4,49.51,6,343.0
13812,Mariana,Torres,63.0,CDMX,Basico,8,434.0,6,16.06,2024.0,2024-11-09 19:06:09.992498128+00:00,2024-10-08 23:26:40+00:00,6,16.06,8,434.0
13813,Sofia,Gomez,52.0,Cali,Basico,7,371.0,6,27.67,2024.0,2024-11-10 01:40:27.906976752+00:00,,6,27.67,7,371.0
13814,Sofia,Lopez,62.0,CDMX,Basico,8,434.0,4,15.98,2024.0,2024-11-10 08:14:45.821455376+00:00,,4,15.98,8,434.0
13815,Mateo,Gomez,30.0,Bogotá,Basico,6,253.0,2,4.14,2024.0,2024-11-10 14:49:03.735933984+00:00,,2,4.14,6,253.0
13816,Mateo,Garcia,27.0,Medellín,Basico,8,314.0,6,52.050000000000004,2024.0,2024-11-10 21:23:21.650412608+00:00,,6,52.050000000000004,8,314.0
13817,Mariana,Lopez,19.0,CDMX,Premium,6,277.0,7,46.910000000000004,2024.0,2024-11-11 03:57:39.564891232+00:00,,7,46.910000000000004,6,277.0
13818,Mateo,Gomez,23.0,GDL,Basico,6,359.0,3,27.47,2024.0,2024-11-11 10:31:57.479369840+00:00,,3,27.47,6,359.0
13819,Luis,Torres,25.0,Desconocido,Premium,16,725.0,11,47.8,2024.0,2024-11-11 17:06:15.393848464+00:00,,10,47.8,12,724.02
13820,Mariana,Torres,53.0,Desconocido,Basico,6,398.0,5,17.490000000000002,2024.0,2024-11-11 23:40:33.308327088+00:00,,5,17.490000000000002,6,398.0
13821,Mateo,Lopez,42.0,CDMX,Basico,8,347.0,3,6.36,2024.0,2024-11-12 06:14:51.222805712+00:00,,3,6.36,8,347.0
13822,Mariana,Garcia,61.0,CDMX,Basico,6,280.0,3,22.619999999999997,2024.0,2024-11-12 12:49:09.137284320+00:00,,3,22.619999999999997,6,280.0
13823,Sofia,Torres,77.0,CDMX,Basico,8,397.0,3,16.619999999999997,2024.0,2024-11-12 19:23:27.051762944+00:00,2024-10-05 23:13:20+00:00,3,16.619999999999997,8,397.0
13824,Sofia,Torres,64.0,CDMX,Basico,9,426.0,6,17.650000000000002,2024.0,2024-11-13 01:57:44.966241568+00:00,,6,17.650000000000002,9,426.0
13825,Mariana,Garcia,57.0,Desconocido,Basico,6,238.0,4,18.08,2024.0,2024-11-13 08:32:02.880720192+00:00,,4,18.08,6,238.0
13826,Luis,Gomez,24.0,Bogotá,Basico,6,306.0,7,42.75,2024.0,2024-11-13 15:06:20.795198800+00:00,,7,42.75,6,306.0
13827,Luis,Torres,63.0,Bogotá,Premium,1,8.0,4,11.45,2024.0,2024-11-13 21:40:38.709677424+00:00,,4,11.45,1,34.0
13828,Mariana,Ramirez,40.0,Desconocido,Basico,3,120.0,3,12.84,2024.0,2024-11-14 04:14:56.624156048+00:00,,3,12.84,3,120.0
13829,Mateo,Torres,36.0,Bogotá,Premium,7,298.0,2,27.26,2024.0,2024-11-14 10:49:14.538634656+00:00,,2,27.26,7,298.0
13830,Carlos,Gomez,63.0,Medellín,Basico,7,386.0,4,14.81,2024.0,2024-11-14 17:23:32.453113280+00:00,,4,14.81,7,386.0
13831,Luis,Gomez,39.0,MTY,Premium,5,304.0,6,34.82,2024.0,2024-11-14 23:57:50.367591904+00:00,,6,34.82,5,304.0
13832,Ana,Lopez,30.0,MTY,Basico,6,291.0,4,5.84,2024.0,2024-11-15 06:32:08.282070528+00:00,,4,5.84,6,291.0
13833,Sofia,Ramirez,78.0,Bogotá,Premium,6,343.0,6,23.8,2024.0,2024-11-15 13:06:26.196549136+00:00,,6,23.8,6,343.0
13834,Mariana,Gomez,38.0,CDMX,Basico,3,107.0,3,30.82,2024.0,2024-11-15 19:40:44.111027760+00:00,,3,30.82,3,107.0
13835,Ana,Garcia,18.0,GDL,Basico,5,284.0,3,13.280000000000001,2024.0,2024-11-16 02:15:02.025506384+00:00,,3,13.280000000000001,5,284.0
13836,Mariana,Ramirez,76.0,GDL,Premium,3,140.0,3,2.1599999999999997,2024.0,2024-11-16 08:49:19.939985008+00:00,,3,2.1599999999999997,3,140.0
13837,Sofia,Ramirez,36.0,CDMX,Basico,6,305.0,4,20.96,2024.0,2024-11-16 15:23:37.854463616+00:00,,4,20.96,6,305.0
13838,Sofia,Garcia,78.0,Bogotá,Basico,8,399.0,5,26.52,2024.0,2024-11-16 21:57:55.768942240+00:00,,5,26.52,8,399.0
13839,Luis,Torres,77.0,Bogotá,Premium,8,374.0,5,31.51,2024.0,2024-11-17 04:32:13.683420864+00:00,,5,31.51,8,374.0
13840,Luis,Garcia,50.0,MTY,Basico,5,125.0,3,12.14,2024.0,2024-11-17 11:06:31.597899488+00:00,,3,12.14,5,125.0
13841,Ana,Garcia,21.0,GDL,Basico,4,244.0,4,24.35,2024.0,2024-11-17 17:40:49.512378096+00:00,,4,24.35,4,244.0
13842,Mariana,Torres,59.0,Medellín,Basico,3,196.0,5,21.71,2024.0,2024-11-18 00:15:07.426856720+00:00,,5,21.71,3,196.0
13843,Sofia,Torres,20.0,CDMX,Premium,6,346.0,7,15.620000000000001,2024.0,2024-11-18 06:49:25.341335344+00:00,,7,15.620000000000001,6,346.0
13844,Ana,Torres,44.0,Bogotá,Basico,4,272.0,5,49.35,2024.0,2024-11-18 13:23:43.255813952+00:00,,5,49.35,4,272.0
13845,Carlos,Torres,69.0,Cali,Premium,5,266.0,4,12.700000000000001,2024.0,2024-11-18 19:58:01.170292576+00:00,,4,12.700000000000001,5,266.0
13846,Ana,Torres,58.0,CDMX,Premium,9,446.0,5,32.519999999999996,2024.0,2024-11-19 02:32:19.084771200+00:00,,5,32.519999999999996,9,446.0
13847,Mateo,Garcia,52.0,Cali,Premium,5,222.0,3,13.36,2024.0,2024-11-19 09:06:36.999249824+00:00,,3,13.36,5,222.0
13848,Ana,Lopez,45.0,Cali,Basico,7,301.0,6,36.02,2024.0,2024-11-19 15:40:54.913728432+00:00,,6,36.02,7,301.0
13849,Mateo,Lopez,23.0,CDMX,Premium,6,283.0,5,14.350000000000001,2024.0,2024-11-19 22:15:12.828207056+00:00,,5,14.350000000000001,6,283.0
13850,Mateo,Gomez,23.0,CDMX,Basico,7,278.0,4,142.84,2024.0,2024-11-20 04:49:30.742685680+00:00,,4,82.19759999999998,7,278.0
13851,Mateo,Lopez,72.0,Desconocido,Premium,10,435.0,3,16.18,2024.0,2024-11-20 11:23:48.657164304+00:00,,3,16.18,10,435.0
13852,Carlos,Lopez,74.0,GDL,Basico,9,397.0,3,20.16,2024.0,2024-11-20 17:58:06.571642912+00:00,,3,20.16,9,397.0
13853,Ana,Garcia,61.0,Cali,Premium,6,333.0,6,30.689999999999998,2024.0,2024-11-21 00:32:24.486121536+00:00,,6,30.689999999999998,6,333.0
13854,Ana,Torres,40.0,Bogotá,Basico,9,403.0,9,55.88,2024.0,2024-11-21 07:06:42.400600160+00:00,,9,55.88,9,403.0
13855,Carlos,Torres,79.0,GDL,Basico,4,1730.0,4,9.06,2024.0,2024-11-21 13:41:00.315078768+00:00,,4,9.06,4,724.02
13856,Sofia,Garcia,50.0,CDMX,Basico,4,217.0,4,31.990000000000002,2024.0,2024-11-21 20:15:18.229557392+00:00,,4,31.990000000000002,4,217.0
13857,Luis,Lopez,33.0,Bogotá,Basico,4,215.0,1,7.03,2024.0,2024-11-22 02:49:36.144036016+00:00,,1,7.03,4,215.0
13858,Ana,Garcia,48.0,Bogotá,Basico,7,359.0,5,33.49,2024.0,2024-11-22 09:23:54.058514640+00:00,,5,33.49,7,359.0
13859,Luis,Gomez,41.0,Medellín,Basico,4,210.0,5,36.64,2024.0,2024-11-22 15:58:11.972993248+00:00,,5,36.64,4,210.0
13860,Mariana,Torres,22.0,Desconocido,Basico,6,363.0,7,34.73,2024.0,2024-11-22 22:32:29.887471872+00:00,,7,34.73,6,363.0
13861,Mariana,Ramirez,58.0,Cali,Basico,5,324.0,4,32.85,2024.0,2024-11-23 05:06:47.801950496+00:00,,4,32.85,5,324.0
13862,Carlos,Gomez,59.0,GDL,Basico,8,419.0,11,33.66,2024.0,2024-11-23 11:41:05.716429120+00:00,,10,33.66,8,419.0
13863,Mariana,Gomez,30.0,Desconocido,Basico,6,296.0,3,6.98,2024.0,2024-11-23 18:15:23.630907728+00:00,,3,6.98,6,296.0
13864,Mariana,Garcia,64.0,Cali,Premium,7,265.0,1,5.05,2024.0,2024-11-24 00:49:41.545386352+00:00,,1,5.05,7,265.0
13865,Sofia,Lopez,29.0,Desconocido,Premium,5,333.0,6,48.35,2024.0,2024-11-24 07:23:59.459864976+00:00,,6,48.35,5,333.0
13866,Sofia,Torres,22.0,Bogotá,Basico,11,640.0,4,15.29,2024.0,2024-11-24 13:58:17.374343584+00:00,,4,15.29,11,640.0
13867,Sofia,Ramirez,54.0,Cali,Basico,1,56.0,4,20.74,2024.0,2024-11-24 20:32:35.288822208+00:00,,4,20.74,1,56.0
13868,Mariana,Gomez,48.0,Bogotá,Basico,2,25.0,3,17.189999999999998,2024.0,2024-11-25 03:06:53.203300832+00:00,2024-07-27 22:40:00+00:00,3,17.189999999999998,2,34.0
13869,Carlos,Ramirez,45.0,MTY,Premium,6,232.0,8,34.37,2024.0,2024-11-25 09:41:11.117779456+00:00,,8,34.37,6,232.0
13870,Mateo,Lopez,45.0,Desconocido,Premium,5,312.0,4,37.870000000000005,2024.0,2024-11-25 16:15:29.032258064+00:00,,4,37.870000000000005,5,312.0
13871,Mateo,Lopez,47.0,CDMX,Basico,6,345.0,6,16.23,2024.0,2024-11-25 22:49:46.946736688+00:00,2024-12-05 23:06:40+00:00,6,16.23,6,345.0
13872,Luis,Ramirez,35.0,CDMX,Basico,6,370.0,2,10.11,2024.0,2024-11-26 05:24:04.861215312+00:00,2024-06-19 01:20:00+00:00,2,10.11,6,370.0
13873,Mateo,Torres,61.0,Desconocido,Premium,14,720.0,4,24.2,2024.0,2024-11-26 11:58:22.775693936+00:00,2024-06-27 23:13:20+00:00,4,24.2,12,720.0
13874,Mateo,Lopez,44.0,CDMX,Basico,3,196.0,5,25.92,2024.0,2024-11-26 18:32:40.690172544+00:00,,5,25.92,3,196.0
13875,Sofia,Ramirez,52.0,Desconocido,Basico,7,307.0,3,18.76,2024.0,2024-11-27 01:06:58.604651168+00:00,2024-07-14 23:33:20+00:00,3,18.76,7,307.0
13876,Sofia,Gomez,43.0,Medellín,Basico,6,344.0,4,21.53,2024.0,2024-11-27 07:41:16.519129792+00:00,,4,21.53,6,344.0
13877,Mariana,Ramirez,74.0,CDMX,Basico,6,283.0,2,4.11,2024.0,2024-11-27 14:15:34.433608400+00:00,,2,4.11,6,283.0
13878,Luis,Ramirez,56.0,Bogotá,Basico,8,450.0,4,21.96,2024.0,2024-11-27 20:49:52.348087024+00:00,,4,21.96,8,450.0
13879,Ana,Garcia,66.0,Cali,Premium,5,168.0,2,15.96,2024.0,2024-11-28 03:24:10.262565648+00:00,2024-12-08 01:06:40+00:00,2,15.96,5,168.0
13880,Luis,Lopez,68.0,Bogotá,Premium,6,330.0,4,38.33,2024.0,2024-11-28 09:58:28.177044272+00:00,,4,38.33,6,330.0
13881,Luis,Torres,77.0,Desconocido,Basico,7,392.0,7,24.0,2024.0,2024-11-28 16:32:46.091522880+00:00,,7,24.0,7,392.0
13882,Carlos,Torres,35.0,Desconocido,Premium,4,214.0,4,13.16,2024.0,2024-11-28 23:07:04.006001504+00:00,,4,13.16,4,214.0
13883,Mariana,Garcia,50.0,MTY,Premium,1,52.0,2,1.95,2024.0,2024-11-29 05:41:21.920480128+00:00,,2,1.95,1,52.0
13884,Carlos,Torres,42.0,CDMX,Basico,5,167.0,9,22.34,2024.0,2024-11-29 12:15:39.834958752+00:00,,9,22.34,5,167.0
13885,Luis,Ramirez,73.0,Desconocido,Premium,3,198.0,5,25.72,2024.0,2024-11-29 18:49:57.749437360+00:00,,5,25.72,3,198.0
13886,Luis,Garcia,48.0,Bogotá,Premium,4,164.0,9,30.46,2024.0,2024-11-30 01:24:15.663915984+00:00,,9,30.46,4,164.0
13887,Luis,Gomez,54.0,CDMX,Basico,4,223.0,3,5.1899999999999995,2024.0,2024-11-30 07:58:33.578394608+00:00,,3,5.1899999999999995,4,223.0
13888,Mateo,Lopez,76.0,Cali,Premium,2,81.0,2,12.760000000000002,2024.0,2024-11-30 14:32:51.492873216+00:00,,2,12.760000000000002,2,81.0
13889,Carlos,Lopez,77.0,Desconocido,Premium,8,478.0,6,37.12,2024.0,2024-11-30 21:07:09.407351840+00:00,,6,37.12,8,478.0
13890,Luis,Lopez,19.0,Medellín,Premium,9,372.0,3,9.56,2024.0,2024-12-01 03:41:27.321830464+00:00,,3,9.56,9,372.0
13891,Sofia,Ramirez,50.0,Bogotá,Premium,7,453.0,5,38.39,2024.0,2024-12-01 10:15:45.236309088+00:00,,5,38.39,7,453.0
13892,Mariana,Gomez,56.0,Medellín,Basico,7,334.0,6,26.89,2024.0,2024-12-01 16:50:03.150787696+00:00,2024-08-19 01:13:20+00:00,6,26.89,7,334.0
13893,Mariana,Garcia,78.0,Medellín,Premium,12,596.0,6,37.1,2024.0,2024-12-01 23:24:21.065266320+00:00,,6,37.1,12,596.0
13894,Sofia,Garcia,60.0,Desconocido,Premium,5,286.0,6,9.48,2024.0,2024-12-02 05:58:38.979744944+00:00,,6,9.48,5,286.0
13895,Mariana,Lopez,60.0,Desconocido,Basico,4,259.0,4,15.25,2024.0,2024-12-02 12:32:56.894223568+00:00,2024-09-15 00:26:40+00:00,4,15.25,4,259.0
13896,Mateo,Gomez,48.0,Bogotá,Basico,7,302.0,1,1.66,2024.0,2024-12-02 19:07:14.808702176+00:00,,1,1.66,7,302.0
13897,Mateo,Gomez,49.0,Cali,Premium,8,385.0,4,36.42,2024.0,2024-12-03 01:41:32.723180800+00:00,,4,36.42,8,385.0
13898,Ana,Gomez,35.0,Desconocido,Basico,1,34.0,3,12.8,2024.0,2024-12-03 08:15:50.637659424+00:00,,3,12.8,1,34.0
13899,Ana,Torres,34.0,CDMX,Premium,4,240.0,4,20.66,2024.0,2024-12-03 14:50:08.552138032+00:00,,4,20.66,4,240.0
13900,Ana,Torres,51.0,CDMX,Premium,5,221.0,6,62.12,2024.0,2024-12-03 21:24:26.466616656+00:00,,6,62.12,5,221.0
13901,Mariana,Lopez,56.0,Desconocido,Basico,9,509.0,8,31.89,2024.0,2024-12-04 03:58:44.381095280+00:00,,8,31.89,9,509.0
13902,Mateo,Gomez,24.0,GDL,Basico,3,100.0,4,18.43,2024.0,2024-12-04 10:33:02.295573904+00:00,,4,18.43,3,100.0
13903,Mateo,Gomez,59.0,CDMX,Basico,4,159.0,1,1.11,2024.0,2024-12-04 17:07:20.210052512+00:00,,1,1.11,4,159.0
13904,Mateo,Garcia,71.0,CDMX,Basico,9,446.0,7,59.2,2024.0,2024-12-04 23:41:38.124531136+00:00,,7,59.2,9,446.0
13905,Sofia,Garcia,70.0,MTY,Premium,7,313.0,6,36.33,2024.0,2024-12-05 06:15:56.039009760+00:00,,6,36.33,7,313.0
13906,Mateo,Lopez,52.0,GDL,Basico,8,326.0,4,11.879999999999999,2024.0,2024-12-05 12:50:13.953488384+00:00,,4,11.879999999999999,8,326.0
13907,Sofia,Gomez,47.0,MTY,Basico,7,325.0,2,4.609999999999999,2024.0,2024-12-05 19:24:31.867966992+00:00,,2,4.609999999999999,7,325.0
13908,Ana,Lopez,29.0,Desconocido,Basico,5,306.0,7,27.52,2024.0,2024-12-06 01:58:49.782445616+00:00,,7,27.52,5,306.0
13909,Ana,Garcia,52.0,Medellín,Premium,7,360.0,4,8.83,2024.0,2024-12-06 08:33:07.696924240+00:00,,4,8.83,7,360.0
13910,Mariana,Garcia,28.0,Medellín,Basico,7,376.0,3,36.28,2024.0,2024-12-06 15:07:25.611402848+00:00,,3,36.28,7,376.0
13911,Ana,Torres,78.0,CDMX,Premium,2,85.0,5,29.0,2024.0,2024-12-06 21:41:43.525881472+00:00,,5,29.0,2,85.0
13912,Mariana,Lopez,61.0,Medellín,Basico,4,265.0,2,16.5,2024.0,2024-12-07 04:16:01.440360096+00:00,,2,16.5,4,265.0
13913,Luis,Lopez,74.0,Medellín,Premium,2,73.0,6,26.119999999999997,2024.0,2024-12-07 10:50:19.354838720+00:00,,6,26.119999999999997,2,73.0
13914,Luis,Gomez,21.0,Medellín,Basico,3,172.0,9,31.35,2024.0,2024-12-07 17:24:37.269317328+00:00,,9,31.35,3,172.0
13915,Carlos,Gomez,42.0,GDL,Basico,1,34.0,6,23.779999999999998,2024.0,2024-12-07 23:58:55.183795952+00:00,,6,23.779999999999998,1,34.0
13916,Mariana,Torres,65.0,Bogotá,Premium,6,411.0,3,9.24,2024.0,2024-12-08 06:33:13.098274576+00:00,,3,9.24,6,411.0
13917,Carlos,Ramirez,49.0,Cali,Basico,5,289.0,2,10.23,2024.0,2024-12-08 13:07:31.012753200+00:00,,2,10.23,5,289.0
13918,Carlos,Ramirez,37.0,Medellín,Basico,1,54.0,3,15.22,2024.0,2024-12-08 19:41:48.927231808+00:00,,3,15.22,1,54.0
13919,Luis,Ramirez,67.0,Medellín,Premium,12,582.0,3,7.26,2024.0,2024-12-09 02:16:06.841710432+00:00,,3,7.26,12,582.0
13920,Mariana,Lopez,48.0,Bogotá,Premium,4,235.0,5,132.72,2024.0,2024-12-09 08:50:24.756189056+00:00,,5,82.19759999999998,4,235.0
13921,Luis,Lopez,21.0,Bogotá,Basico,9,569.0,2,9.61,2024.0,2024-12-09 15:24:42.670667680+00:00,,2,9.61,9,569.0
13922,Carlos,Garcia,71.0,Cali,Basico,1,38.0,6,39.72,2024.0,2024-12-09 21:59:00.585146288+00:00,,6,39.72,1,38.0
13923,Mariana,Lopez,55.0,CDMX,Premium,1,40.0,1,7.94,2024.0,2024-12-10 04:33:18.499624912+00:00,,1,7.94,1,40.0
13924,Carlos,Lopez,70.0,Medellín,Premium,3,162.0,2,11.100000000000001,2024.0,2024-12-10 11:07:36.414103536+00:00,,2,11.100000000000001,3,162.0
13925,Mateo,Lopez,48.0,Desconocido,Basico,11,596.0,4,22.09,2024.0,2024-12-10 17:41:54.328582144+00:00,,4,22.09,11,596.0
13926,Mariana,Torres,64.0,Cali,Basico,6,353.0,6,16.4,2024.0,2024-12-11 00:16:12.243060768+00:00,,6,16.4,6,353.0
13927,Mariana,Lopez,18.0,GDL,Basico,8,277.0,4,135.96,2024.0,2024-12-11 06:50:30.157539392+00:00,2024-09-04 22:46:40+00:00,4,82.19759999999998,8,277.0
13928,Carlos,Gomez,20.0,GDL,Premium,5,277.0,3,7.41,2024.0,2024-12-11 13:24:48.072018016+00:00,,3,7.41,5,277.0
13929,Mateo,Gomez,54.0,Medellín,Basico,3,245.0,2,9.29,2024.0,2024-12-11 19:59:05.986496624+00:00,,2,9.29,3,245.0
13930,Sofia,Garcia,39.0,Desconocido,Premium,7,401.0,7,42.05,2024.0,2024-12-12 02:33:23.900975248+00:00,,7,42.05,7,401.0
13931,Luis,Torres,79.0,Bogotá,Basico,6,298.0,3,25.06,2024.0,2024-12-12 09:07:41.815453872+00:00,,3,25.06,6,298.0
13932,Carlos,Gomez,34.0,Bogotá,Premium,11,603.0,3,5.6499999999999995,2024.0,2024-12-12 15:41:59.729932496+00:00,,3,5.6499999999999995,11,603.0
13933,Mariana,Torres,79.0,CDMX,Premium,3,133.0,9,31.020000000000003,2024.0,2024-12-12 22:16:17.644411104+00:00,,9,31.020000000000003,3,133.0
13934,Luis,Torres,31.0,Medellín,Basico,5,1604.0,2,8.05,2024.0,2024-12-13 04:50:35.558889728+00:00,,2,8.05,5,724.02
13935,Luis,Garcia,58.0,Medellín,Basico,5,221.0,8,19.63,2024.0,2024-12-13 11:24:53.473368352+00:00,2024-10-29 00:00:00+00:00,8,19.63,5,221.0
13936,Luis,Torres,79.0,Desconocido,Basico,3,123.0,4,12.27,2024.0,2024-12-13 17:59:11.387846960+00:00,,4,12.27,3,123.0
13937,Sofia,Lopez,52.0,MTY,Premium,8,487.0,2,16.54,2024.0,2024-12-14 00:33:29.302325584+00:00,2024-07-27 22:40:00+00:00,2,16.54,8,487.0
13938,Ana,Torres,75.0,Cali,Basico,2,92.0,2,11.129999999999999,2024.0,2024-12-14 07:07:47.216804208+00:00,,2,11.129999999999999,2,92.0
13939,Carlos,Garcia,30.0,Bogotá,Premium,6,278.0,6,34.3,2024.0,2024-12-14 13:42:05.131282832+00:00,,6,34.3,6,278.0
13940,Ana,Garcia,52.0,Bogotá,Premium,7,375.0,3,3.78,2024.0,2024-12-14 20:16:23.045761440+00:00,,3,3.78,7,375.0
13941,Ana,Garcia,60.0,Cali,Premium,5,224.0,4,12.620000000000001,2024.0,2024-12-15 02:50:40.960240064+00:00,,4,12.620000000000001,5,224.0
13942,Ana,Gomez,19.0,GDL,Premium,7,344.0,7,37.94,2024.0,2024-12-15 09:24:58.874718688+00:00,,7,37.94,7,344.0
13943,Luis,Lopez,73.0,MTY,Basico,5,286.0,6,36.36,2024.0,2024-12-15 15:59:16.789197312+00:00,,6,36.36,5,286.0
13944,Mateo,Gomez,64.0,Cali,Premium,7,398.0,8,46.47,2024.0,2024-12-15 22:33:34.703675920+00:00,,8,46.47,7,398.0
13945,Luis,Ramirez,30.0,Bogotá,Basico,7,303.0,3,133.97,2024.0,2024-12-16 05:07:52.618154544+00:00,,3,82.19759999999998,7,303.0
13946,Luis,Lopez,68.0,CDMX,Basico,6,331.0,6,26.85,2024.0,2024-12-16 11:42:10.532633168+00:00,,6,26.85,6,331.0
13947,Mariana,Torres,71.0,Bogotá,Basico,5,258.0,4,21.630000000000003,2024.0,2024-12-16 18:16:28.447111776+00:00,2024-06-16 23:20:00+00:00,4,21.630000000000003,5,258.0
13948,Mariana,Garcia,33.0,Bogotá,Premium,4,152.0,5,9.879999999999999,2024.0,2024-12-17 00:50:46.361590400+00:00,,5,9.879999999999999,4,152.0
13949,Ana,Ramirez,35.0,Desconocido,Premium,4,145.0,6,35.85,2024.0,2024-12-17 07:25:04.276069024+00:00,,6,35.85,4,145.0
13950,Luis,Lopez,24.0,GDL,Basico,3,160.0,5,25.94,2024.0,2024-12-17 13:59:22.190547648+00:00,,5,25.94,3,160.0
13951,Ana,Gomez,62.0,Cali,Premium,9,384.0,6,18.73,2024.0,2024-12-17 20:33:40.105026256+00:00,,6,18.73,9,384.0
13952,Mariana,Garcia,53.0,CDMX,Premium,3,122.0,7,24.61,2024.0,2024-12-18 03:07:58.019504880+00:00,,7,24.61,3,122.0
13953,Mateo,Gomez,58.0,GDL,Basico,0,0.0,7,155.69,2024.0,2024-12-18 09:42:15.933983504+00:00,,7,82.19759999999998,1,34.0
13954,Carlos,Lopez,47.0,GDL,Premium,6,303.0,4,25.29,2024.0,2024-12-18 16:16:33.848462128+00:00,,4,25.29,6,303.0
13955,Ana,Lopez,59.0,Desconocido,Basico,3,157.0,6,45.89,2024.0,2024-12-18 22:50:51.762940736+00:00,,6,45.89,3,157.0
13956,Mateo,Ramirez,58.0,GDL,Basico,5,269.0,1,4.07,2024.0,2024-12-19 05:25:09.677419360+00:00,,1,4.07,5,269.0
13957,Carlos,Torres,24.0,Cali,Premium,5,291.0,3,12.190000000000001,2024.0,2024-12-19 11:59:27.591897984+00:00,,3,12.190000000000001,5,291.0
13958,Sofia,Gomez,32.0,Bogotá,Basico,4,236.0,6,41.21,2024.0,2024-12-19 18:33:45.506376592+00:00,,6,41.21,4,236.0
13959,Ana,Ramirez,77.0,Desconocido,Basico,10,489.0,5,16.95,2024.0,2024-12-20 01:08:03.420855216+00:00,,5,16.95,10,489.0
13960,Ana,Garcia,57.0,Cali,Premium,5,243.0,5,18.009999999999998,2024.0,2024-12-20 07:42:21.335333840+00:00,,5,18.009999999999998,5,243.0
13961,Sofia,Torres,36.0,Medellín,Premium,11,393.0,9,53.28,2024.0,2024-12-20 14:16:39.249812464+00:00,,9,53.28,11,393.0
13962,Sofia,Ramirez,60.0,Desconocido,Basico,5,236.0,3,7.359999999999999,2024.0,2024-12-20 20:50:57.164291072+00:00,2024-07-30 22:53:20+00:00,3,7.359999999999999,5,236.0
13963,Ana,Gomez,54.0,Medellín,Basico,8,422.0,4,12.840000000000002,2024.0,2024-12-21 03:25:15.078769696+00:00,,4,12.840000000000002,8,422.0
13964,Sofia,Lopez,19.0,Cali,Basico,6,330.0,5,24.55,2024.0,2024-12-21 09:59:32.993248320+00:00,,5,24.55,6,330.0
13965,Luis,Garcia,59.0,GDL,Premium,5,183.0,1,12.32,2024.0,2024-12-21 16:33:50.907726944+00:00,,1,12.32,5,183.0
13966,Carlos,Gomez,65.0,CDMX,Basico,4,244.0,7,57.93,2024.0,2024-12-21 23:08:08.822205552+00:00,,7,57.93,4,244.0
13967,Carlos,Torres,72.0,Medellín,Basico,9,473.0,10,71.75999999999999,2024.0,2024-12-22 05:42:26.736684176+00:00,,10,71.75999999999999,9,473.0
13968,Carlos,Torres,30.0,Bogotá,Basico,8,364.0,4,26.990000000000002,2024.0,2024-12-22 12:16:44.651162800+00:00,,4,26.990000000000002,8,364.0
13969,Luis,Lopez,57.0,Bogotá,Basico,2,103.0,2,12.59,2024.0,2024-12-22 18:51:02.565641408+00:00,,2,12.59,2,103.0
13970,Sofia,Lopez,58.0,Bogotá,Basico,6,363.0,3,10.74,2024.0,2024-12-23 01:25:20.480120032+00:00,,3,10.74,6,363.0
13971,Mateo,Garcia,60.0,MTY,Basico,2,131.0,4,10.48,2024.0,2024-12-23 07:59:38.394598656+00:00,,4,10.48,2,131.0
13972,Sofia,Garcia,60.0,Medellín,Basico,3,134.0,6,44.62,2024.0,2024-12-23 14:33:56.309077280+00:00,,6,44.62,3,134.0
13973,Ana,Lopez,72.0,CDMX,Basico,7,211.0,5,21.34,2024.0,2024-12-23 21:08:14.223555888+00:00,,5,21.34,7,211.0
13974,Mariana,Lopez,75.0,Desconocido,Basico,7,336.0,5,44.28,2024.0,2024-12-24 03:42:32.138034512+00:00,,5,44.28,7,336.0
13975,Carlos,Torres,48.0,Desconocido,Basico,6,353.0,4,7.390000000000001,2024.0,2024-12-24 10:16:50.052513136+00:00,,4,7.390000000000001,6,353.0
13976,Sofia,Lopez,33.0,Desconocido,Basico,5,346.0,4,17.5,2024.0,2024-12-24 16:51:07.966991760+00:00,,4,17.5,5,346.0
13977,Mateo,Ramirez,59.0,MTY,Basico,0,0.0,7,48.34,2024.0,2024-12-24 23:25:25.881470368+00:00,,7,48.34,1,34.0
13978,Ana,Gomez,78.0,Bogotá,Basico,3,172.0,9,54.3,2024.0,2024-12-25 05:59:43.795948992+00:00,2024-08-02 23:06:40+00:00,9,54.3,3,172.0
13979,Luis,Lopez,73.0,Desconocido,Basico,8,412.0,3,9.3,2024.0,2024-12-25 12:34:01.710427616+00:00,2024-12-24 22:40:00+00:00,3,9.3,8,412.0
13980,Luis,Garcia,61.0,Desconocido,Basico,6,396.0,4,8.74,2024.0,2024-12-25 19:08:19.624906224+00:00,,4,8.74,6,396.0
13981,Mateo,Ramirez,74.0,Cali,Basico,6,363.0,3,14.6,2024.0,2024-12-26 01:42:37.539384848+00:00,,3,14.6,6,363.0
13982,Ana,Garcia,23.0,Bogotá,Basico,6,305.0,5,19.28,2024.0,2024-12-26 08:16:55.453863472+00:00,,5,19.28,6,305.0
13983,Carlos,Ramirez,45.0,Bogotá,Basico,6,326.0,3,8.9,2024.0,2024-12-26 14:51:13.368342096+00:00,,3,8.9,6,326.0
13984,Sofia,Lopez,49.0,Cali,Premium,4,195.0,8,17.72,2024.0,2024-12-26 21:25:31.282820704+00:00,,8,17.72,4,195.0
13985,Ana,Gomez,61.0,GDL,Basico,2,103.0,4,6.72,2024.0,2024-12-27 03:59:49.197299328+00:00,,4,6.72,2,103.0
13986,Luis,Garcia,27.0,Medellín,Premium,3,145.0,8,30.61,2024.0,2024-12-27 10:34:07.111777952+00:00,2024-09-15 00:26:40+00:00,8,30.61,3,145.0
13987,Mateo,Ramirez,67.0,Cali,Basico,3,196.0,8,33.230000000000004,2024.0,2024-12-27 17:08:25.026256576+00:00,,8,33.230000000000004,3,196.0
13988,Mateo,Torres,35.0,Medellín,Basico,9,424.0,3,12.98,,,,3,12.98,9,424.0
13989,Sofia,Lopez,21.0,Bogotá,Premium,9,396.0,2,5.83,2024.0,2024-12-28 06:17:00.855213808+00:00,,2,5.83,9,396.0
13990,Mateo,Gomez,48.0,Bogotá,Basico,5,282.0,7,29.560000000000002,2024.0,2024-12-28 12:51:18.769692432+00:00,,7,29.560000000000002,5,282.0
13991,Mateo,Lopez,26.0,Desconocido,Basico,3,100.0,4,12.700000000000001,2024.0,2024-12-28 19:25:36.684171056+00:00,,4,12.700000000000001,3,100.0
13992,Ana,Torres,24.0,Medellín,Premium,9,379.0,3,24.060000000000002,2024.0,2024-12-29 01:59:54.598649664+00:00,,3,24.060000000000002,9,379.0
13993,Carlos,Gomez,67.0,Cali,Basico,5,262.0,7,23.7,2024.0,2024-12-29 08:34:12.513128288+00:00,2024-11-16 01:20:00+00:00,7,23.7,5,262.0
13994,Sofia,Torres,25.0,Medellín,Basico,5,328.0,7,16.09,2024.0,2024-12-29 15:08:30.427606912+00:00,2024-07-16 00:33:20+00:00,7,16.09,5,328.0
13995,Ana,Lopez,60.0,Medellín,Basico,6,259.0,3,21.24,2024.0,2024-12-29 21:42:48.342085520+00:00,,3,21.24,6,259.0
13996,Carlos,Ramirez,24.0,Medellín,Premium,4,226.0,3,2.8099999999999996,2024.0,2024-12-30 04:17:06.256564144+00:00,,3,2.8099999999999996,4,226.0
13997,Ana,Lopez,58.0,Bogotá,Premium,5,294.0,3,11.34,2024.0,2024-12-30 10:51:24.171042768+00:00,,3,11.34,5,294.0
13998,Mariana,Lopez,57.0,Bogotá,Basico,6,328.0,6,22.95,2024.0,2024-12-30 17:25:42.085521392+00:00,,6,22.95,6,328.0
13999,Ana,Lopez,20.0,Bogotá,Basico,3,123.0,6,26.459999999999997,2024.0,2024-12-31 00:00:00+00:00,,6,26.459999999999997,3,123.0
